2022-11-02 09:00:12,163 DEBUG    root            Loaded Command Group: ['gcloud', 'components']
2022-11-02 09:00:12,170 DEBUG    root            Loaded Command Group: ['gcloud', 'components', 'update']
2022-11-02 09:00:12,174 DEBUG    root            Running [gcloud.components.update] with arguments: [--quiet: "True"]
2022-11-02 09:00:12,213 INFO     ___FILE_ONLY___ Beginning update. This process may take several minutes.

2022-11-02 09:00:12,241 DEBUG    urllib3.connectionpool Starting new HTTPS connection (1): dl.google.com:443
2022-11-02 09:00:12,368 DEBUG    urllib3.connectionpool https://dl.google.com:443 "GET /dl/cloudsdk/channels/rapid/components-2.json HTTP/1.1" 200 203446
2022-11-02 09:00:12,456 INFO     ___FILE_ONLY___ 

2022-11-02 09:00:12,458 INFO     ___FILE_ONLY___ 
Your current Google Cloud CLI version is: 400.0.0

2022-11-02 09:00:12,458 INFO     ___FILE_ONLY___ You will be upgraded to version: 408.0.0

2022-11-02 09:00:12,458 INFO     ___FILE_ONLY___ 

2022-11-02 09:00:12,477 INFO     ___FILE_ONLY___ ┌─────────────────────────────────────────────────────────────────────────────┐
2022-11-02 09:00:12,477 INFO     ___FILE_ONLY___ 

2022-11-02 09:00:12,477 INFO     ___FILE_ONLY___ │                      These components will be updated.                      │
2022-11-02 09:00:12,478 INFO     ___FILE_ONLY___ 

2022-11-02 09:00:12,478 INFO     ___FILE_ONLY___ ├─────────────────────────────────────────────────────┬────────────┬──────────┤
2022-11-02 09:00:12,478 INFO     ___FILE_ONLY___ 

2022-11-02 09:00:12,478 INFO     ___FILE_ONLY___ │                         Name                        │  Version   │   Size   │
2022-11-02 09:00:12,479 INFO     ___FILE_ONLY___ 

2022-11-02 09:00:12,479 INFO     ___FILE_ONLY___ ├─────────────────────────────────────────────────────┼────────────┼──────────┤
2022-11-02 09:00:12,479 INFO     ___FILE_ONLY___ 

2022-11-02 09:00:12,479 INFO     ___FILE_ONLY___ │ 
2022-11-02 09:00:12,479 INFO     ___FILE_ONLY___ BigQuery Command Line Tool                         
2022-11-02 09:00:12,479 INFO     ___FILE_ONLY___  
2022-11-02 09:00:12,480 INFO     ___FILE_ONLY___ │ 
2022-11-02 09:00:12,480 INFO     ___FILE_ONLY___     2.0.80
2022-11-02 09:00:12,480 INFO     ___FILE_ONLY___  
2022-11-02 09:00:12,480 INFO     ___FILE_ONLY___ │ 
2022-11-02 09:00:12,480 INFO     ___FILE_ONLY___  1.6 MiB
2022-11-02 09:00:12,480 INFO     ___FILE_ONLY___  
2022-11-02 09:00:12,481 INFO     ___FILE_ONLY___ │
2022-11-02 09:00:12,481 INFO     ___FILE_ONLY___ 

2022-11-02 09:00:12,481 INFO     ___FILE_ONLY___ │ 
2022-11-02 09:00:12,481 INFO     ___FILE_ONLY___ BigQuery Command Line Tool (Platform Specific)     
2022-11-02 09:00:12,482 INFO     ___FILE_ONLY___  
2022-11-02 09:00:12,482 INFO     ___FILE_ONLY___ │ 
2022-11-02 09:00:12,482 INFO     ___FILE_ONLY___     2.0.77
2022-11-02 09:00:12,482 INFO     ___FILE_ONLY___  
2022-11-02 09:00:12,482 INFO     ___FILE_ONLY___ │ 
2022-11-02 09:00:12,483 INFO     ___FILE_ONLY___  < 1 MiB
2022-11-02 09:00:12,483 INFO     ___FILE_ONLY___  
2022-11-02 09:00:12,483 INFO     ___FILE_ONLY___ │
2022-11-02 09:00:12,483 INFO     ___FILE_ONLY___ 

2022-11-02 09:00:12,484 INFO     ___FILE_ONLY___ │ 
2022-11-02 09:00:12,484 INFO     ___FILE_ONLY___ Cloud Storage Command Line Tool                    
2022-11-02 09:00:12,484 INFO     ___FILE_ONLY___  
2022-11-02 09:00:12,484 INFO     ___FILE_ONLY___ │ 
2022-11-02 09:00:12,484 INFO     ___FILE_ONLY___       5.16
2022-11-02 09:00:12,485 INFO     ___FILE_ONLY___  
2022-11-02 09:00:12,485 INFO     ___FILE_ONLY___ │ 
2022-11-02 09:00:12,486 INFO     ___FILE_ONLY___ 15.5 MiB
2022-11-02 09:00:12,486 INFO     ___FILE_ONLY___  
2022-11-02 09:00:12,486 INFO     ___FILE_ONLY___ │
2022-11-02 09:00:12,486 INFO     ___FILE_ONLY___ 

2022-11-02 09:00:12,486 INFO     ___FILE_ONLY___ │ 
2022-11-02 09:00:12,487 INFO     ___FILE_ONLY___ Cloud Storage Command Line Tool (Platform Specific)
2022-11-02 09:00:12,487 INFO     ___FILE_ONLY___  
2022-11-02 09:00:12,487 INFO     ___FILE_ONLY___ │ 
2022-11-02 09:00:12,487 INFO     ___FILE_ONLY___       5.13
2022-11-02 09:00:12,487 INFO     ___FILE_ONLY___  
2022-11-02 09:00:12,487 INFO     ___FILE_ONLY___ │ 
2022-11-02 09:00:12,487 INFO     ___FILE_ONLY___  < 1 MiB
2022-11-02 09:00:12,488 INFO     ___FILE_ONLY___  
2022-11-02 09:00:12,488 INFO     ___FILE_ONLY___ │
2022-11-02 09:00:12,488 INFO     ___FILE_ONLY___ 

2022-11-02 09:00:12,488 INFO     ___FILE_ONLY___ │ 
2022-11-02 09:00:12,488 INFO     ___FILE_ONLY___ Google Cloud CLI Core Libraries                    
2022-11-02 09:00:12,488 INFO     ___FILE_ONLY___  
2022-11-02 09:00:12,488 INFO     ___FILE_ONLY___ │ 
2022-11-02 09:00:12,488 INFO     ___FILE_ONLY___ 2022.10.28
2022-11-02 09:00:12,489 INFO     ___FILE_ONLY___  
2022-11-02 09:00:12,489 INFO     ___FILE_ONLY___ │ 
2022-11-02 09:00:12,489 INFO     ___FILE_ONLY___ 25.1 MiB
2022-11-02 09:00:12,489 INFO     ___FILE_ONLY___  
2022-11-02 09:00:12,489 INFO     ___FILE_ONLY___ │
2022-11-02 09:00:12,489 INFO     ___FILE_ONLY___ 

2022-11-02 09:00:12,489 INFO     ___FILE_ONLY___ │ 
2022-11-02 09:00:12,489 INFO     ___FILE_ONLY___ Google Cloud CLI Core Libraries (Platform Specific)
2022-11-02 09:00:12,490 INFO     ___FILE_ONLY___  
2022-11-02 09:00:12,490 INFO     ___FILE_ONLY___ │ 
2022-11-02 09:00:12,490 INFO     ___FILE_ONLY___ 2022.09.20
2022-11-02 09:00:12,490 INFO     ___FILE_ONLY___  
2022-11-02 09:00:12,490 INFO     ___FILE_ONLY___ │ 
2022-11-02 09:00:12,490 INFO     ___FILE_ONLY___  < 1 MiB
2022-11-02 09:00:12,490 INFO     ___FILE_ONLY___  
2022-11-02 09:00:12,490 INFO     ___FILE_ONLY___ │
2022-11-02 09:00:12,491 INFO     ___FILE_ONLY___ 

2022-11-02 09:00:12,491 INFO     ___FILE_ONLY___ │ 
2022-11-02 09:00:12,491 INFO     ___FILE_ONLY___ Minikube                                           
2022-11-02 09:00:12,491 INFO     ___FILE_ONLY___  
2022-11-02 09:00:12,491 INFO     ___FILE_ONLY___ │ 
2022-11-02 09:00:12,492 INFO     ___FILE_ONLY___     1.27.0
2022-11-02 09:00:12,492 INFO     ___FILE_ONLY___  
2022-11-02 09:00:12,492 INFO     ___FILE_ONLY___ │ 
2022-11-02 09:00:12,492 INFO     ___FILE_ONLY___ 30.9 MiB
2022-11-02 09:00:12,492 INFO     ___FILE_ONLY___  
2022-11-02 09:00:12,493 INFO     ___FILE_ONLY___ │
2022-11-02 09:00:12,493 INFO     ___FILE_ONLY___ 

2022-11-02 09:00:12,493 INFO     ___FILE_ONLY___ │ 
2022-11-02 09:00:12,493 INFO     ___FILE_ONLY___ Skaffold                                           
2022-11-02 09:00:12,494 INFO     ___FILE_ONLY___  
2022-11-02 09:00:12,494 INFO     ___FILE_ONLY___ │ 
2022-11-02 09:00:12,494 INFO     ___FILE_ONLY___     1.39.3
2022-11-02 09:00:12,494 INFO     ___FILE_ONLY___  
2022-11-02 09:00:12,494 INFO     ___FILE_ONLY___ │ 
2022-11-02 09:00:12,495 INFO     ___FILE_ONLY___ 21.3 MiB
2022-11-02 09:00:12,495 INFO     ___FILE_ONLY___  
2022-11-02 09:00:12,495 INFO     ___FILE_ONLY___ │
2022-11-02 09:00:12,495 INFO     ___FILE_ONLY___ 

2022-11-02 09:00:12,495 INFO     ___FILE_ONLY___ │ 
2022-11-02 09:00:12,495 INFO     ___FILE_ONLY___ anthoscli                                          
2022-11-02 09:00:12,495 INFO     ___FILE_ONLY___  
2022-11-02 09:00:12,496 INFO     ___FILE_ONLY___ │ 
2022-11-02 09:00:12,496 INFO     ___FILE_ONLY___     0.2.30
2022-11-02 09:00:12,496 INFO     ___FILE_ONLY___  
2022-11-02 09:00:12,496 INFO     ___FILE_ONLY___ │ 
2022-11-02 09:00:12,496 INFO     ___FILE_ONLY___ 39.4 MiB
2022-11-02 09:00:12,496 INFO     ___FILE_ONLY___  
2022-11-02 09:00:12,496 INFO     ___FILE_ONLY___ │
2022-11-02 09:00:12,496 INFO     ___FILE_ONLY___ 

2022-11-02 09:00:12,497 INFO     ___FILE_ONLY___ │ 
2022-11-02 09:00:12,497 INFO     ___FILE_ONLY___ gcloud Beta Commands                               
2022-11-02 09:00:12,497 INFO     ___FILE_ONLY___  
2022-11-02 09:00:12,497 INFO     ___FILE_ONLY___ │ 
2022-11-02 09:00:12,497 INFO     ___FILE_ONLY___ 2022.10.28
2022-11-02 09:00:12,497 INFO     ___FILE_ONLY___  
2022-11-02 09:00:12,497 INFO     ___FILE_ONLY___ │ 
2022-11-02 09:00:12,498 INFO     ___FILE_ONLY___  < 1 MiB
2022-11-02 09:00:12,498 INFO     ___FILE_ONLY___  
2022-11-02 09:00:12,498 INFO     ___FILE_ONLY___ │
2022-11-02 09:00:12,498 INFO     ___FILE_ONLY___ 

2022-11-02 09:00:12,498 INFO     ___FILE_ONLY___ │ 
2022-11-02 09:00:12,499 INFO     ___FILE_ONLY___ gcloud cli dependencies                            
2022-11-02 09:00:12,499 INFO     ___FILE_ONLY___  
2022-11-02 09:00:12,499 INFO     ___FILE_ONLY___ │ 
2022-11-02 09:00:12,500 INFO     ___FILE_ONLY___ 2022.10.28
2022-11-02 09:00:12,500 INFO     ___FILE_ONLY___  
2022-11-02 09:00:12,500 INFO     ___FILE_ONLY___ │ 
2022-11-02 09:00:12,500 INFO     ___FILE_ONLY___ 11.3 MiB
2022-11-02 09:00:12,501 INFO     ___FILE_ONLY___  
2022-11-02 09:00:12,501 INFO     ___FILE_ONLY___ │
2022-11-02 09:00:12,501 INFO     ___FILE_ONLY___ 

2022-11-02 09:00:12,502 INFO     ___FILE_ONLY___ │ 
2022-11-02 09:00:12,502 INFO     ___FILE_ONLY___ gke-gcloud-auth-plugin                             
2022-11-02 09:00:12,502 INFO     ___FILE_ONLY___  
2022-11-02 09:00:12,503 INFO     ___FILE_ONLY___ │ 
2022-11-02 09:00:12,503 INFO     ___FILE_ONLY___      0.4.0
2022-11-02 09:00:12,503 INFO     ___FILE_ONLY___  
2022-11-02 09:00:12,503 INFO     ___FILE_ONLY___ │ 
2022-11-02 09:00:12,503 INFO     ___FILE_ONLY___  7.5 MiB
2022-11-02 09:00:12,503 INFO     ___FILE_ONLY___  
2022-11-02 09:00:12,504 INFO     ___FILE_ONLY___ │
2022-11-02 09:00:12,504 INFO     ___FILE_ONLY___ 

2022-11-02 09:00:12,504 INFO     ___FILE_ONLY___ │ 
2022-11-02 09:00:12,504 INFO     ___FILE_ONLY___ kubectl                                            
2022-11-02 09:00:12,504 INFO     ___FILE_ONLY___  
2022-11-02 09:00:12,505 INFO     ___FILE_ONLY___ │ 
2022-11-02 09:00:12,505 INFO     ___FILE_ONLY___    1.22.14
2022-11-02 09:00:12,505 INFO     ___FILE_ONLY___  
2022-11-02 09:00:12,506 INFO     ___FILE_ONLY___ │ 
2022-11-02 09:00:12,506 INFO     ___FILE_ONLY___ 93.1 MiB
2022-11-02 09:00:12,506 INFO     ___FILE_ONLY___  
2022-11-02 09:00:12,506 INFO     ___FILE_ONLY___ │
2022-11-02 09:00:12,506 INFO     ___FILE_ONLY___ 

2022-11-02 09:00:12,506 INFO     ___FILE_ONLY___ │ 
2022-11-02 09:00:12,507 INFO     ___FILE_ONLY___ kubectl                                            
2022-11-02 09:00:12,507 INFO     ___FILE_ONLY___  
2022-11-02 09:00:12,507 INFO     ___FILE_ONLY___ │ 
2022-11-02 09:00:12,507 INFO     ___FILE_ONLY___    1.22.14
2022-11-02 09:00:12,508 INFO     ___FILE_ONLY___  
2022-11-02 09:00:12,508 INFO     ___FILE_ONLY___ │ 
2022-11-02 09:00:12,508 INFO     ___FILE_ONLY___  < 1 MiB
2022-11-02 09:00:12,508 INFO     ___FILE_ONLY___  
2022-11-02 09:00:12,508 INFO     ___FILE_ONLY___ │
2022-11-02 09:00:12,509 INFO     ___FILE_ONLY___ 

2022-11-02 09:00:12,509 INFO     ___FILE_ONLY___ └─────────────────────────────────────────────────────┴────────────┴──────────┘
2022-11-02 09:00:12,509 INFO     ___FILE_ONLY___ 

2022-11-02 09:00:12,510 INFO     ___FILE_ONLY___ 

2022-11-02 09:00:12,516 DEBUG    urllib3.connectionpool Starting new HTTPS connection (1): dl.google.com:443
2022-11-02 09:00:12,619 DEBUG    urllib3.connectionpool https://dl.google.com:443 "GET /dl/cloudsdk/channels/rapid/RELEASE_NOTES HTTP/1.1" 200 891542
2022-11-02 09:00:12,784 INFO     ___FILE_ONLY___ The following release notes are new in this upgrade.
Please read carefully for information about new features, breaking changes,
and bugs fixed.  The latest full release notes can be viewed at:
  https://cloud.google.com/sdk/release_notes


2022-11-02 09:00:12,785 INFO     ___FILE_ONLY___ [m
2022-11-02 09:00:12,786 INFO     ___FILE_ONLY___ [1m408.0.0 (2022-11-01)[m

2022-11-02 09:00:12,786 INFO     ___FILE_ONLY___ [m
2022-11-02 09:00:12,786 INFO     ___FILE_ONLY___   
2022-11-02 09:00:12,787 INFO     ___FILE_ONLY___ [1mBreaking Changes[m

2022-11-02 09:00:12,787 INFO     ___FILE_ONLY___       ▪
2022-11-02 09:00:12,787 INFO     ___FILE_ONLY___  
2022-11-02 09:00:12,787 INFO     ___FILE_ONLY___ **(Cloud
2022-11-02 09:00:12,787 INFO     ___FILE_ONLY___  
2022-11-02 09:00:12,788 INFO     ___FILE_ONLY___ Storage)**
2022-11-02 09:00:12,788 INFO     ___FILE_ONLY___  
2022-11-02 09:00:12,788 INFO     ___FILE_ONLY___ Lifecycle
2022-11-02 09:00:12,788 INFO     ___FILE_ONLY___  
2022-11-02 09:00:12,788 INFO     ___FILE_ONLY___ and
2022-11-02 09:00:12,788 INFO     ___FILE_ONLY___  
2022-11-02 09:00:12,788 INFO     ___FILE_ONLY___ CORS
2022-11-02 09:00:12,789 INFO     ___FILE_ONLY___  
2022-11-02 09:00:12,789 INFO     ___FILE_ONLY___ settings
2022-11-02 09:00:12,789 INFO     ___FILE_ONLY___  
2022-11-02 09:00:12,789 INFO     ___FILE_ONLY___ files
2022-11-02 09:00:12,789 INFO     ___FILE_ONLY___  
2022-11-02 09:00:12,789 INFO     ___FILE_ONLY___ now
2022-11-02 09:00:12,789 INFO     ___FILE_ONLY___  
2022-11-02 09:00:12,790 INFO     ___FILE_ONLY___ use
2022-11-02 09:00:12,790 INFO     ___FILE_ONLY___  
2022-11-02 09:00:12,790 INFO     ___FILE_ONLY___ camel
2022-11-02 09:00:12,790 INFO     ___FILE_ONLY___ 

2022-11-02 09:00:12,790 INFO     ___FILE_ONLY___         
2022-11-02 09:00:12,790 INFO     ___FILE_ONLY___ case
2022-11-02 09:00:12,790 INFO     ___FILE_ONLY___  
2022-11-02 09:00:12,791 INFO     ___FILE_ONLY___ instead
2022-11-02 09:00:12,791 INFO     ___FILE_ONLY___  
2022-11-02 09:00:12,791 INFO     ___FILE_ONLY___ of
2022-11-02 09:00:12,791 INFO     ___FILE_ONLY___  
2022-11-02 09:00:12,791 INFO     ___FILE_ONLY___ snake
2022-11-02 09:00:12,792 INFO     ___FILE_ONLY___  
2022-11-02 09:00:12,792 INFO     ___FILE_ONLY___ case
2022-11-02 09:00:12,792 INFO     ___FILE_ONLY___  
2022-11-02 09:00:12,792 INFO     ___FILE_ONLY___ to
2022-11-02 09:00:12,792 INFO     ___FILE_ONLY___  
2022-11-02 09:00:12,792 INFO     ___FILE_ONLY___ match
2022-11-02 09:00:12,792 INFO     ___FILE_ONLY___  
2022-11-02 09:00:12,792 INFO     ___FILE_ONLY___ the
2022-11-02 09:00:12,793 INFO     ___FILE_ONLY___  
2022-11-02 09:00:12,793 INFO     ___FILE_ONLY___ API
2022-11-02 09:00:12,793 INFO     ___FILE_ONLY___  
2022-11-02 09:00:12,793 INFO     ___FILE_ONLY___ documentation.
2022-11-02 09:00:12,793 INFO     ___FILE_ONLY___  
2022-11-02 09:00:12,793 INFO     ___FILE_ONLY___ Example:
2022-11-02 09:00:12,794 INFO     ___FILE_ONLY___ 

2022-11-02 09:00:12,794 INFO     ___FILE_ONLY___         
2022-11-02 09:00:12,794 INFO     ___FILE_ONLY___ <http://cloud/storage/docs/json_api/v1/buckets#lifecycle>.
2022-11-02 09:00:12,794 INFO     ___FILE_ONLY___ 

2022-11-02 09:00:12,794 INFO     ___FILE_ONLY___ 

2022-11-02 09:00:12,794 INFO     ___FILE_ONLY___ [m
2022-11-02 09:00:12,795 INFO     ___FILE_ONLY___   
2022-11-02 09:00:12,795 INFO     ___FILE_ONLY___ [1mAI[m

2022-11-02 09:00:12,795 INFO     ___FILE_ONLY___       ▪
2022-11-02 09:00:12,795 INFO     ___FILE_ONLY___  
2022-11-02 09:00:12,796 INFO     ___FILE_ONLY___ Added
2022-11-02 09:00:12,796 INFO     ___FILE_ONLY___  
2022-11-02 09:00:12,796 INFO     ___FILE_ONLY___ more
2022-11-02 09:00:12,796 INFO     ___FILE_ONLY___  
2022-11-02 09:00:12,796 INFO     ___FILE_ONLY___ available
2022-11-02 09:00:12,796 INFO     ___FILE_ONLY___  
2022-11-02 09:00:12,796 INFO     ___FILE_ONLY___ regions
2022-11-02 09:00:12,797 INFO     ___FILE_ONLY___  
2022-11-02 09:00:12,797 INFO     ___FILE_ONLY___ to
2022-11-02 09:00:12,797 INFO     ___FILE_ONLY___  
2022-11-02 09:00:12,797 INFO     ___FILE_ONLY___ [1mgcloud
2022-11-02 09:00:12,797 INFO     ___FILE_ONLY___  
2022-11-02 09:00:12,797 INFO     ___FILE_ONLY___ ai
2022-11-02 09:00:12,797 INFO     ___FILE_ONLY___  
2022-11-02 09:00:12,798 INFO     ___FILE_ONLY___ model-monitoring-jobs[m.
2022-11-02 09:00:12,798 INFO     ___FILE_ONLY___ 

2022-11-02 09:00:12,798 INFO     ___FILE_ONLY___       ▪
2022-11-02 09:00:12,798 INFO     ___FILE_ONLY___  
2022-11-02 09:00:12,798 INFO     ___FILE_ONLY___ Added
2022-11-02 09:00:12,799 INFO     ___FILE_ONLY___  
2022-11-02 09:00:12,799 INFO     ___FILE_ONLY___ [1m--version-description[m
2022-11-02 09:00:12,799 INFO     ___FILE_ONLY___  
2022-11-02 09:00:12,799 INFO     ___FILE_ONLY___ flag
2022-11-02 09:00:12,799 INFO     ___FILE_ONLY___  
2022-11-02 09:00:12,800 INFO     ___FILE_ONLY___ to
2022-11-02 09:00:12,800 INFO     ___FILE_ONLY___  
2022-11-02 09:00:12,800 INFO     ___FILE_ONLY___ [1mgcloud
2022-11-02 09:00:12,800 INFO     ___FILE_ONLY___  
2022-11-02 09:00:12,800 INFO     ___FILE_ONLY___ ai
2022-11-02 09:00:12,800 INFO     ___FILE_ONLY___  
2022-11-02 09:00:12,801 INFO     ___FILE_ONLY___ models
2022-11-02 09:00:12,801 INFO     ___FILE_ONLY___  
2022-11-02 09:00:12,801 INFO     ___FILE_ONLY___ upload[m
2022-11-02 09:00:12,801 INFO     ___FILE_ONLY___  
2022-11-02 09:00:12,802 INFO     ___FILE_ONLY___ to
2022-11-02 09:00:12,802 INFO     ___FILE_ONLY___ 

2022-11-02 09:00:12,802 INFO     ___FILE_ONLY___         
2022-11-02 09:00:12,802 INFO     ___FILE_ONLY___ support
2022-11-02 09:00:12,802 INFO     ___FILE_ONLY___  
2022-11-02 09:00:12,803 INFO     ___FILE_ONLY___ setting
2022-11-02 09:00:12,803 INFO     ___FILE_ONLY___  
2022-11-02 09:00:12,803 INFO     ___FILE_ONLY___ model
2022-11-02 09:00:12,803 INFO     ___FILE_ONLY___  
2022-11-02 09:00:12,803 INFO     ___FILE_ONLY___ version
2022-11-02 09:00:12,803 INFO     ___FILE_ONLY___  
2022-11-02 09:00:12,804 INFO     ___FILE_ONLY___ description.
2022-11-02 09:00:12,804 INFO     ___FILE_ONLY___ 

2022-11-02 09:00:12,804 INFO     ___FILE_ONLY___ 

2022-11-02 09:00:12,804 INFO     ___FILE_ONLY___ [m
2022-11-02 09:00:12,804 INFO     ___FILE_ONLY___   
2022-11-02 09:00:12,804 INFO     ___FILE_ONLY___ [1mBigQuery[m

2022-11-02 09:00:12,805 INFO     ___FILE_ONLY___       ▪
2022-11-02 09:00:12,805 INFO     ___FILE_ONLY___  
2022-11-02 09:00:12,805 INFO     ___FILE_ONLY___ Add
2022-11-02 09:00:12,805 INFO     ___FILE_ONLY___  
2022-11-02 09:00:12,805 INFO     ___FILE_ONLY___ missing
2022-11-02 09:00:12,805 INFO     ___FILE_ONLY___  
2022-11-02 09:00:12,806 INFO     ___FILE_ONLY___ open
2022-11-02 09:00:12,806 INFO     ___FILE_ONLY___  
2022-11-02 09:00:12,806 INFO     ___FILE_ONLY___ source
2022-11-02 09:00:12,806 INFO     ___FILE_ONLY___  
2022-11-02 09:00:12,806 INFO     ___FILE_ONLY___ licenses.
2022-11-02 09:00:12,806 INFO     ___FILE_ONLY___ 

2022-11-02 09:00:12,806 INFO     ___FILE_ONLY___       ▪
2022-11-02 09:00:12,807 INFO     ___FILE_ONLY___  
2022-11-02 09:00:12,807 INFO     ___FILE_ONLY___ Expose
2022-11-02 09:00:12,807 INFO     ___FILE_ONLY___  
2022-11-02 09:00:12,807 INFO     ___FILE_ONLY___ Iceberg
2022-11-02 09:00:12,807 INFO     ___FILE_ONLY___  
2022-11-02 09:00:12,807 INFO     ___FILE_ONLY___ for
2022-11-02 09:00:12,808 INFO     ___FILE_ONLY___  
2022-11-02 09:00:12,808 INFO     ___FILE_ONLY___ public
2022-11-02 09:00:12,808 INFO     ___FILE_ONLY___  
2022-11-02 09:00:12,809 INFO     ___FILE_ONLY___ preview.
2022-11-02 09:00:12,809 INFO     ___FILE_ONLY___ 

2022-11-02 09:00:12,809 INFO     ___FILE_ONLY___ 

2022-11-02 09:00:12,809 INFO     ___FILE_ONLY___ [m
2022-11-02 09:00:12,809 INFO     ___FILE_ONLY___   
2022-11-02 09:00:12,809 INFO     ___FILE_ONLY___ [1mCloud Composer[m

2022-11-02 09:00:12,810 INFO     ___FILE_ONLY___       ▪
2022-11-02 09:00:12,810 INFO     ___FILE_ONLY___  
2022-11-02 09:00:12,810 INFO     ___FILE_ONLY___ Added
2022-11-02 09:00:12,811 INFO     ___FILE_ONLY___  
2022-11-02 09:00:12,811 INFO     ___FILE_ONLY___ [1m--connection-type[m
2022-11-02 09:00:12,811 INFO     ___FILE_ONLY___  
2022-11-02 09:00:12,811 INFO     ___FILE_ONLY___ flag
2022-11-02 09:00:12,811 INFO     ___FILE_ONLY___  
2022-11-02 09:00:12,812 INFO     ___FILE_ONLY___ to
2022-11-02 09:00:12,812 INFO     ___FILE_ONLY___  
2022-11-02 09:00:12,812 INFO     ___FILE_ONLY___ [1mgcloud
2022-11-02 09:00:12,812 INFO     ___FILE_ONLY___  
2022-11-02 09:00:12,812 INFO     ___FILE_ONLY___ beta
2022-11-02 09:00:12,812 INFO     ___FILE_ONLY___  
2022-11-02 09:00:12,812 INFO     ___FILE_ONLY___ composer
2022-11-02 09:00:12,813 INFO     ___FILE_ONLY___  
2022-11-02 09:00:12,813 INFO     ___FILE_ONLY___ environments
2022-11-02 09:00:12,813 INFO     ___FILE_ONLY___ 

2022-11-02 09:00:12,813 INFO     ___FILE_ONLY___         
2022-11-02 09:00:12,813 INFO     ___FILE_ONLY___ create[m
2022-11-02 09:00:12,814 INFO     ___FILE_ONLY___  
2022-11-02 09:00:12,814 INFO     ___FILE_ONLY___ and
2022-11-02 09:00:12,814 INFO     ___FILE_ONLY___  
2022-11-02 09:00:12,814 INFO     ___FILE_ONLY___ [1mgcloud
2022-11-02 09:00:12,814 INFO     ___FILE_ONLY___  
2022-11-02 09:00:12,814 INFO     ___FILE_ONLY___ composer
2022-11-02 09:00:12,814 INFO     ___FILE_ONLY___  
2022-11-02 09:00:12,815 INFO     ___FILE_ONLY___ environments
2022-11-02 09:00:12,815 INFO     ___FILE_ONLY___  
2022-11-02 09:00:12,815 INFO     ___FILE_ONLY___ create[m
2022-11-02 09:00:12,815 INFO     ___FILE_ONLY___  
2022-11-02 09:00:12,815 INFO     ___FILE_ONLY___ command
2022-11-02 09:00:12,816 INFO     ___FILE_ONLY___  
2022-11-02 09:00:12,816 INFO     ___FILE_ONLY___ to
2022-11-02 09:00:12,816 INFO     ___FILE_ONLY___  
2022-11-02 09:00:12,816 INFO     ___FILE_ONLY___ allow
2022-11-02 09:00:12,816 INFO     ___FILE_ONLY___  
2022-11-02 09:00:12,817 INFO     ___FILE_ONLY___ forcing
2022-11-02 09:00:12,817 INFO     ___FILE_ONLY___ 

2022-11-02 09:00:12,817 INFO     ___FILE_ONLY___         
2022-11-02 09:00:12,817 INFO     ___FILE_ONLY___ the
2022-11-02 09:00:12,817 INFO     ___FILE_ONLY___  
2022-11-02 09:00:12,818 INFO     ___FILE_ONLY___ use
2022-11-02 09:00:12,818 INFO     ___FILE_ONLY___  
2022-11-02 09:00:12,818 INFO     ___FILE_ONLY___ of
2022-11-02 09:00:12,818 INFO     ___FILE_ONLY___  
2022-11-02 09:00:12,818 INFO     ___FILE_ONLY___ VPC
2022-11-02 09:00:12,818 INFO     ___FILE_ONLY___  
2022-11-02 09:00:12,818 INFO     ___FILE_ONLY___ peerings
2022-11-02 09:00:12,819 INFO     ___FILE_ONLY___  
2022-11-02 09:00:12,819 INFO     ___FILE_ONLY___ for
2022-11-02 09:00:12,819 INFO     ___FILE_ONLY___  
2022-11-02 09:00:12,819 INFO     ___FILE_ONLY___ internal
2022-11-02 09:00:12,819 INFO     ___FILE_ONLY___  
2022-11-02 09:00:12,819 INFO     ___FILE_ONLY___ communication.
2022-11-02 09:00:12,820 INFO     ___FILE_ONLY___ 

2022-11-02 09:00:12,820 INFO     ___FILE_ONLY___ 

2022-11-02 09:00:12,820 INFO     ___FILE_ONLY___ [m
2022-11-02 09:00:12,820 INFO     ___FILE_ONLY___   
2022-11-02 09:00:12,820 INFO     ___FILE_ONLY___ [1mCloud Deploy[m

2022-11-02 09:00:12,821 INFO     ___FILE_ONLY___       ▪
2022-11-02 09:00:12,821 INFO     ___FILE_ONLY___  
2022-11-02 09:00:12,821 INFO     ___FILE_ONLY___ Added
2022-11-02 09:00:12,821 INFO     ___FILE_ONLY___  
2022-11-02 09:00:12,821 INFO     ___FILE_ONLY___ [1minitial-rollout-labels[m
2022-11-02 09:00:12,822 INFO     ___FILE_ONLY___  
2022-11-02 09:00:12,822 INFO     ___FILE_ONLY___ and
2022-11-02 09:00:12,822 INFO     ___FILE_ONLY___  
2022-11-02 09:00:12,822 INFO     ___FILE_ONLY___ [1minitial-rollout-annotations[m
2022-11-02 09:00:12,822 INFO     ___FILE_ONLY___  
2022-11-02 09:00:12,822 INFO     ___FILE_ONLY___ flags
2022-11-02 09:00:12,823 INFO     ___FILE_ONLY___  
2022-11-02 09:00:12,823 INFO     ___FILE_ONLY___ to
2022-11-02 09:00:12,823 INFO     ___FILE_ONLY___ 

2022-11-02 09:00:12,823 INFO     ___FILE_ONLY___         
2022-11-02 09:00:12,823 INFO     ___FILE_ONLY___ [1mgcloud
2022-11-02 09:00:12,824 INFO     ___FILE_ONLY___  
2022-11-02 09:00:12,824 INFO     ___FILE_ONLY___ deploy
2022-11-02 09:00:12,824 INFO     ___FILE_ONLY___  
2022-11-02 09:00:12,824 INFO     ___FILE_ONLY___ releases
2022-11-02 09:00:12,824 INFO     ___FILE_ONLY___  
2022-11-02 09:00:12,825 INFO     ___FILE_ONLY___ create[m
2022-11-02 09:00:12,825 INFO     ___FILE_ONLY___  
2022-11-02 09:00:12,825 INFO     ___FILE_ONLY___ command.
2022-11-02 09:00:12,825 INFO     ___FILE_ONLY___ 

2022-11-02 09:00:12,825 INFO     ___FILE_ONLY___ 

2022-11-02 09:00:12,826 INFO     ___FILE_ONLY___ [m
2022-11-02 09:00:12,826 INFO     ___FILE_ONLY___   
2022-11-02 09:00:12,826 INFO     ___FILE_ONLY___ [1mCloud SQL[m

2022-11-02 09:00:12,826 INFO     ___FILE_ONLY___       ▪
2022-11-02 09:00:12,827 INFO     ___FILE_ONLY___  
2022-11-02 09:00:12,827 INFO     ___FILE_ONLY___ Promoted
2022-11-02 09:00:12,827 INFO     ___FILE_ONLY___  
2022-11-02 09:00:12,827 INFO     ___FILE_ONLY___ [1m--connector_enforcement[m
2022-11-02 09:00:12,827 INFO     ___FILE_ONLY___  
2022-11-02 09:00:12,828 INFO     ___FILE_ONLY___ flag
2022-11-02 09:00:12,828 INFO     ___FILE_ONLY___  
2022-11-02 09:00:12,828 INFO     ___FILE_ONLY___ for
2022-11-02 09:00:12,828 INFO     ___FILE_ONLY___  
2022-11-02 09:00:12,828 INFO     ___FILE_ONLY___ [1mgcloud
2022-11-02 09:00:12,829 INFO     ___FILE_ONLY___  
2022-11-02 09:00:12,829 INFO     ___FILE_ONLY___ sql
2022-11-02 09:00:12,829 INFO     ___FILE_ONLY___  
2022-11-02 09:00:12,829 INFO     ___FILE_ONLY___ instances
2022-11-02 09:00:12,829 INFO     ___FILE_ONLY___  
2022-11-02 09:00:12,829 INFO     ___FILE_ONLY___ create[m
2022-11-02 09:00:12,829 INFO     ___FILE_ONLY___ 

2022-11-02 09:00:12,829 INFO     ___FILE_ONLY___         
2022-11-02 09:00:12,830 INFO     ___FILE_ONLY___ and
2022-11-02 09:00:12,830 INFO     ___FILE_ONLY___  
2022-11-02 09:00:12,830 INFO     ___FILE_ONLY___ [1mgcloud
2022-11-02 09:00:12,830 INFO     ___FILE_ONLY___  
2022-11-02 09:00:12,830 INFO     ___FILE_ONLY___ sql
2022-11-02 09:00:12,831 INFO     ___FILE_ONLY___  
2022-11-02 09:00:12,831 INFO     ___FILE_ONLY___ instances
2022-11-02 09:00:12,831 INFO     ___FILE_ONLY___  
2022-11-02 09:00:12,831 INFO     ___FILE_ONLY___ patch[m
2022-11-02 09:00:12,831 INFO     ___FILE_ONLY___  
2022-11-02 09:00:12,831 INFO     ___FILE_ONLY___ to
2022-11-02 09:00:12,832 INFO     ___FILE_ONLY___  
2022-11-02 09:00:12,832 INFO     ___FILE_ONLY___ GA.
2022-11-02 09:00:12,832 INFO     ___FILE_ONLY___ 

2022-11-02 09:00:12,832 INFO     ___FILE_ONLY___ 

2022-11-02 09:00:12,833 INFO     ___FILE_ONLY___ [m
2022-11-02 09:00:12,833 INFO     ___FILE_ONLY___   
2022-11-02 09:00:12,833 INFO     ___FILE_ONLY___ [1mCloud Storage[m

2022-11-02 09:00:12,833 INFO     ___FILE_ONLY___       ▪
2022-11-02 09:00:12,834 INFO     ___FILE_ONLY___  
2022-11-02 09:00:12,834 INFO     ___FILE_ONLY___ Updated
2022-11-02 09:00:12,834 INFO     ___FILE_ONLY___  
2022-11-02 09:00:12,834 INFO     ___FILE_ONLY___ gsutil
2022-11-02 09:00:12,834 INFO     ___FILE_ONLY___  
2022-11-02 09:00:12,834 INFO     ___FILE_ONLY___ component
2022-11-02 09:00:12,835 INFO     ___FILE_ONLY___  
2022-11-02 09:00:12,835 INFO     ___FILE_ONLY___ to
2022-11-02 09:00:12,835 INFO     ___FILE_ONLY___  
2022-11-02 09:00:12,835 INFO     ___FILE_ONLY___ 5.16.
2022-11-02 09:00:12,835 INFO     ___FILE_ONLY___ 

2022-11-02 09:00:12,835 INFO     ___FILE_ONLY___ 

2022-11-02 09:00:12,836 INFO     ___FILE_ONLY___ [m
2022-11-02 09:00:12,836 INFO     ___FILE_ONLY___   
2022-11-02 09:00:12,836 INFO     ___FILE_ONLY___ [1mCompute Engine[m

2022-11-02 09:00:12,836 INFO     ___FILE_ONLY___       ▪
2022-11-02 09:00:12,836 INFO     ___FILE_ONLY___  
2022-11-02 09:00:12,837 INFO     ___FILE_ONLY___ Promoted
2022-11-02 09:00:12,837 INFO     ___FILE_ONLY___  
2022-11-02 09:00:12,837 INFO     ___FILE_ONLY___ [1m--discard-local-ssd[m
2022-11-02 09:00:12,837 INFO     ___FILE_ONLY___  
2022-11-02 09:00:12,837 INFO     ___FILE_ONLY___ flag
2022-11-02 09:00:12,838 INFO     ___FILE_ONLY___  
2022-11-02 09:00:12,838 INFO     ___FILE_ONLY___ of
2022-11-02 09:00:12,838 INFO     ___FILE_ONLY___  
2022-11-02 09:00:12,838 INFO     ___FILE_ONLY___ [1mgcloud
2022-11-02 09:00:12,838 INFO     ___FILE_ONLY___  
2022-11-02 09:00:12,839 INFO     ___FILE_ONLY___ compute
2022-11-02 09:00:12,839 INFO     ___FILE_ONLY___  
2022-11-02 09:00:12,839 INFO     ___FILE_ONLY___ instances
2022-11-02 09:00:12,839 INFO     ___FILE_ONLY___  
2022-11-02 09:00:12,839 INFO     ___FILE_ONLY___ stop[m
2022-11-02 09:00:12,839 INFO     ___FILE_ONLY___  
2022-11-02 09:00:12,840 INFO     ___FILE_ONLY___ to
2022-11-02 09:00:12,840 INFO     ___FILE_ONLY___ 

2022-11-02 09:00:12,840 INFO     ___FILE_ONLY___         
2022-11-02 09:00:12,840 INFO     ___FILE_ONLY___ beta.
2022-11-02 09:00:12,840 INFO     ___FILE_ONLY___ 

2022-11-02 09:00:12,840 INFO     ___FILE_ONLY___       ▪
2022-11-02 09:00:12,841 INFO     ___FILE_ONLY___  
2022-11-02 09:00:12,841 INFO     ___FILE_ONLY___ Promoted
2022-11-02 09:00:12,841 INFO     ___FILE_ONLY___  
2022-11-02 09:00:12,841 INFO     ___FILE_ONLY___ [1m--force-update-on-repair[m
2022-11-02 09:00:12,841 INFO     ___FILE_ONLY___  
2022-11-02 09:00:12,842 INFO     ___FILE_ONLY___ flag
2022-11-02 09:00:12,842 INFO     ___FILE_ONLY___  
2022-11-02 09:00:12,842 INFO     ___FILE_ONLY___ of
2022-11-02 09:00:12,842 INFO     ___FILE_ONLY___  
2022-11-02 09:00:12,842 INFO     ___FILE_ONLY___ [1mgcloud
2022-11-02 09:00:12,842 INFO     ___FILE_ONLY___  
2022-11-02 09:00:12,842 INFO     ___FILE_ONLY___ compute
2022-11-02 09:00:12,842 INFO     ___FILE_ONLY___ 

2022-11-02 09:00:12,843 INFO     ___FILE_ONLY___         
2022-11-02 09:00:12,843 INFO     ___FILE_ONLY___ instance-groups
2022-11-02 09:00:12,843 INFO     ___FILE_ONLY___  
2022-11-02 09:00:12,843 INFO     ___FILE_ONLY___ managed
2022-11-02 09:00:12,843 INFO     ___FILE_ONLY___  
2022-11-02 09:00:12,843 INFO     ___FILE_ONLY___ <create
2022-11-02 09:00:12,843 INFO     ___FILE_ONLY___  
2022-11-02 09:00:12,843 INFO     ___FILE_ONLY___ |
2022-11-02 09:00:12,845 INFO     ___FILE_ONLY___  
2022-11-02 09:00:12,845 INFO     ___FILE_ONLY___ update>[m
2022-11-02 09:00:12,845 INFO     ___FILE_ONLY___  
2022-11-02 09:00:12,845 INFO     ___FILE_ONLY___ to
2022-11-02 09:00:12,846 INFO     ___FILE_ONLY___  
2022-11-02 09:00:12,846 INFO     ___FILE_ONLY___ beta.
2022-11-02 09:00:12,846 INFO     ___FILE_ONLY___ 

2022-11-02 09:00:12,846 INFO     ___FILE_ONLY___       ▪
2022-11-02 09:00:12,846 INFO     ___FILE_ONLY___  
2022-11-02 09:00:12,846 INFO     ___FILE_ONLY___ Fixed
2022-11-02 09:00:12,847 INFO     ___FILE_ONLY___  
2022-11-02 09:00:12,847 INFO     ___FILE_ONLY___ missing
2022-11-02 09:00:12,847 INFO     ___FILE_ONLY___  
2022-11-02 09:00:12,847 INFO     ___FILE_ONLY___ ephemeral
2022-11-02 09:00:12,853 INFO     ___FILE_ONLY___  
2022-11-02 09:00:12,853 INFO     ___FILE_ONLY___ IP
2022-11-02 09:00:12,854 INFO     ___FILE_ONLY___  
2022-11-02 09:00:12,854 INFO     ___FILE_ONLY___ when
2022-11-02 09:00:12,854 INFO     ___FILE_ONLY___  
2022-11-02 09:00:12,854 INFO     ___FILE_ONLY___ neither
2022-11-02 09:00:12,854 INFO     ___FILE_ONLY___  
2022-11-02 09:00:12,854 INFO     ___FILE_ONLY___ [1m--address[m
2022-11-02 09:00:12,858 INFO     ___FILE_ONLY___  
2022-11-02 09:00:12,860 INFO     ___FILE_ONLY___ nor
2022-11-02 09:00:12,860 INFO     ___FILE_ONLY___  
2022-11-02 09:00:12,861 INFO     ___FILE_ONLY___ [1m--no-address[m
2022-11-02 09:00:12,861 INFO     ___FILE_ONLY___ 

2022-11-02 09:00:12,861 INFO     ___FILE_ONLY___         
2022-11-02 09:00:12,861 INFO     ___FILE_ONLY___ keys
2022-11-02 09:00:12,861 INFO     ___FILE_ONLY___  
2022-11-02 09:00:12,862 INFO     ___FILE_ONLY___ are
2022-11-02 09:00:12,863 INFO     ___FILE_ONLY___  
2022-11-02 09:00:12,863 INFO     ___FILE_ONLY___ provided
2022-11-02 09:00:12,863 INFO     ___FILE_ONLY___  
2022-11-02 09:00:12,863 INFO     ___FILE_ONLY___ with
2022-11-02 09:00:12,863 INFO     ___FILE_ONLY___  
2022-11-02 09:00:12,863 INFO     ___FILE_ONLY___ [1m--network-interface[m
2022-11-02 09:00:12,863 INFO     ___FILE_ONLY___  
2022-11-02 09:00:12,864 INFO     ___FILE_ONLY___ flag
2022-11-02 09:00:12,864 INFO     ___FILE_ONLY___  
2022-11-02 09:00:12,864 INFO     ___FILE_ONLY___ during
2022-11-02 09:00:12,864 INFO     ___FILE_ONLY___  
2022-11-02 09:00:12,864 INFO     ___FILE_ONLY___ instance
2022-11-02 09:00:12,864 INFO     ___FILE_ONLY___ 

2022-11-02 09:00:12,864 INFO     ___FILE_ONLY___         
2022-11-02 09:00:12,865 INFO     ___FILE_ONLY___ template
2022-11-02 09:00:12,865 INFO     ___FILE_ONLY___  
2022-11-02 09:00:12,865 INFO     ___FILE_ONLY___ creation.
2022-11-02 09:00:12,865 INFO     ___FILE_ONLY___ 

2022-11-02 09:00:12,866 INFO     ___FILE_ONLY___ 

2022-11-02 09:00:12,866 INFO     ___FILE_ONLY___ [m
2022-11-02 09:00:12,867 INFO     ___FILE_ONLY___   
2022-11-02 09:00:12,868 INFO     ___FILE_ONLY___ [1mGKE Hub[m

2022-11-02 09:00:12,870 INFO     ___FILE_ONLY___       ▪
2022-11-02 09:00:12,870 INFO     ___FILE_ONLY___  
2022-11-02 09:00:12,870 INFO     ___FILE_ONLY___ Changed
2022-11-02 09:00:12,871 INFO     ___FILE_ONLY___  
2022-11-02 09:00:12,903 INFO     ___FILE_ONLY___ membership-related
2022-11-02 09:00:12,903 INFO     ___FILE_ONLY___  
2022-11-02 09:00:12,903 INFO     ___FILE_ONLY___ flags
2022-11-02 09:00:12,908 INFO     ___FILE_ONLY___  
2022-11-02 09:00:12,908 INFO     ___FILE_ONLY___ in
2022-11-02 09:00:12,908 INFO     ___FILE_ONLY___  
2022-11-02 09:00:12,908 INFO     ___FILE_ONLY___ [1mgcloud
2022-11-02 09:00:12,909 INFO     ___FILE_ONLY___  
2022-11-02 09:00:12,909 INFO     ___FILE_ONLY___ container
2022-11-02 09:00:12,909 INFO     ___FILE_ONLY___  
2022-11-02 09:00:12,916 INFO     ___FILE_ONLY___ fleet[m
2022-11-02 09:00:12,916 INFO     ___FILE_ONLY___  
2022-11-02 09:00:12,917 INFO     ___FILE_ONLY___ and
2022-11-02 09:00:12,917 INFO     ___FILE_ONLY___  
2022-11-02 09:00:12,917 INFO     ___FILE_ONLY___ [1mgcloud
2022-11-02 09:00:12,917 INFO     ___FILE_ONLY___ 

2022-11-02 09:00:12,917 INFO     ___FILE_ONLY___         
2022-11-02 09:00:12,917 INFO     ___FILE_ONLY___ container
2022-11-02 09:00:12,917 INFO     ___FILE_ONLY___  
2022-11-02 09:00:12,917 INFO     ___FILE_ONLY___ hub[m
2022-11-02 09:00:12,918 INFO     ___FILE_ONLY___  
2022-11-02 09:00:12,918 INFO     ___FILE_ONLY___ command
2022-11-02 09:00:12,918 INFO     ___FILE_ONLY___  
2022-11-02 09:00:12,918 INFO     ___FILE_ONLY___ groups
2022-11-02 09:00:12,918 INFO     ___FILE_ONLY___  
2022-11-02 09:00:12,918 INFO     ___FILE_ONLY___ to
2022-11-02 09:00:12,919 INFO     ___FILE_ONLY___  
2022-11-02 09:00:12,919 INFO     ___FILE_ONLY___ resource
2022-11-02 09:00:12,919 INFO     ___FILE_ONLY___  
2022-11-02 09:00:12,919 INFO     ___FILE_ONLY___ arguments,
2022-11-02 09:00:12,919 INFO     ___FILE_ONLY___  
2022-11-02 09:00:12,919 INFO     ___FILE_ONLY___ adding
2022-11-02 09:00:12,919 INFO     ___FILE_ONLY___  
2022-11-02 09:00:12,919 INFO     ___FILE_ONLY___ [1m--location[m
2022-11-02 09:00:12,920 INFO     ___FILE_ONLY___ 

2022-11-02 09:00:12,920 INFO     ___FILE_ONLY___         
2022-11-02 09:00:12,920 INFO     ___FILE_ONLY___ flag
2022-11-02 09:00:12,920 INFO     ___FILE_ONLY___  
2022-11-02 09:00:12,920 INFO     ___FILE_ONLY___ and
2022-11-02 09:00:12,920 INFO     ___FILE_ONLY___  
2022-11-02 09:00:12,920 INFO     ___FILE_ONLY___ [1mLOCATION[m
2022-11-02 09:00:12,921 INFO     ___FILE_ONLY___  
2022-11-02 09:00:12,921 INFO     ___FILE_ONLY___ column
2022-11-02 09:00:12,921 INFO     ___FILE_ONLY___  
2022-11-02 09:00:12,921 INFO     ___FILE_ONLY___ in
2022-11-02 09:00:12,921 INFO     ___FILE_ONLY___  
2022-11-02 09:00:12,921 INFO     ___FILE_ONLY___ list
2022-11-02 09:00:12,921 INFO     ___FILE_ONLY___  
2022-11-02 09:00:12,922 INFO     ___FILE_ONLY___ commands.
2022-11-02 09:00:12,922 INFO     ___FILE_ONLY___ 

2022-11-02 09:00:12,922 INFO     ___FILE_ONLY___ 

2022-11-02 09:00:12,922 INFO     ___FILE_ONLY___ [m
2022-11-02 09:00:12,922 INFO     ___FILE_ONLY___   
2022-11-02 09:00:12,922 INFO     ___FILE_ONLY___ [1mKubernetes Engine[m

2022-11-02 09:00:12,922 INFO     ___FILE_ONLY___       ▪
2022-11-02 09:00:12,923 INFO     ___FILE_ONLY___  
2022-11-02 09:00:12,923 INFO     ___FILE_ONLY___ Promoted
2022-11-02 09:00:12,923 INFO     ___FILE_ONLY___  
2022-11-02 09:00:12,923 INFO     ___FILE_ONLY___ [1m--enable-managed-prometheus[m
2022-11-02 09:00:12,923 INFO     ___FILE_ONLY___  
2022-11-02 09:00:12,924 INFO     ___FILE_ONLY___ flag
2022-11-02 09:00:12,924 INFO     ___FILE_ONLY___  
2022-11-02 09:00:12,924 INFO     ___FILE_ONLY___ of
2022-11-02 09:00:12,924 INFO     ___FILE_ONLY___  
2022-11-02 09:00:12,924 INFO     ___FILE_ONLY___ [1mgcloud
2022-11-02 09:00:12,925 INFO     ___FILE_ONLY___  
2022-11-02 09:00:12,925 INFO     ___FILE_ONLY___ container
2022-11-02 09:00:12,925 INFO     ___FILE_ONLY___ 

2022-11-02 09:00:12,925 INFO     ___FILE_ONLY___         
2022-11-02 09:00:12,925 INFO     ___FILE_ONLY___ clusters
2022-11-02 09:00:12,925 INFO     ___FILE_ONLY___  
2022-11-02 09:00:12,925 INFO     ___FILE_ONLY___ create/update[m
2022-11-02 09:00:12,926 INFO     ___FILE_ONLY___  
2022-11-02 09:00:12,926 INFO     ___FILE_ONLY___ to
2022-11-02 09:00:12,926 INFO     ___FILE_ONLY___  
2022-11-02 09:00:12,926 INFO     ___FILE_ONLY___ GA.
2022-11-02 09:00:12,926 INFO     ___FILE_ONLY___ 

2022-11-02 09:00:12,926 INFO     ___FILE_ONLY___       ▪
2022-11-02 09:00:12,926 INFO     ___FILE_ONLY___  
2022-11-02 09:00:12,927 INFO     ___FILE_ONLY___ Promoted
2022-11-02 09:00:12,927 INFO     ___FILE_ONLY___  
2022-11-02 09:00:12,927 INFO     ___FILE_ONLY___ [1m--disable-managed-prometheus[m
2022-11-02 09:00:12,927 INFO     ___FILE_ONLY___  
2022-11-02 09:00:12,927 INFO     ___FILE_ONLY___ flag
2022-11-02 09:00:12,927 INFO     ___FILE_ONLY___  
2022-11-02 09:00:12,928 INFO     ___FILE_ONLY___ of
2022-11-02 09:00:12,928 INFO     ___FILE_ONLY___  
2022-11-02 09:00:12,928 INFO     ___FILE_ONLY___ [1mgcloud
2022-11-02 09:00:12,928 INFO     ___FILE_ONLY___  
2022-11-02 09:00:12,928 INFO     ___FILE_ONLY___ container
2022-11-02 09:00:12,928 INFO     ___FILE_ONLY___ 

2022-11-02 09:00:12,928 INFO     ___FILE_ONLY___         
2022-11-02 09:00:12,928 INFO     ___FILE_ONLY___ clusters
2022-11-02 09:00:12,929 INFO     ___FILE_ONLY___  
2022-11-02 09:00:12,929 INFO     ___FILE_ONLY___ update[m
2022-11-02 09:00:12,929 INFO     ___FILE_ONLY___  
2022-11-02 09:00:12,929 INFO     ___FILE_ONLY___ to
2022-11-02 09:00:12,929 INFO     ___FILE_ONLY___  
2022-11-02 09:00:12,929 INFO     ___FILE_ONLY___ GA.
2022-11-02 09:00:12,929 INFO     ___FILE_ONLY___ 

2022-11-02 09:00:12,930 INFO     ___FILE_ONLY___ 

2022-11-02 09:00:12,930 INFO     ___FILE_ONLY___    
2022-11-02 09:00:12,930 INFO     ___FILE_ONLY___  
2022-11-02 09:00:12,930 INFO     ___FILE_ONLY___ Subscribe
2022-11-02 09:00:12,930 INFO     ___FILE_ONLY___  
2022-11-02 09:00:12,930 INFO     ___FILE_ONLY___ to
2022-11-02 09:00:12,930 INFO     ___FILE_ONLY___  
2022-11-02 09:00:12,931 INFO     ___FILE_ONLY___ these
2022-11-02 09:00:12,931 INFO     ___FILE_ONLY___  
2022-11-02 09:00:12,931 INFO     ___FILE_ONLY___ release
2022-11-02 09:00:12,931 INFO     ___FILE_ONLY___  
2022-11-02 09:00:12,931 INFO     ___FILE_ONLY___ notes
2022-11-02 09:00:12,931 INFO     ___FILE_ONLY___  
2022-11-02 09:00:12,931 INFO     ___FILE_ONLY___ at
2022-11-02 09:00:12,932 INFO     ___FILE_ONLY___ 

2022-11-02 09:00:12,932 INFO     ___FILE_ONLY___     
2022-11-02 09:00:12,932 INFO     ___FILE_ONLY___ https://groups.google.com/forum/#!forum/google-cloud-sdk-announce
2022-11-02 09:00:12,932 INFO     ___FILE_ONLY___ 

2022-11-02 09:00:12,932 INFO     ___FILE_ONLY___     
2022-11-02 09:00:12,933 INFO     ___FILE_ONLY___ (https://groups.google.com/forum/#!forum/google-cloud-sdk-announce).
2022-11-02 09:00:12,933 INFO     ___FILE_ONLY___ 

2022-11-02 09:00:12,933 INFO     ___FILE_ONLY___ 

2022-11-02 09:00:12,933 INFO     ___FILE_ONLY___ [m
2022-11-02 09:00:12,933 INFO     ___FILE_ONLY___ [1m407.0.0 (2022-08-25)[m

2022-11-02 09:00:12,934 INFO     ___FILE_ONLY___ [m
2022-11-02 09:00:12,934 INFO     ___FILE_ONLY___   
2022-11-02 09:00:12,934 INFO     ___FILE_ONLY___ [1mBreaking Changes[m

2022-11-02 09:00:12,934 INFO     ___FILE_ONLY___       ▪
2022-11-02 09:00:12,935 INFO     ___FILE_ONLY___  
2022-11-02 09:00:12,935 INFO     ___FILE_ONLY___ **(Cloud
2022-11-02 09:00:12,935 INFO     ___FILE_ONLY___  
2022-11-02 09:00:12,935 INFO     ___FILE_ONLY___ Run)**
2022-11-02 09:00:12,935 INFO     ___FILE_ONLY___  
2022-11-02 09:00:12,936 INFO     ___FILE_ONLY___ Now
2022-11-02 09:00:12,936 INFO     ___FILE_ONLY___  
2022-11-02 09:00:12,936 INFO     ___FILE_ONLY___ [1mgcloud
2022-11-02 09:00:12,936 INFO     ___FILE_ONLY___  
2022-11-02 09:00:12,936 INFO     ___FILE_ONLY___ beta
2022-11-02 09:00:12,936 INFO     ___FILE_ONLY___  
2022-11-02 09:00:12,936 INFO     ___FILE_ONLY___ run
2022-11-02 09:00:12,936 INFO     ___FILE_ONLY___  
2022-11-02 09:00:12,937 INFO     ___FILE_ONLY___ jobs
2022-11-02 09:00:12,937 INFO     ___FILE_ONLY___  
2022-11-02 09:00:12,937 INFO     ___FILE_ONLY___ update[m
2022-11-02 09:00:12,937 INFO     ___FILE_ONLY___  
2022-11-02 09:00:12,937 INFO     ___FILE_ONLY___ command
2022-11-02 09:00:12,937 INFO     ___FILE_ONLY___  
2022-11-02 09:00:12,937 INFO     ___FILE_ONLY___ removes
2022-11-02 09:00:12,938 INFO     ___FILE_ONLY___ 

2022-11-02 09:00:12,938 INFO     ___FILE_ONLY___         
2022-11-02 09:00:12,938 INFO     ___FILE_ONLY___ existing
2022-11-02 09:00:12,938 INFO     ___FILE_ONLY___  
2022-11-02 09:00:12,938 INFO     ___FILE_ONLY___ Binary
2022-11-02 09:00:12,938 INFO     ___FILE_ONLY___  
2022-11-02 09:00:12,938 INFO     ___FILE_ONLY___ Authorization
2022-11-02 09:00:12,939 INFO     ___FILE_ONLY___  
2022-11-02 09:00:12,939 INFO     ___FILE_ONLY___ breakglass
2022-11-02 09:00:12,939 INFO     ___FILE_ONLY___  
2022-11-02 09:00:12,939 INFO     ___FILE_ONLY___ justification
2022-11-02 09:00:12,939 INFO     ___FILE_ONLY___  
2022-11-02 09:00:12,939 INFO     ___FILE_ONLY___ if
2022-11-02 09:00:12,939 INFO     ___FILE_ONLY___  
2022-11-02 09:00:12,940 INFO     ___FILE_ONLY___ [1m--breakglass[m
2022-11-02 09:00:12,940 INFO     ___FILE_ONLY___ 

2022-11-02 09:00:12,940 INFO     ___FILE_ONLY___         
2022-11-02 09:00:12,940 INFO     ___FILE_ONLY___ flag
2022-11-02 09:00:12,940 INFO     ___FILE_ONLY___  
2022-11-02 09:00:12,940 INFO     ___FILE_ONLY___ is
2022-11-02 09:00:12,940 INFO     ___FILE_ONLY___  
2022-11-02 09:00:12,940 INFO     ___FILE_ONLY___ not
2022-11-02 09:00:12,941 INFO     ___FILE_ONLY___  
2022-11-02 09:00:12,941 INFO     ___FILE_ONLY___ set.
2022-11-02 09:00:12,941 INFO     ___FILE_ONLY___ 

2022-11-02 09:00:12,941 INFO     ___FILE_ONLY___       ▪
2022-11-02 09:00:12,941 INFO     ___FILE_ONLY___  
2022-11-02 09:00:12,942 INFO     ___FILE_ONLY___ **(Cloud
2022-11-02 09:00:12,942 INFO     ___FILE_ONLY___  
2022-11-02 09:00:12,942 INFO     ___FILE_ONLY___ Run)**
2022-11-02 09:00:12,942 INFO     ___FILE_ONLY___  
2022-11-02 09:00:12,942 INFO     ___FILE_ONLY___ In
2022-11-02 09:00:12,942 INFO     ___FILE_ONLY___  
2022-11-02 09:00:12,942 INFO     ___FILE_ONLY___ [1mgcloud
2022-11-02 09:00:12,943 INFO     ___FILE_ONLY___  
2022-11-02 09:00:12,943 INFO     ___FILE_ONLY___ run
2022-11-02 09:00:12,943 INFO     ___FILE_ONLY___  
2022-11-02 09:00:12,943 INFO     ___FILE_ONLY___ deploy[m
2022-11-02 09:00:12,943 INFO     ___FILE_ONLY___  
2022-11-02 09:00:12,943 INFO     ___FILE_ONLY___ and
2022-11-02 09:00:12,943 INFO     ___FILE_ONLY___  
2022-11-02 09:00:12,943 INFO     ___FILE_ONLY___ [1mgcloud
2022-11-02 09:00:12,944 INFO     ___FILE_ONLY___  
2022-11-02 09:00:12,944 INFO     ___FILE_ONLY___ run
2022-11-02 09:00:12,953 INFO     ___FILE_ONLY___  
2022-11-02 09:00:12,953 INFO     ___FILE_ONLY___ services
2022-11-02 09:00:12,954 INFO     ___FILE_ONLY___  
2022-11-02 09:00:12,954 INFO     ___FILE_ONLY___ update[m,
2022-11-02 09:00:12,954 INFO     ___FILE_ONLY___ 

2022-11-02 09:00:12,954 INFO     ___FILE_ONLY___         
2022-11-02 09:00:12,954 INFO     ___FILE_ONLY___ [1m--set-secrets[m,
2022-11-02 09:00:12,954 INFO     ___FILE_ONLY___  
2022-11-02 09:00:12,954 INFO     ___FILE_ONLY___ [1m--remove-secrets[m,
2022-11-02 09:00:12,955 INFO     ___FILE_ONLY___  
2022-11-02 09:00:12,955 INFO     ___FILE_ONLY___ and
2022-11-02 09:00:12,955 INFO     ___FILE_ONLY___  
2022-11-02 09:00:12,955 INFO     ___FILE_ONLY___ [1m--update-secrets[m
2022-11-02 09:00:12,955 INFO     ___FILE_ONLY___  
2022-11-02 09:00:12,955 INFO     ___FILE_ONLY___ flags
2022-11-02 09:00:12,955 INFO     ___FILE_ONLY___  
2022-11-02 09:00:12,955 INFO     ___FILE_ONLY___ now
2022-11-02 09:00:12,956 INFO     ___FILE_ONLY___  
2022-11-02 09:00:12,956 INFO     ___FILE_ONLY___ support
2022-11-02 09:00:12,956 INFO     ___FILE_ONLY___ 

2022-11-02 09:00:12,956 INFO     ___FILE_ONLY___         
2022-11-02 09:00:12,956 INFO     ___FILE_ONLY___ mounting
2022-11-02 09:00:12,956 INFO     ___FILE_ONLY___  
2022-11-02 09:00:12,957 INFO     ___FILE_ONLY___ multiple
2022-11-02 09:00:12,957 INFO     ___FILE_ONLY___  
2022-11-02 09:00:12,957 INFO     ___FILE_ONLY___ versions
2022-11-02 09:00:12,958 INFO     ___FILE_ONLY___  
2022-11-02 09:00:12,961 INFO     ___FILE_ONLY___ of
2022-11-02 09:00:12,961 INFO     ___FILE_ONLY___  
2022-11-02 09:00:12,961 INFO     ___FILE_ONLY___ the
2022-11-02 09:00:12,961 INFO     ___FILE_ONLY___  
2022-11-02 09:00:12,961 INFO     ___FILE_ONLY___ same
2022-11-02 09:00:12,961 INFO     ___FILE_ONLY___  
2022-11-02 09:00:12,962 INFO     ___FILE_ONLY___ secret
2022-11-02 09:00:12,962 INFO     ___FILE_ONLY___  
2022-11-02 09:00:12,962 INFO     ___FILE_ONLY___ in
2022-11-02 09:00:12,962 INFO     ___FILE_ONLY___  
2022-11-02 09:00:12,963 INFO     ___FILE_ONLY___ the
2022-11-02 09:00:12,963 INFO     ___FILE_ONLY___  
2022-11-02 09:00:12,963 INFO     ___FILE_ONLY___ same
2022-11-02 09:00:12,963 INFO     ___FILE_ONLY___  
2022-11-02 09:00:12,964 INFO     ___FILE_ONLY___ directory.
2022-11-02 09:00:12,964 INFO     ___FILE_ONLY___ 

2022-11-02 09:00:12,964 INFO     ___FILE_ONLY___       ▪
2022-11-02 09:00:12,964 INFO     ___FILE_ONLY___  
2022-11-02 09:00:12,964 INFO     ___FILE_ONLY___ **(Cloud
2022-11-02 09:00:12,964 INFO     ___FILE_ONLY___  
2022-11-02 09:00:12,965 INFO     ___FILE_ONLY___ Run)**
2022-11-02 09:00:12,965 INFO     ___FILE_ONLY___ 

2022-11-02 09:00:12,965 INFO     ___FILE_ONLY___         ◆
2022-11-02 09:00:12,965 INFO     ___FILE_ONLY___  
2022-11-02 09:00:12,965 INFO     ___FILE_ONLY___ If
2022-11-02 09:00:12,966 INFO     ___FILE_ONLY___  
2022-11-02 09:00:12,966 INFO     ___FILE_ONLY___ multiple
2022-11-02 09:00:12,966 INFO     ___FILE_ONLY___  
2022-11-02 09:00:12,966 INFO     ___FILE_ONLY___ different
2022-11-02 09:00:12,966 INFO     ___FILE_ONLY___  
2022-11-02 09:00:12,967 INFO     ___FILE_ONLY___ secrets
2022-11-02 09:00:12,967 INFO     ___FILE_ONLY___  
2022-11-02 09:00:12,967 INFO     ___FILE_ONLY___ are
2022-11-02 09:00:12,967 INFO     ___FILE_ONLY___  
2022-11-02 09:00:12,967 INFO     ___FILE_ONLY___ requested
2022-11-02 09:00:12,967 INFO     ___FILE_ONLY___  
2022-11-02 09:00:12,967 INFO     ___FILE_ONLY___ to
2022-11-02 09:00:12,967 INFO     ___FILE_ONLY___  
2022-11-02 09:00:12,967 INFO     ___FILE_ONLY___ be
2022-11-02 09:00:12,967 INFO     ___FILE_ONLY___  
2022-11-02 09:00:12,967 INFO     ___FILE_ONLY___ mounted
2022-11-02 09:00:12,968 INFO     ___FILE_ONLY___  
2022-11-02 09:00:12,968 INFO     ___FILE_ONLY___ in
2022-11-02 09:00:12,968 INFO     ___FILE_ONLY___  
2022-11-02 09:00:12,968 INFO     ___FILE_ONLY___ the
2022-11-02 09:00:12,968 INFO     ___FILE_ONLY___ 

2022-11-02 09:00:12,968 INFO     ___FILE_ONLY___           
2022-11-02 09:00:12,969 INFO     ___FILE_ONLY___ same
2022-11-02 09:00:12,969 INFO     ___FILE_ONLY___  
2022-11-02 09:00:12,969 INFO     ___FILE_ONLY___ directory,
2022-11-02 09:00:12,969 INFO     ___FILE_ONLY___  
2022-11-02 09:00:12,969 INFO     ___FILE_ONLY___ including
2022-11-02 09:00:12,969 INFO     ___FILE_ONLY___  
2022-11-02 09:00:12,969 INFO     ___FILE_ONLY___ for
2022-11-02 09:00:12,969 INFO     ___FILE_ONLY___  
2022-11-02 09:00:12,970 INFO     ___FILE_ONLY___ secrets
2022-11-02 09:00:12,970 INFO     ___FILE_ONLY___  
2022-11-02 09:00:12,970 INFO     ___FILE_ONLY___ already
2022-11-02 09:00:12,970 INFO     ___FILE_ONLY___  
2022-11-02 09:00:12,970 INFO     ___FILE_ONLY___ set
2022-11-02 09:00:12,970 INFO     ___FILE_ONLY___  
2022-11-02 09:00:12,971 INFO     ___FILE_ONLY___ on
2022-11-02 09:00:12,971 INFO     ___FILE_ONLY___  
2022-11-02 09:00:12,971 INFO     ___FILE_ONLY___ the
2022-11-02 09:00:12,971 INFO     ___FILE_ONLY___  
2022-11-02 09:00:12,971 INFO     ___FILE_ONLY___ service
2022-11-02 09:00:12,971 INFO     ___FILE_ONLY___  
2022-11-02 09:00:12,971 INFO     ___FILE_ONLY___ in
2022-11-02 09:00:12,971 INFO     ___FILE_ONLY___ 

2022-11-02 09:00:12,972 INFO     ___FILE_ONLY___           
2022-11-02 09:00:12,972 INFO     ___FILE_ONLY___ the
2022-11-02 09:00:12,972 INFO     ___FILE_ONLY___  
2022-11-02 09:00:12,972 INFO     ___FILE_ONLY___ case
2022-11-02 09:00:12,972 INFO     ___FILE_ONLY___  
2022-11-02 09:00:12,972 INFO     ___FILE_ONLY___ of
2022-11-02 09:00:12,972 INFO     ___FILE_ONLY___  
2022-11-02 09:00:12,972 INFO     ___FILE_ONLY___ [1m--update-secrets[m,
2022-11-02 09:00:12,973 INFO     ___FILE_ONLY___  
2022-11-02 09:00:12,973 INFO     ___FILE_ONLY___ the
2022-11-02 09:00:12,973 INFO     ___FILE_ONLY___  
2022-11-02 09:00:12,973 INFO     ___FILE_ONLY___ operation
2022-11-02 09:00:12,973 INFO     ___FILE_ONLY___  
2022-11-02 09:00:12,973 INFO     ___FILE_ONLY___ will
2022-11-02 09:00:12,973 INFO     ___FILE_ONLY___  
2022-11-02 09:00:12,973 INFO     ___FILE_ONLY___ now
2022-11-02 09:00:12,985 INFO     ___FILE_ONLY___  
2022-11-02 09:00:12,986 INFO     ___FILE_ONLY___ fail
2022-11-02 09:00:12,986 INFO     ___FILE_ONLY___  
2022-11-02 09:00:12,986 INFO     ___FILE_ONLY___ instead
2022-11-02 09:00:12,986 INFO     ___FILE_ONLY___  
2022-11-02 09:00:12,987 INFO     ___FILE_ONLY___ of
2022-11-02 09:00:12,990 INFO     ___FILE_ONLY___ 

2022-11-02 09:00:12,991 INFO     ___FILE_ONLY___           
2022-11-02 09:00:12,991 INFO     ___FILE_ONLY___ silently
2022-11-02 09:00:12,991 INFO     ___FILE_ONLY___  
2022-11-02 09:00:12,991 INFO     ___FILE_ONLY___ overriding
2022-11-02 09:00:12,991 INFO     ___FILE_ONLY___  
2022-11-02 09:00:12,991 INFO     ___FILE_ONLY___ all
2022-11-02 09:00:12,993 INFO     ___FILE_ONLY___  
2022-11-02 09:00:12,993 INFO     ___FILE_ONLY___ secret
2022-11-02 09:00:12,994 INFO     ___FILE_ONLY___  
2022-11-02 09:00:12,994 INFO     ___FILE_ONLY___ versions
2022-11-02 09:00:12,994 INFO     ___FILE_ONLY___  
2022-11-02 09:00:12,994 INFO     ___FILE_ONLY___ with
2022-11-02 09:00:12,996 INFO     ___FILE_ONLY___  
2022-11-02 09:00:13,000 INFO     ___FILE_ONLY___ the
2022-11-02 09:00:13,000 INFO     ___FILE_ONLY___  
2022-11-02 09:00:13,000 INFO     ___FILE_ONLY___ last
2022-11-02 09:00:13,000 INFO     ___FILE_ONLY___  
2022-11-02 09:00:13,001 INFO     ___FILE_ONLY___ one
2022-11-02 09:00:13,001 INFO     ___FILE_ONLY___  
2022-11-02 09:00:13,001 INFO     ___FILE_ONLY___ specified.
2022-11-02 09:00:13,001 INFO     ___FILE_ONLY___ 

2022-11-02 09:00:13,001 INFO     ___FILE_ONLY___       ▪
2022-11-02 09:00:13,002 INFO     ___FILE_ONLY___  
2022-11-02 09:00:13,003 INFO     ___FILE_ONLY___ **(Compute
2022-11-02 09:00:13,003 INFO     ___FILE_ONLY___  
2022-11-02 09:00:13,003 INFO     ___FILE_ONLY___ Engine)**
2022-11-02 09:00:13,003 INFO     ___FILE_ONLY___  
2022-11-02 09:00:13,003 INFO     ___FILE_ONLY___ Removed
2022-11-02 09:00:13,003 INFO     ___FILE_ONLY___  
2022-11-02 09:00:13,003 INFO     ___FILE_ONLY___ [1m--csek-key-file[m
2022-11-02 09:00:13,004 INFO     ___FILE_ONLY___  
2022-11-02 09:00:13,004 INFO     ___FILE_ONLY___ flag
2022-11-02 09:00:13,004 INFO     ___FILE_ONLY___  
2022-11-02 09:00:13,004 INFO     ___FILE_ONLY___ of
2022-11-02 09:00:13,004 INFO     ___FILE_ONLY___  
2022-11-02 09:00:13,004 INFO     ___FILE_ONLY___ [1mgcloud
2022-11-02 09:00:13,004 INFO     ___FILE_ONLY___  
2022-11-02 09:00:13,004 INFO     ___FILE_ONLY___ beta
2022-11-02 09:00:13,005 INFO     ___FILE_ONLY___ 

2022-11-02 09:00:13,005 INFO     ___FILE_ONLY___         
2022-11-02 09:00:13,005 INFO     ___FILE_ONLY___ compute
2022-11-02 09:00:13,005 INFO     ___FILE_ONLY___  
2022-11-02 09:00:13,005 INFO     ___FILE_ONLY___ instances
2022-11-02 09:00:13,005 INFO     ___FILE_ONLY___  
2022-11-02 09:00:13,005 INFO     ___FILE_ONLY___ resume[m
2022-11-02 09:00:13,006 INFO     ___FILE_ONLY___ 

2022-11-02 09:00:13,006 INFO     ___FILE_ONLY___         ◆
2022-11-02 09:00:13,006 INFO     ___FILE_ONLY___  
2022-11-02 09:00:13,007 INFO     ___FILE_ONLY___ Removing
2022-11-02 09:00:13,007 INFO     ___FILE_ONLY___  
2022-11-02 09:00:13,007 INFO     ___FILE_ONLY___ since
2022-11-02 09:00:13,007 INFO     ___FILE_ONLY___  
2022-11-02 09:00:13,008 INFO     ___FILE_ONLY___ instance
2022-11-02 09:00:13,008 INFO     ___FILE_ONLY___  
2022-11-02 09:00:13,008 INFO     ___FILE_ONLY___ suspend
2022-11-02 09:00:13,008 INFO     ___FILE_ONLY___  
2022-11-02 09:00:13,008 INFO     ___FILE_ONLY___ and
2022-11-02 09:00:13,008 INFO     ___FILE_ONLY___  
2022-11-02 09:00:13,008 INFO     ___FILE_ONLY___ resume
2022-11-02 09:00:13,009 INFO     ___FILE_ONLY___  
2022-11-02 09:00:13,009 INFO     ___FILE_ONLY___ do
2022-11-02 09:00:13,009 INFO     ___FILE_ONLY___  
2022-11-02 09:00:13,009 INFO     ___FILE_ONLY___ not
2022-11-02 09:00:13,009 INFO     ___FILE_ONLY___  
2022-11-02 09:00:13,009 INFO     ___FILE_ONLY___ support
2022-11-02 09:00:13,009 INFO     ___FILE_ONLY___  
2022-11-02 09:00:13,009 INFO     ___FILE_ONLY___ CSEK
2022-11-02 09:00:13,010 INFO     ___FILE_ONLY___ 

2022-11-02 09:00:13,010 INFO     ___FILE_ONLY___         ◆
2022-11-02 09:00:13,010 INFO     ___FILE_ONLY___  
2022-11-02 09:00:13,010 INFO     ___FILE_ONLY___ If
2022-11-02 09:00:13,010 INFO     ___FILE_ONLY___  
2022-11-02 09:00:13,010 INFO     ___FILE_ONLY___ your
2022-11-02 09:00:13,010 INFO     ___FILE_ONLY___  
2022-11-02 09:00:13,011 INFO     ___FILE_ONLY___ instance
2022-11-02 09:00:13,011 INFO     ___FILE_ONLY___  
2022-11-02 09:00:13,011 INFO     ___FILE_ONLY___ with
2022-11-02 09:00:13,011 INFO     ___FILE_ONLY___  
2022-11-02 09:00:13,011 INFO     ___FILE_ONLY___ CSEK
2022-11-02 09:00:13,012 INFO     ___FILE_ONLY___  
2022-11-02 09:00:13,012 INFO     ___FILE_ONLY___ protection
2022-11-02 09:00:13,012 INFO     ___FILE_ONLY___  
2022-11-02 09:00:13,012 INFO     ___FILE_ONLY___ is
2022-11-02 09:00:13,012 INFO     ___FILE_ONLY___  
2022-11-02 09:00:13,012 INFO     ___FILE_ONLY___ suspended,
2022-11-02 09:00:13,013 INFO     ___FILE_ONLY___  
2022-11-02 09:00:13,013 INFO     ___FILE_ONLY___ please
2022-11-02 09:00:13,013 INFO     ___FILE_ONLY___  
2022-11-02 09:00:13,013 INFO     ___FILE_ONLY___ stop
2022-11-02 09:00:13,013 INFO     ___FILE_ONLY___  
2022-11-02 09:00:13,013 INFO     ___FILE_ONLY___ the
2022-11-02 09:00:13,014 INFO     ___FILE_ONLY___ 

2022-11-02 09:00:13,014 INFO     ___FILE_ONLY___           
2022-11-02 09:00:13,014 INFO     ___FILE_ONLY___ instance
2022-11-02 09:00:13,014 INFO     ___FILE_ONLY___  
2022-11-02 09:00:13,014 INFO     ___FILE_ONLY___ then
2022-11-02 09:00:13,014 INFO     ___FILE_ONLY___  
2022-11-02 09:00:13,014 INFO     ___FILE_ONLY___ restart
2022-11-02 09:00:13,014 INFO     ___FILE_ONLY___  
2022-11-02 09:00:13,015 INFO     ___FILE_ONLY___ it
2022-11-02 09:00:13,015 INFO     ___FILE_ONLY___  
2022-11-02 09:00:13,015 INFO     ___FILE_ONLY___ and
2022-11-02 09:00:13,015 INFO     ___FILE_ONLY___  
2022-11-02 09:00:13,015 INFO     ___FILE_ONLY___ file
2022-11-02 09:00:13,015 INFO     ___FILE_ONLY___  
2022-11-02 09:00:13,015 INFO     ___FILE_ONLY___ a
2022-11-02 09:00:13,016 INFO     ___FILE_ONLY___  
2022-11-02 09:00:13,016 INFO     ___FILE_ONLY___ bug.
2022-11-02 09:00:13,016 INFO     ___FILE_ONLY___ 

2022-11-02 09:00:13,016 INFO     ___FILE_ONLY___ 

2022-11-02 09:00:13,016 INFO     ___FILE_ONLY___ [m
2022-11-02 09:00:13,016 INFO     ___FILE_ONLY___   
2022-11-02 09:00:13,017 INFO     ___FILE_ONLY___ [1mAssured Workloads[m

2022-11-02 09:00:13,017 INFO     ___FILE_ONLY___       ▪
2022-11-02 09:00:13,017 INFO     ___FILE_ONLY___  
2022-11-02 09:00:13,017 INFO     ___FILE_ONLY___ Added
2022-11-02 09:00:13,018 INFO     ___FILE_ONLY___  
2022-11-02 09:00:13,018 INFO     ___FILE_ONLY___ ASSURED_WORKLOADS_FOR_PARTNERS
2022-11-02 09:00:13,018 INFO     ___FILE_ONLY___  
2022-11-02 09:00:13,019 INFO     ___FILE_ONLY___ as
2022-11-02 09:00:13,019 INFO     ___FILE_ONLY___  
2022-11-02 09:00:13,019 INFO     ___FILE_ONLY___ an
2022-11-02 09:00:13,020 INFO     ___FILE_ONLY___  
2022-11-02 09:00:13,020 INFO     ___FILE_ONLY___ option
2022-11-02 09:00:13,020 INFO     ___FILE_ONLY___  
2022-11-02 09:00:13,020 INFO     ___FILE_ONLY___ for
2022-11-02 09:00:13,021 INFO     ___FILE_ONLY___ 

2022-11-02 09:00:13,021 INFO     ___FILE_ONLY___         
2022-11-02 09:00:13,021 INFO     ___FILE_ONLY___ [1m--compliance-regime[m
2022-11-02 09:00:13,021 INFO     ___FILE_ONLY___  
2022-11-02 09:00:13,022 INFO     ___FILE_ONLY___ flag
2022-11-02 09:00:13,022 INFO     ___FILE_ONLY___  
2022-11-02 09:00:13,022 INFO     ___FILE_ONLY___ of
2022-11-02 09:00:13,022 INFO     ___FILE_ONLY___  
2022-11-02 09:00:13,022 INFO     ___FILE_ONLY___ [1mgcloud
2022-11-02 09:00:13,022 INFO     ___FILE_ONLY___  
2022-11-02 09:00:13,023 INFO     ___FILE_ONLY___ assured
2022-11-02 09:00:13,023 INFO     ___FILE_ONLY___  
2022-11-02 09:00:13,023 INFO     ___FILE_ONLY___ workloads
2022-11-02 09:00:13,023 INFO     ___FILE_ONLY___  
2022-11-02 09:00:13,023 INFO     ___FILE_ONLY___ create[m
2022-11-02 09:00:13,023 INFO     ___FILE_ONLY___  
2022-11-02 09:00:13,023 INFO     ___FILE_ONLY___ command.
2022-11-02 09:00:13,023 INFO     ___FILE_ONLY___ 

2022-11-02 09:00:13,024 INFO     ___FILE_ONLY___       ▪
2022-11-02 09:00:13,027 INFO     ___FILE_ONLY___  
2022-11-02 09:00:13,027 INFO     ___FILE_ONLY___ Added
2022-11-02 09:00:13,027 INFO     ___FILE_ONLY___  
2022-11-02 09:00:13,027 INFO     ___FILE_ONLY___ [1m--partner[m
2022-11-02 09:00:13,027 INFO     ___FILE_ONLY___  
2022-11-02 09:00:13,027 INFO     ___FILE_ONLY___ flag
2022-11-02 09:00:13,028 INFO     ___FILE_ONLY___  
2022-11-02 09:00:13,028 INFO     ___FILE_ONLY___ (optional)
2022-11-02 09:00:13,031 INFO     ___FILE_ONLY___  
2022-11-02 09:00:13,039 INFO     ___FILE_ONLY___ for
2022-11-02 09:00:13,041 INFO     ___FILE_ONLY___  
2022-11-02 09:00:13,041 INFO     ___FILE_ONLY___ [1mgcloud
2022-11-02 09:00:13,042 INFO     ___FILE_ONLY___  
2022-11-02 09:00:13,042 INFO     ___FILE_ONLY___ assured
2022-11-02 09:00:13,042 INFO     ___FILE_ONLY___  
2022-11-02 09:00:13,043 INFO     ___FILE_ONLY___ workloads
2022-11-02 09:00:13,043 INFO     ___FILE_ONLY___  
2022-11-02 09:00:13,043 INFO     ___FILE_ONLY___ create[m
2022-11-02 09:00:13,043 INFO     ___FILE_ONLY___ 

2022-11-02 09:00:13,043 INFO     ___FILE_ONLY___         
2022-11-02 09:00:13,043 INFO     ___FILE_ONLY___ command
2022-11-02 09:00:13,044 INFO     ___FILE_ONLY___  
2022-11-02 09:00:13,044 INFO     ___FILE_ONLY___ to
2022-11-02 09:00:13,044 INFO     ___FILE_ONLY___  
2022-11-02 09:00:13,044 INFO     ___FILE_ONLY___ enable
2022-11-02 09:00:13,044 INFO     ___FILE_ONLY___  
2022-11-02 09:00:13,044 INFO     ___FILE_ONLY___ creation
2022-11-02 09:00:13,045 INFO     ___FILE_ONLY___  
2022-11-02 09:00:13,045 INFO     ___FILE_ONLY___ of
2022-11-02 09:00:13,045 INFO     ___FILE_ONLY___  
2022-11-02 09:00:13,045 INFO     ___FILE_ONLY___ partner
2022-11-02 09:00:13,045 INFO     ___FILE_ONLY___  
2022-11-02 09:00:13,045 INFO     ___FILE_ONLY___ workload
2022-11-02 09:00:13,045 INFO     ___FILE_ONLY___  
2022-11-02 09:00:13,046 INFO     ___FILE_ONLY___ (workload
2022-11-02 09:00:13,046 INFO     ___FILE_ONLY___  
2022-11-02 09:00:13,046 INFO     ___FILE_ONLY___ managed
2022-11-02 09:00:13,046 INFO     ___FILE_ONLY___  
2022-11-02 09:00:13,047 INFO     ___FILE_ONLY___ by
2022-11-02 09:00:13,047 INFO     ___FILE_ONLY___ 

2022-11-02 09:00:13,047 INFO     ___FILE_ONLY___         
2022-11-02 09:00:13,047 INFO     ___FILE_ONLY___ local
2022-11-02 09:00:13,047 INFO     ___FILE_ONLY___  
2022-11-02 09:00:13,047 INFO     ___FILE_ONLY___ trusted
2022-11-02 09:00:13,047 INFO     ___FILE_ONLY___  
2022-11-02 09:00:13,048 INFO     ___FILE_ONLY___ partners)
2022-11-02 09:00:13,048 INFO     ___FILE_ONLY___  
2022-11-02 09:00:13,048 INFO     ___FILE_ONLY___ through
2022-11-02 09:00:13,048 INFO     ___FILE_ONLY___  
2022-11-02 09:00:13,048 INFO     ___FILE_ONLY___ gCloud
2022-11-02 09:00:13,048 INFO     ___FILE_ONLY___  
2022-11-02 09:00:13,048 INFO     ___FILE_ONLY___ command.
2022-11-02 09:00:13,049 INFO     ___FILE_ONLY___ 

2022-11-02 09:00:13,049 INFO     ___FILE_ONLY___ 

2022-11-02 09:00:13,049 INFO     ___FILE_ONLY___ [m
2022-11-02 09:00:13,049 INFO     ___FILE_ONLY___   
2022-11-02 09:00:13,049 INFO     ___FILE_ONLY___ [1mCloud DNS[m

2022-11-02 09:00:13,050 INFO     ___FILE_ONLY___       ▪
2022-11-02 09:00:13,050 INFO     ___FILE_ONLY___  
2022-11-02 09:00:13,050 INFO     ___FILE_ONLY___ Promoted
2022-11-02 09:00:13,050 INFO     ___FILE_ONLY___  
2022-11-02 09:00:13,050 INFO     ___FILE_ONLY___ [1mgcloud
2022-11-02 09:00:13,050 INFO     ___FILE_ONLY___  
2022-11-02 09:00:13,051 INFO     ___FILE_ONLY___ dns
2022-11-02 09:00:13,051 INFO     ___FILE_ONLY___  
2022-11-02 09:00:13,051 INFO     ___FILE_ONLY___ managed-zones
2022-11-02 09:00:13,051 INFO     ___FILE_ONLY___  
2022-11-02 09:00:13,051 INFO     ___FILE_ONLY___ get-iam-policy[m
2022-11-02 09:00:13,051 INFO     ___FILE_ONLY___  
2022-11-02 09:00:13,051 INFO     ___FILE_ONLY___ and
2022-11-02 09:00:13,052 INFO     ___FILE_ONLY___  
2022-11-02 09:00:13,052 INFO     ___FILE_ONLY___ [1mgcloud
2022-11-02 09:00:13,052 INFO     ___FILE_ONLY___  
2022-11-02 09:00:13,052 INFO     ___FILE_ONLY___ dns
2022-11-02 09:00:13,052 INFO     ___FILE_ONLY___ 

2022-11-02 09:00:13,052 INFO     ___FILE_ONLY___         
2022-11-02 09:00:13,052 INFO     ___FILE_ONLY___ managed-zones
2022-11-02 09:00:13,053 INFO     ___FILE_ONLY___  
2022-11-02 09:00:13,053 INFO     ___FILE_ONLY___ set-iam-policy[m
2022-11-02 09:00:13,053 INFO     ___FILE_ONLY___  
2022-11-02 09:00:13,053 INFO     ___FILE_ONLY___ to
2022-11-02 09:00:13,053 INFO     ___FILE_ONLY___  
2022-11-02 09:00:13,054 INFO     ___FILE_ONLY___ GA.
2022-11-02 09:00:13,054 INFO     ___FILE_ONLY___ 

2022-11-02 09:00:13,054 INFO     ___FILE_ONLY___ 

2022-11-02 09:00:13,054 INFO     ___FILE_ONLY___ [m
2022-11-02 09:00:13,054 INFO     ___FILE_ONLY___   
2022-11-02 09:00:13,054 INFO     ___FILE_ONLY___ [1mCloud Dataplex[m

2022-11-02 09:00:13,055 INFO     ___FILE_ONLY___       ▪
2022-11-02 09:00:13,055 INFO     ___FILE_ONLY___  
2022-11-02 09:00:13,055 INFO     ___FILE_ONLY___ Promoted
2022-11-02 09:00:13,055 INFO     ___FILE_ONLY___  
2022-11-02 09:00:13,055 INFO     ___FILE_ONLY___ Content
2022-11-02 09:00:13,056 INFO     ___FILE_ONLY___  
2022-11-02 09:00:13,056 INFO     ___FILE_ONLY___ command
2022-11-02 09:00:13,057 INFO     ___FILE_ONLY___  
2022-11-02 09:00:13,057 INFO     ___FILE_ONLY___ group
2022-11-02 09:00:13,057 INFO     ___FILE_ONLY___  
2022-11-02 09:00:13,057 INFO     ___FILE_ONLY___ to
2022-11-02 09:00:13,057 INFO     ___FILE_ONLY___  
2022-11-02 09:00:13,057 INFO     ___FILE_ONLY___ GA.
2022-11-02 09:00:13,058 INFO     ___FILE_ONLY___ 

2022-11-02 09:00:13,058 INFO     ___FILE_ONLY___       ▪
2022-11-02 09:00:13,058 INFO     ___FILE_ONLY___  
2022-11-02 09:00:13,058 INFO     ___FILE_ONLY___ Promoted
2022-11-02 09:00:13,058 INFO     ___FILE_ONLY___  
2022-11-02 09:00:13,059 INFO     ___FILE_ONLY___ Environment
2022-11-02 09:00:13,059 INFO     ___FILE_ONLY___  
2022-11-02 09:00:13,059 INFO     ___FILE_ONLY___ command
2022-11-02 09:00:13,059 INFO     ___FILE_ONLY___  
2022-11-02 09:00:13,059 INFO     ___FILE_ONLY___ group
2022-11-02 09:00:13,059 INFO     ___FILE_ONLY___  
2022-11-02 09:00:13,059 INFO     ___FILE_ONLY___ to
2022-11-02 09:00:13,060 INFO     ___FILE_ONLY___  
2022-11-02 09:00:13,060 INFO     ___FILE_ONLY___ GA.
2022-11-02 09:00:13,060 INFO     ___FILE_ONLY___ 

2022-11-02 09:00:13,060 INFO     ___FILE_ONLY___ 

2022-11-02 09:00:13,060 INFO     ___FILE_ONLY___ [m
2022-11-02 09:00:13,061 INFO     ___FILE_ONLY___   
2022-11-02 09:00:13,061 INFO     ___FILE_ONLY___ [1mCloud Datastream[m

2022-11-02 09:00:13,061 INFO     ___FILE_ONLY___       ▪
2022-11-02 09:00:13,061 INFO     ___FILE_ONLY___  
2022-11-02 09:00:13,061 INFO     ___FILE_ONLY___ Added
2022-11-02 09:00:13,061 INFO     ___FILE_ONLY___  
2022-11-02 09:00:13,061 INFO     ___FILE_ONLY___ [1mpostgresql[m
2022-11-02 09:00:13,062 INFO     ___FILE_ONLY___  
2022-11-02 09:00:13,062 INFO     ___FILE_ONLY___ type
2022-11-02 09:00:13,062 INFO     ___FILE_ONLY___  
2022-11-02 09:00:13,062 INFO     ___FILE_ONLY___ to
2022-11-02 09:00:13,062 INFO     ___FILE_ONLY___  
2022-11-02 09:00:13,062 INFO     ___FILE_ONLY___ [1m--type[m
2022-11-02 09:00:13,062 INFO     ___FILE_ONLY___  
2022-11-02 09:00:13,062 INFO     ___FILE_ONLY___ flag
2022-11-02 09:00:13,062 INFO     ___FILE_ONLY___  
2022-11-02 09:00:13,063 INFO     ___FILE_ONLY___ of
2022-11-02 09:00:13,063 INFO     ___FILE_ONLY___  
2022-11-02 09:00:13,063 INFO     ___FILE_ONLY___ [1mdatastream
2022-11-02 09:00:13,063 INFO     ___FILE_ONLY___ 

2022-11-02 09:00:13,063 INFO     ___FILE_ONLY___         
2022-11-02 09:00:13,063 INFO     ___FILE_ONLY___ connection-profiles
2022-11-02 09:00:13,063 INFO     ___FILE_ONLY___  
2022-11-02 09:00:13,064 INFO     ___FILE_ONLY___ <create/update>[m.
2022-11-02 09:00:13,064 INFO     ___FILE_ONLY___ 

2022-11-02 09:00:13,064 INFO     ___FILE_ONLY___       ▪
2022-11-02 09:00:13,064 INFO     ___FILE_ONLY___  
2022-11-02 09:00:13,064 INFO     ___FILE_ONLY___ Added
2022-11-02 09:00:13,064 INFO     ___FILE_ONLY___  
2022-11-02 09:00:13,064 INFO     ___FILE_ONLY___ [1mpostgresql[m
2022-11-02 09:00:13,065 INFO     ___FILE_ONLY___  
2022-11-02 09:00:13,065 INFO     ___FILE_ONLY___ type
2022-11-02 09:00:13,065 INFO     ___FILE_ONLY___  
2022-11-02 09:00:13,065 INFO     ___FILE_ONLY___ to
2022-11-02 09:00:13,065 INFO     ___FILE_ONLY___  
2022-11-02 09:00:13,065 INFO     ___FILE_ONLY___ [1m--postgresql-rdbms-file[m
2022-11-02 09:00:13,065 INFO     ___FILE_ONLY___  
2022-11-02 09:00:13,065 INFO     ___FILE_ONLY___ flag
2022-11-02 09:00:13,066 INFO     ___FILE_ONLY___  
2022-11-02 09:00:13,066 INFO     ___FILE_ONLY___ of
2022-11-02 09:00:13,066 INFO     ___FILE_ONLY___  
2022-11-02 09:00:13,066 INFO     ___FILE_ONLY___ [1mdatastream
2022-11-02 09:00:13,066 INFO     ___FILE_ONLY___ 

2022-11-02 09:00:13,066 INFO     ___FILE_ONLY___         
2022-11-02 09:00:13,066 INFO     ___FILE_ONLY___ connection-profiles
2022-11-02 09:00:13,066 INFO     ___FILE_ONLY___  
2022-11-02 09:00:13,067 INFO     ___FILE_ONLY___ discover[m.
2022-11-02 09:00:13,067 INFO     ___FILE_ONLY___ 

2022-11-02 09:00:13,067 INFO     ___FILE_ONLY___       ▪
2022-11-02 09:00:13,067 INFO     ___FILE_ONLY___  
2022-11-02 09:00:13,067 INFO     ___FILE_ONLY___ Added
2022-11-02 09:00:13,067 INFO     ___FILE_ONLY___  
2022-11-02 09:00:13,068 INFO     ___FILE_ONLY___ [1m--postgresql-source-config[m
2022-11-02 09:00:13,068 INFO     ___FILE_ONLY___  
2022-11-02 09:00:13,068 INFO     ___FILE_ONLY___ flag
2022-11-02 09:00:13,068 INFO     ___FILE_ONLY___  
2022-11-02 09:00:13,068 INFO     ___FILE_ONLY___ to
2022-11-02 09:00:13,068 INFO     ___FILE_ONLY___  
2022-11-02 09:00:13,068 INFO     ___FILE_ONLY___ [1mgcloud
2022-11-02 09:00:13,069 INFO     ___FILE_ONLY___  
2022-11-02 09:00:13,069 INFO     ___FILE_ONLY___ datastream
2022-11-02 09:00:13,069 INFO     ___FILE_ONLY___  
2022-11-02 09:00:13,069 INFO     ___FILE_ONLY___ streams
2022-11-02 09:00:13,069 INFO     ___FILE_ONLY___ 

2022-11-02 09:00:13,069 INFO     ___FILE_ONLY___         
2022-11-02 09:00:13,069 INFO     ___FILE_ONLY___ <create/update>[m.
2022-11-02 09:00:13,070 INFO     ___FILE_ONLY___ 

2022-11-02 09:00:13,070 INFO     ___FILE_ONLY___       ▪
2022-11-02 09:00:13,070 INFO     ___FILE_ONLY___  
2022-11-02 09:00:13,070 INFO     ___FILE_ONLY___ Added
2022-11-02 09:00:13,070 INFO     ___FILE_ONLY___  
2022-11-02 09:00:13,070 INFO     ___FILE_ONLY___ [1mpostgresql[m
2022-11-02 09:00:13,071 INFO     ___FILE_ONLY___  
2022-11-02 09:00:13,071 INFO     ___FILE_ONLY___ type
2022-11-02 09:00:13,071 INFO     ___FILE_ONLY___  
2022-11-02 09:00:13,071 INFO     ___FILE_ONLY___ to
2022-11-02 09:00:13,071 INFO     ___FILE_ONLY___  
2022-11-02 09:00:13,071 INFO     ___FILE_ONLY___ [1m--type[m
2022-11-02 09:00:13,071 INFO     ___FILE_ONLY___  
2022-11-02 09:00:13,071 INFO     ___FILE_ONLY___ flag
2022-11-02 09:00:13,072 INFO     ___FILE_ONLY___  
2022-11-02 09:00:13,072 INFO     ___FILE_ONLY___ of
2022-11-02 09:00:13,072 INFO     ___FILE_ONLY___  
2022-11-02 09:00:13,072 INFO     ___FILE_ONLY___ [1mdatastream
2022-11-02 09:00:13,072 INFO     ___FILE_ONLY___ 

2022-11-02 09:00:13,072 INFO     ___FILE_ONLY___         
2022-11-02 09:00:13,072 INFO     ___FILE_ONLY___ connection-profiles
2022-11-02 09:00:13,072 INFO     ___FILE_ONLY___  
2022-11-02 09:00:13,073 INFO     ___FILE_ONLY___ <create/update>[m.
2022-11-02 09:00:13,073 INFO     ___FILE_ONLY___ 

2022-11-02 09:00:13,073 INFO     ___FILE_ONLY___ 

2022-11-02 09:00:13,073 INFO     ___FILE_ONLY___ [m
2022-11-02 09:00:13,073 INFO     ___FILE_ONLY___   
2022-11-02 09:00:13,073 INFO     ___FILE_ONLY___ [1mCloud Filestore[m

2022-11-02 09:00:13,074 INFO     ___FILE_ONLY___       ▪
2022-11-02 09:00:13,074 INFO     ___FILE_ONLY___  
2022-11-02 09:00:13,075 INFO     ___FILE_ONLY___ Added
2022-11-02 09:00:13,075 INFO     ___FILE_ONLY___  
2022-11-02 09:00:13,075 INFO     ___FILE_ONLY___ [1m--kms-key[m
2022-11-02 09:00:13,075 INFO     ___FILE_ONLY___  
2022-11-02 09:00:13,075 INFO     ___FILE_ONLY___ flag
2022-11-02 09:00:13,075 INFO     ___FILE_ONLY___  
2022-11-02 09:00:13,076 INFO     ___FILE_ONLY___ to
2022-11-02 09:00:13,076 INFO     ___FILE_ONLY___  
2022-11-02 09:00:13,076 INFO     ___FILE_ONLY___ [1mgcloud
2022-11-02 09:00:13,076 INFO     ___FILE_ONLY___  
2022-11-02 09:00:13,076 INFO     ___FILE_ONLY___ beta
2022-11-02 09:00:13,076 INFO     ___FILE_ONLY___  
2022-11-02 09:00:13,077 INFO     ___FILE_ONLY___ filestore
2022-11-02 09:00:13,077 INFO     ___FILE_ONLY___  
2022-11-02 09:00:13,077 INFO     ___FILE_ONLY___ backups
2022-11-02 09:00:13,078 INFO     ___FILE_ONLY___  
2022-11-02 09:00:13,078 INFO     ___FILE_ONLY___ create[m,
2022-11-02 09:00:13,078 INFO     ___FILE_ONLY___  
2022-11-02 09:00:13,078 INFO     ___FILE_ONLY___ which
2022-11-02 09:00:13,079 INFO     ___FILE_ONLY___ 

2022-11-02 09:00:13,079 INFO     ___FILE_ONLY___         
2022-11-02 09:00:13,079 INFO     ___FILE_ONLY___ allows
2022-11-02 09:00:13,079 INFO     ___FILE_ONLY___  
2022-11-02 09:00:13,079 INFO     ___FILE_ONLY___ an
2022-11-02 09:00:13,079 INFO     ___FILE_ONLY___  
2022-11-02 09:00:13,080 INFO     ___FILE_ONLY___ Enterprise
2022-11-02 09:00:13,080 INFO     ___FILE_ONLY___  
2022-11-02 09:00:13,080 INFO     ___FILE_ONLY___ or
2022-11-02 09:00:13,080 INFO     ___FILE_ONLY___  
2022-11-02 09:00:13,080 INFO     ___FILE_ONLY___ High
2022-11-02 09:00:13,080 INFO     ___FILE_ONLY___  
2022-11-02 09:00:13,080 INFO     ___FILE_ONLY___ Scale
2022-11-02 09:00:13,080 INFO     ___FILE_ONLY___  
2022-11-02 09:00:13,081 INFO     ___FILE_ONLY___ backup
2022-11-02 09:00:13,081 INFO     ___FILE_ONLY___  
2022-11-02 09:00:13,081 INFO     ___FILE_ONLY___ to
2022-11-02 09:00:13,081 INFO     ___FILE_ONLY___  
2022-11-02 09:00:13,081 INFO     ___FILE_ONLY___ be
2022-11-02 09:00:13,081 INFO     ___FILE_ONLY___  
2022-11-02 09:00:13,082 INFO     ___FILE_ONLY___ created
2022-11-02 09:00:13,082 INFO     ___FILE_ONLY___  
2022-11-02 09:00:13,082 INFO     ___FILE_ONLY___ that
2022-11-02 09:00:13,082 INFO     ___FILE_ONLY___  
2022-11-02 09:00:13,082 INFO     ___FILE_ONLY___ is
2022-11-02 09:00:13,083 INFO     ___FILE_ONLY___ 

2022-11-02 09:00:13,083 INFO     ___FILE_ONLY___         
2022-11-02 09:00:13,083 INFO     ___FILE_ONLY___ encrypted
2022-11-02 09:00:13,084 INFO     ___FILE_ONLY___  
2022-11-02 09:00:13,084 INFO     ___FILE_ONLY___ with
2022-11-02 09:00:13,084 INFO     ___FILE_ONLY___  
2022-11-02 09:00:13,085 INFO     ___FILE_ONLY___ a
2022-11-02 09:00:13,085 INFO     ___FILE_ONLY___  
2022-11-02 09:00:13,085 INFO     ___FILE_ONLY___ CMEK
2022-11-02 09:00:13,085 INFO     ___FILE_ONLY___  
2022-11-02 09:00:13,086 INFO     ___FILE_ONLY___ key."
2022-11-02 09:00:13,086 INFO     ___FILE_ONLY___  
2022-11-02 09:00:13,086 INFO     ___FILE_ONLY___ =>
2022-11-02 09:00:13,086 INFO     ___FILE_ONLY___  
2022-11-02 09:00:13,086 INFO     ___FILE_ONLY___ "which
2022-11-02 09:00:13,086 INFO     ___FILE_ONLY___  
2022-11-02 09:00:13,087 INFO     ___FILE_ONLY___ creates
2022-11-02 09:00:13,087 INFO     ___FILE_ONLY___  
2022-11-02 09:00:13,087 INFO     ___FILE_ONLY___ a
2022-11-02 09:00:13,087 INFO     ___FILE_ONLY___  
2022-11-02 09:00:13,087 INFO     ___FILE_ONLY___ backup
2022-11-02 09:00:13,087 INFO     ___FILE_ONLY___  
2022-11-02 09:00:13,087 INFO     ___FILE_ONLY___ with
2022-11-02 09:00:13,087 INFO     ___FILE_ONLY___  
2022-11-02 09:00:13,088 INFO     ___FILE_ONLY___ an
2022-11-02 09:00:13,088 INFO     ___FILE_ONLY___ 

2022-11-02 09:00:13,088 INFO     ___FILE_ONLY___         
2022-11-02 09:00:13,088 INFO     ___FILE_ONLY___ associated
2022-11-02 09:00:13,089 INFO     ___FILE_ONLY___  
2022-11-02 09:00:13,089 INFO     ___FILE_ONLY___ customer-managed
2022-11-02 09:00:13,089 INFO     ___FILE_ONLY___  
2022-11-02 09:00:13,089 INFO     ___FILE_ONLY___ encryption
2022-11-02 09:00:13,090 INFO     ___FILE_ONLY___  
2022-11-02 09:00:13,090 INFO     ___FILE_ONLY___ key
2022-11-02 09:00:13,090 INFO     ___FILE_ONLY___  
2022-11-02 09:00:13,090 INFO     ___FILE_ONLY___ (CMEK).
2022-11-02 09:00:13,090 INFO     ___FILE_ONLY___  
2022-11-02 09:00:13,091 INFO     ___FILE_ONLY___ Only
2022-11-02 09:00:13,091 INFO     ___FILE_ONLY___  
2022-11-02 09:00:13,091 INFO     ___FILE_ONLY___ available
2022-11-02 09:00:13,091 INFO     ___FILE_ONLY___  
2022-11-02 09:00:13,091 INFO     ___FILE_ONLY___ for
2022-11-02 09:00:13,091 INFO     ___FILE_ONLY___ 

2022-11-02 09:00:13,092 INFO     ___FILE_ONLY___         
2022-11-02 09:00:13,092 INFO     ___FILE_ONLY___ Enterprise
2022-11-02 09:00:13,092 INFO     ___FILE_ONLY___  
2022-11-02 09:00:13,092 INFO     ___FILE_ONLY___ or
2022-11-02 09:00:13,092 INFO     ___FILE_ONLY___  
2022-11-02 09:00:13,092 INFO     ___FILE_ONLY___ High
2022-11-02 09:00:13,093 INFO     ___FILE_ONLY___  
2022-11-02 09:00:13,093 INFO     ___FILE_ONLY___ Scale
2022-11-02 09:00:13,093 INFO     ___FILE_ONLY___  
2022-11-02 09:00:13,093 INFO     ___FILE_ONLY___ tier
2022-11-02 09:00:13,093 INFO     ___FILE_ONLY___  
2022-11-02 09:00:13,093 INFO     ___FILE_ONLY___ instances.
2022-11-02 09:00:13,093 INFO     ___FILE_ONLY___ 

2022-11-02 09:00:13,093 INFO     ___FILE_ONLY___       ▪
2022-11-02 09:00:13,094 INFO     ___FILE_ONLY___  
2022-11-02 09:00:13,094 INFO     ___FILE_ONLY___ Added
2022-11-02 09:00:13,094 INFO     ___FILE_ONLY___  
2022-11-02 09:00:13,094 INFO     ___FILE_ONLY___ [1m--location[m
2022-11-02 09:00:13,095 INFO     ___FILE_ONLY___  
2022-11-02 09:00:13,095 INFO     ___FILE_ONLY___ flag
2022-11-02 09:00:13,095 INFO     ___FILE_ONLY___  
2022-11-02 09:00:13,095 INFO     ___FILE_ONLY___ to
2022-11-02 09:00:13,095 INFO     ___FILE_ONLY___  
2022-11-02 09:00:13,095 INFO     ___FILE_ONLY___ [1mgcloud
2022-11-02 09:00:13,096 INFO     ___FILE_ONLY___  
2022-11-02 09:00:13,096 INFO     ___FILE_ONLY___ beta
2022-11-02 09:00:13,096 INFO     ___FILE_ONLY___  
2022-11-02 09:00:13,096 INFO     ___FILE_ONLY___ filestore
2022-11-02 09:00:13,096 INFO     ___FILE_ONLY___  
2022-11-02 09:00:13,096 INFO     ___FILE_ONLY___ instances
2022-11-02 09:00:13,097 INFO     ___FILE_ONLY___  
2022-11-02 09:00:13,097 INFO     ___FILE_ONLY___ restore[m,
2022-11-02 09:00:13,097 INFO     ___FILE_ONLY___ 

2022-11-02 09:00:13,097 INFO     ___FILE_ONLY___         
2022-11-02 09:00:13,098 INFO     ___FILE_ONLY___ which
2022-11-02 09:00:13,098 INFO     ___FILE_ONLY___  
2022-11-02 09:00:13,098 INFO     ___FILE_ONLY___ restores
2022-11-02 09:00:13,098 INFO     ___FILE_ONLY___  
2022-11-02 09:00:13,098 INFO     ___FILE_ONLY___ Enterprise
2022-11-02 09:00:13,099 INFO     ___FILE_ONLY___  
2022-11-02 09:00:13,099 INFO     ___FILE_ONLY___ instances."
2022-11-02 09:00:13,099 INFO     ___FILE_ONLY___  
2022-11-02 09:00:13,099 INFO     ___FILE_ONLY___ =>
2022-11-02 09:00:13,100 INFO     ___FILE_ONLY___  
2022-11-02 09:00:13,100 INFO     ___FILE_ONLY___ "restore
2022-11-02 09:00:13,100 INFO     ___FILE_ONLY___  
2022-11-02 09:00:13,100 INFO     ___FILE_ONLY___ Basic
2022-11-02 09:00:13,100 INFO     ___FILE_ONLY___  
2022-11-02 09:00:13,100 INFO     ___FILE_ONLY___ HDD,
2022-11-02 09:00:13,101 INFO     ___FILE_ONLY___  
2022-11-02 09:00:13,101 INFO     ___FILE_ONLY___ Basic
2022-11-02 09:00:13,101 INFO     ___FILE_ONLY___  
2022-11-02 09:00:13,101 INFO     ___FILE_ONLY___ SSD,
2022-11-02 09:00:13,101 INFO     ___FILE_ONLY___ 

2022-11-02 09:00:13,101 INFO     ___FILE_ONLY___         
2022-11-02 09:00:13,101 INFO     ___FILE_ONLY___ and
2022-11-02 09:00:13,102 INFO     ___FILE_ONLY___  
2022-11-02 09:00:13,102 INFO     ___FILE_ONLY___ Enterprise
2022-11-02 09:00:13,102 INFO     ___FILE_ONLY___  
2022-11-02 09:00:13,102 INFO     ___FILE_ONLY___ tier
2022-11-02 09:00:13,102 INFO     ___FILE_ONLY___  
2022-11-02 09:00:13,102 INFO     ___FILE_ONLY___ instances.
2022-11-02 09:00:13,102 INFO     ___FILE_ONLY___ 

2022-11-02 09:00:13,102 INFO     ___FILE_ONLY___       ▪
2022-11-02 09:00:13,103 INFO     ___FILE_ONLY___  
2022-11-02 09:00:13,103 INFO     ___FILE_ONLY___ Added
2022-11-02 09:00:13,104 INFO     ___FILE_ONLY___  
2022-11-02 09:00:13,104 INFO     ___FILE_ONLY___ [1m--instance-location[m
2022-11-02 09:00:13,104 INFO     ___FILE_ONLY___  
2022-11-02 09:00:13,104 INFO     ___FILE_ONLY___ flag
2022-11-02 09:00:13,104 INFO     ___FILE_ONLY___  
2022-11-02 09:00:13,104 INFO     ___FILE_ONLY___ to
2022-11-02 09:00:13,104 INFO     ___FILE_ONLY___  
2022-11-02 09:00:13,104 INFO     ___FILE_ONLY___ [1mgcloud
2022-11-02 09:00:13,104 INFO     ___FILE_ONLY___  
2022-11-02 09:00:13,104 INFO     ___FILE_ONLY___ beta
2022-11-02 09:00:13,104 INFO     ___FILE_ONLY___  
2022-11-02 09:00:13,105 INFO     ___FILE_ONLY___ filestore
2022-11-02 09:00:13,105 INFO     ___FILE_ONLY___  
2022-11-02 09:00:13,105 INFO     ___FILE_ONLY___ backups
2022-11-02 09:00:13,105 INFO     ___FILE_ONLY___ 

2022-11-02 09:00:13,105 INFO     ___FILE_ONLY___         
2022-11-02 09:00:13,105 INFO     ___FILE_ONLY___ create[m,
2022-11-02 09:00:13,105 INFO     ___FILE_ONLY___  
2022-11-02 09:00:13,106 INFO     ___FILE_ONLY___ which
2022-11-02 09:00:13,106 INFO     ___FILE_ONLY___  
2022-11-02 09:00:13,106 INFO     ___FILE_ONLY___ accepts
2022-11-02 09:00:13,106 INFO     ___FILE_ONLY___  
2022-11-02 09:00:13,106 INFO     ___FILE_ONLY___ either
2022-11-02 09:00:13,106 INFO     ___FILE_ONLY___  
2022-11-02 09:00:13,106 INFO     ___FILE_ONLY___ a
2022-11-02 09:00:13,107 INFO     ___FILE_ONLY___  
2022-11-02 09:00:13,107 INFO     ___FILE_ONLY___ zone
2022-11-02 09:00:13,107 INFO     ___FILE_ONLY___  
2022-11-02 09:00:13,107 INFO     ___FILE_ONLY___ or
2022-11-02 09:00:13,107 INFO     ___FILE_ONLY___  
2022-11-02 09:00:13,107 INFO     ___FILE_ONLY___ region
2022-11-02 09:00:13,107 INFO     ___FILE_ONLY___  
2022-11-02 09:00:13,107 INFO     ___FILE_ONLY___ and
2022-11-02 09:00:13,108 INFO     ___FILE_ONLY___  
2022-11-02 09:00:13,108 INFO     ___FILE_ONLY___ allows
2022-11-02 09:00:13,108 INFO     ___FILE_ONLY___  
2022-11-02 09:00:13,108 INFO     ___FILE_ONLY___ clients
2022-11-02 09:00:13,109 INFO     ___FILE_ONLY___  
2022-11-02 09:00:13,109 INFO     ___FILE_ONLY___ to
2022-11-02 09:00:13,109 INFO     ___FILE_ONLY___ 

2022-11-02 09:00:13,109 INFO     ___FILE_ONLY___         
2022-11-02 09:00:13,109 INFO     ___FILE_ONLY___ create
2022-11-02 09:00:13,109 INFO     ___FILE_ONLY___  
2022-11-02 09:00:13,109 INFO     ___FILE_ONLY___ Basic
2022-11-02 09:00:13,110 INFO     ___FILE_ONLY___  
2022-11-02 09:00:13,110 INFO     ___FILE_ONLY___ HDD,
2022-11-02 09:00:13,110 INFO     ___FILE_ONLY___  
2022-11-02 09:00:13,110 INFO     ___FILE_ONLY___ Basic
2022-11-02 09:00:13,110 INFO     ___FILE_ONLY___  
2022-11-02 09:00:13,110 INFO     ___FILE_ONLY___ SSD,
2022-11-02 09:00:13,110 INFO     ___FILE_ONLY___  
2022-11-02 09:00:13,110 INFO     ___FILE_ONLY___ and
2022-11-02 09:00:13,111 INFO     ___FILE_ONLY___  
2022-11-02 09:00:13,111 INFO     ___FILE_ONLY___ Enterprise
2022-11-02 09:00:13,111 INFO     ___FILE_ONLY___  
2022-11-02 09:00:13,111 INFO     ___FILE_ONLY___ tier
2022-11-02 09:00:13,111 INFO     ___FILE_ONLY___  
2022-11-02 09:00:13,111 INFO     ___FILE_ONLY___ backups.
2022-11-02 09:00:13,112 INFO     ___FILE_ONLY___ 

2022-11-02 09:00:13,112 INFO     ___FILE_ONLY___ 

2022-11-02 09:00:13,112 INFO     ___FILE_ONLY___ [m
2022-11-02 09:00:13,112 INFO     ___FILE_ONLY___   
2022-11-02 09:00:13,112 INFO     ___FILE_ONLY___ [1mCloud SQL[m

2022-11-02 09:00:13,112 INFO     ___FILE_ONLY___       ▪
2022-11-02 09:00:13,113 INFO     ___FILE_ONLY___  
2022-11-02 09:00:13,113 INFO     ___FILE_ONLY___ Added
2022-11-02 09:00:13,113 INFO     ___FILE_ONLY___  
2022-11-02 09:00:13,113 INFO     ___FILE_ONLY___ the
2022-11-02 09:00:13,113 INFO     ___FILE_ONLY___  
2022-11-02 09:00:13,114 INFO     ___FILE_ONLY___ following
2022-11-02 09:00:13,114 INFO     ___FILE_ONLY___  
2022-11-02 09:00:13,114 INFO     ___FILE_ONLY___ flags
2022-11-02 09:00:13,114 INFO     ___FILE_ONLY___  
2022-11-02 09:00:13,114 INFO     ___FILE_ONLY___ to
2022-11-02 09:00:13,114 INFO     ___FILE_ONLY___  
2022-11-02 09:00:13,114 INFO     ___FILE_ONLY___ [1mgcloud
2022-11-02 09:00:13,115 INFO     ___FILE_ONLY___  
2022-11-02 09:00:13,115 INFO     ___FILE_ONLY___ sql
2022-11-02 09:00:13,115 INFO     ___FILE_ONLY___  
2022-11-02 09:00:13,115 INFO     ___FILE_ONLY___ instances
2022-11-02 09:00:13,115 INFO     ___FILE_ONLY___  
2022-11-02 09:00:13,115 INFO     ___FILE_ONLY___ create[m
2022-11-02 09:00:13,115 INFO     ___FILE_ONLY___  
2022-11-02 09:00:13,115 INFO     ___FILE_ONLY___ and
2022-11-02 09:00:13,115 INFO     ___FILE_ONLY___  
2022-11-02 09:00:13,116 INFO     ___FILE_ONLY___ [1mgcloud
2022-11-02 09:00:13,116 INFO     ___FILE_ONLY___ 

2022-11-02 09:00:13,116 INFO     ___FILE_ONLY___         
2022-11-02 09:00:13,116 INFO     ___FILE_ONLY___ sql
2022-11-02 09:00:13,116 INFO     ___FILE_ONLY___  
2022-11-02 09:00:13,116 INFO     ___FILE_ONLY___ instances
2022-11-02 09:00:13,116 INFO     ___FILE_ONLY___  
2022-11-02 09:00:13,117 INFO     ___FILE_ONLY___ patch[m
2022-11-02 09:00:13,117 INFO     ___FILE_ONLY___  
2022-11-02 09:00:13,117 INFO     ___FILE_ONLY___ in
2022-11-02 09:00:13,117 INFO     ___FILE_ONLY___  
2022-11-02 09:00:13,117 INFO     ___FILE_ONLY___ BETA:
2022-11-02 09:00:13,117 INFO     ___FILE_ONLY___ 

2022-11-02 09:00:13,117 INFO     ___FILE_ONLY___         ◆
2022-11-02 09:00:13,118 INFO     ___FILE_ONLY___  
2022-11-02 09:00:13,118 INFO     ___FILE_ONLY___ [1m--connector_enforcement[m
2022-11-02 09:00:13,118 INFO     ___FILE_ONLY___ 

2022-11-02 09:00:13,118 INFO     ___FILE_ONLY___ 

2022-11-02 09:00:13,118 INFO     ___FILE_ONLY___ [m
2022-11-02 09:00:13,118 INFO     ___FILE_ONLY___   
2022-11-02 09:00:13,119 INFO     ___FILE_ONLY___ [1mCloud Storage[m

2022-11-02 09:00:13,119 INFO     ___FILE_ONLY___       ▪
2022-11-02 09:00:13,119 INFO     ___FILE_ONLY___  
2022-11-02 09:00:13,119 INFO     ___FILE_ONLY___ Updated
2022-11-02 09:00:13,119 INFO     ___FILE_ONLY___  
2022-11-02 09:00:13,119 INFO     ___FILE_ONLY___ gsutil
2022-11-02 09:00:13,120 INFO     ___FILE_ONLY___  
2022-11-02 09:00:13,120 INFO     ___FILE_ONLY___ component
2022-11-02 09:00:13,120 INFO     ___FILE_ONLY___  
2022-11-02 09:00:13,120 INFO     ___FILE_ONLY___ to
2022-11-02 09:00:13,120 INFO     ___FILE_ONLY___  
2022-11-02 09:00:13,121 INFO     ___FILE_ONLY___ 5.15.
2022-11-02 09:00:13,121 INFO     ___FILE_ONLY___ 

2022-11-02 09:00:13,121 INFO     ___FILE_ONLY___ 

2022-11-02 09:00:13,121 INFO     ___FILE_ONLY___ [m
2022-11-02 09:00:13,121 INFO     ___FILE_ONLY___   
2022-11-02 09:00:13,121 INFO     ___FILE_ONLY___ [1mCloud Workstations[m

2022-11-02 09:00:13,121 INFO     ___FILE_ONLY___       ▪
2022-11-02 09:00:13,122 INFO     ___FILE_ONLY___  
2022-11-02 09:00:13,122 INFO     ___FILE_ONLY___ Promoted
2022-11-02 09:00:13,122 INFO     ___FILE_ONLY___  
2022-11-02 09:00:13,122 INFO     ___FILE_ONLY___ [1mgcloud
2022-11-02 09:00:13,123 INFO     ___FILE_ONLY___  
2022-11-02 09:00:13,123 INFO     ___FILE_ONLY___ beta
2022-11-02 09:00:13,123 INFO     ___FILE_ONLY___  
2022-11-02 09:00:13,123 INFO     ___FILE_ONLY___ workstations[m
2022-11-02 09:00:13,123 INFO     ___FILE_ONLY___  
2022-11-02 09:00:13,124 INFO     ___FILE_ONLY___ commands
2022-11-02 09:00:13,124 INFO     ___FILE_ONLY___  
2022-11-02 09:00:13,124 INFO     ___FILE_ONLY___ to
2022-11-02 09:00:13,124 INFO     ___FILE_ONLY___  
2022-11-02 09:00:13,125 INFO     ___FILE_ONLY___ beta
2022-11-02 09:00:13,125 INFO     ___FILE_ONLY___  
2022-11-02 09:00:13,125 INFO     ___FILE_ONLY___ for
2022-11-02 09:00:13,125 INFO     ___FILE_ONLY___  
2022-11-02 09:00:13,125 INFO     ___FILE_ONLY___ Preview
2022-11-02 09:00:13,126 INFO     ___FILE_ONLY___ 

2022-11-02 09:00:13,126 INFO     ___FILE_ONLY___         
2022-11-02 09:00:13,126 INFO     ___FILE_ONLY___ (https://cloud.google.com/products#product-launch-stages).
2022-11-02 09:00:13,127 INFO     ___FILE_ONLY___ 

2022-11-02 09:00:13,127 INFO     ___FILE_ONLY___ 

2022-11-02 09:00:13,127 INFO     ___FILE_ONLY___ [m
2022-11-02 09:00:13,127 INFO     ___FILE_ONLY___   
2022-11-02 09:00:13,127 INFO     ___FILE_ONLY___ [1mCompute Engine[m

2022-11-02 09:00:13,128 INFO     ___FILE_ONLY___       ▪
2022-11-02 09:00:13,128 INFO     ___FILE_ONLY___  
2022-11-02 09:00:13,128 INFO     ___FILE_ONLY___ Promoted
2022-11-02 09:00:13,128 INFO     ___FILE_ONLY___  
2022-11-02 09:00:13,129 INFO     ___FILE_ONLY___ [1m--source-machine-image[m,
2022-11-02 09:00:13,129 INFO     ___FILE_ONLY___ 

2022-11-02 09:00:13,129 INFO     ___FILE_ONLY___         
2022-11-02 09:00:13,129 INFO     ___FILE_ONLY___ [1m--source-machine-image-csek-key-file[m,
2022-11-02 09:00:13,129 INFO     ___FILE_ONLY___  
2022-11-02 09:00:13,129 INFO     ___FILE_ONLY___ and
2022-11-02 09:00:13,133 INFO     ___FILE_ONLY___  
2022-11-02 09:00:13,133 INFO     ___FILE_ONLY___ [1m--erase-windows-vss-signature[m
2022-11-02 09:00:13,133 INFO     ___FILE_ONLY___ 

2022-11-02 09:00:13,134 INFO     ___FILE_ONLY___         
2022-11-02 09:00:13,134 INFO     ___FILE_ONLY___ flags
2022-11-02 09:00:13,134 INFO     ___FILE_ONLY___  
2022-11-02 09:00:13,134 INFO     ___FILE_ONLY___ of
2022-11-02 09:00:13,135 INFO     ___FILE_ONLY___  
2022-11-02 09:00:13,164 INFO     ___FILE_ONLY___ [1mcompute
2022-11-02 09:00:13,164 INFO     ___FILE_ONLY___  
2022-11-02 09:00:13,164 INFO     ___FILE_ONLY___ instances
2022-11-02 09:00:13,164 INFO     ___FILE_ONLY___  
2022-11-02 09:00:13,165 INFO     ___FILE_ONLY___ create[m
2022-11-02 09:00:13,165 INFO     ___FILE_ONLY___  
2022-11-02 09:00:13,165 INFO     ___FILE_ONLY___ to
2022-11-02 09:00:13,165 INFO     ___FILE_ONLY___  
2022-11-02 09:00:13,165 INFO     ___FILE_ONLY___ GA.
2022-11-02 09:00:13,165 INFO     ___FILE_ONLY___ 

2022-11-02 09:00:13,166 INFO     ___FILE_ONLY___       ▪
2022-11-02 09:00:13,166 INFO     ___FILE_ONLY___  
2022-11-02 09:00:13,167 INFO     ___FILE_ONLY___ Fixed
2022-11-02 09:00:13,167 INFO     ___FILE_ONLY___  
2022-11-02 09:00:13,167 INFO     ___FILE_ONLY___ an
2022-11-02 09:00:13,167 INFO     ___FILE_ONLY___  
2022-11-02 09:00:13,167 INFO     ___FILE_ONLY___ issue
2022-11-02 09:00:13,167 INFO     ___FILE_ONLY___  
2022-11-02 09:00:13,167 INFO     ___FILE_ONLY___ with
2022-11-02 09:00:13,168 INFO     ___FILE_ONLY___  
2022-11-02 09:00:13,168 INFO     ___FILE_ONLY___ [1m--create-disk[m
2022-11-02 09:00:13,168 INFO     ___FILE_ONLY___  
2022-11-02 09:00:13,168 INFO     ___FILE_ONLY___ and
2022-11-02 09:00:13,168 INFO     ___FILE_ONLY___  
2022-11-02 09:00:13,168 INFO     ___FILE_ONLY___ [1m--disk[m
2022-11-02 09:00:13,168 INFO     ___FILE_ONLY___  
2022-11-02 09:00:13,168 INFO     ___FILE_ONLY___ flags
2022-11-02 09:00:13,168 INFO     ___FILE_ONLY___  
2022-11-02 09:00:13,169 INFO     ___FILE_ONLY___ that
2022-11-02 09:00:13,169 INFO     ___FILE_ONLY___  
2022-11-02 09:00:13,169 INFO     ___FILE_ONLY___ causes
2022-11-02 09:00:13,169 INFO     ___FILE_ONLY___  
2022-11-02 09:00:13,169 INFO     ___FILE_ONLY___ [1mgcloud
2022-11-02 09:00:13,169 INFO     ___FILE_ONLY___ 

2022-11-02 09:00:13,169 INFO     ___FILE_ONLY___         
2022-11-02 09:00:13,170 INFO     ___FILE_ONLY___ compute
2022-11-02 09:00:13,170 INFO     ___FILE_ONLY___  
2022-11-02 09:00:13,170 INFO     ___FILE_ONLY___ instance-templates
2022-11-02 09:00:13,170 INFO     ___FILE_ONLY___  
2022-11-02 09:00:13,170 INFO     ___FILE_ONLY___ create[m
2022-11-02 09:00:13,170 INFO     ___FILE_ONLY___  
2022-11-02 09:00:13,170 INFO     ___FILE_ONLY___ or
2022-11-02 09:00:13,171 INFO     ___FILE_ONLY___  
2022-11-02 09:00:13,172 INFO     ___FILE_ONLY___ [1mgcloud
2022-11-02 09:00:13,172 INFO     ___FILE_ONLY___  
2022-11-02 09:00:13,172 INFO     ___FILE_ONLY___ compute
2022-11-02 09:00:13,173 INFO     ___FILE_ONLY___  
2022-11-02 09:00:13,173 INFO     ___FILE_ONLY___ instance-templates
2022-11-02 09:00:13,173 INFO     ___FILE_ONLY___ 

2022-11-02 09:00:13,173 INFO     ___FILE_ONLY___         
2022-11-02 09:00:13,173 INFO     ___FILE_ONLY___ create-with-container[m
2022-11-02 09:00:13,173 INFO     ___FILE_ONLY___  
2022-11-02 09:00:13,174 INFO     ___FILE_ONLY___ to
2022-11-02 09:00:13,174 INFO     ___FILE_ONLY___  
2022-11-02 09:00:13,174 INFO     ___FILE_ONLY___ fail
2022-11-02 09:00:13,177 INFO     ___FILE_ONLY___  
2022-11-02 09:00:13,178 INFO     ___FILE_ONLY___ when
2022-11-02 09:00:13,178 INFO     ___FILE_ONLY___  
2022-11-02 09:00:13,178 INFO     ___FILE_ONLY___ attaching
2022-11-02 09:00:13,178 INFO     ___FILE_ONLY___  
2022-11-02 09:00:13,178 INFO     ___FILE_ONLY___ a
2022-11-02 09:00:13,178 INFO     ___FILE_ONLY___  
2022-11-02 09:00:13,178 INFO     ___FILE_ONLY___ boot
2022-11-02 09:00:13,179 INFO     ___FILE_ONLY___  
2022-11-02 09:00:13,179 INFO     ___FILE_ONLY___ disk.
2022-11-02 09:00:13,179 INFO     ___FILE_ONLY___ 

2022-11-02 09:00:13,179 INFO     ___FILE_ONLY___       ▪
2022-11-02 09:00:13,185 INFO     ___FILE_ONLY___  
2022-11-02 09:00:13,185 INFO     ___FILE_ONLY___ Promoted
2022-11-02 09:00:13,185 INFO     ___FILE_ONLY___  
2022-11-02 09:00:13,186 INFO     ___FILE_ONLY___ [1m--region[m
2022-11-02 09:00:13,186 INFO     ___FILE_ONLY___  
2022-11-02 09:00:13,186 INFO     ___FILE_ONLY___ flag
2022-11-02 09:00:13,186 INFO     ___FILE_ONLY___  
2022-11-02 09:00:13,186 INFO     ___FILE_ONLY___ for
2022-11-02 09:00:13,186 INFO     ___FILE_ONLY___  
2022-11-02 09:00:13,186 INFO     ___FILE_ONLY___ [1mcompute
2022-11-02 09:00:13,187 INFO     ___FILE_ONLY___  
2022-11-02 09:00:13,187 INFO     ___FILE_ONLY___ target-tcp-proxies[m
2022-11-02 09:00:13,187 INFO     ___FILE_ONLY___  
2022-11-02 09:00:13,187 INFO     ___FILE_ONLY___ to
2022-11-02 09:00:13,187 INFO     ___FILE_ONLY___  
2022-11-02 09:00:13,188 INFO     ___FILE_ONLY___ GA.
2022-11-02 09:00:13,188 INFO     ___FILE_ONLY___ 

2022-11-02 09:00:13,188 INFO     ___FILE_ONLY___ 

2022-11-02 09:00:13,188 INFO     ___FILE_ONLY___ [m
2022-11-02 09:00:13,188 INFO     ___FILE_ONLY___   
2022-11-02 09:00:13,188 INFO     ___FILE_ONLY___ [1mCompute Firewall Policies[m

2022-11-02 09:00:13,189 INFO     ___FILE_ONLY___       ▪
2022-11-02 09:00:13,189 INFO     ___FILE_ONLY___  
2022-11-02 09:00:13,189 INFO     ___FILE_ONLY___ Fixed
2022-11-02 09:00:13,189 INFO     ___FILE_ONLY___  
2022-11-02 09:00:13,189 INFO     ___FILE_ONLY___ bug
2022-11-02 09:00:13,189 INFO     ___FILE_ONLY___  
2022-11-02 09:00:13,190 INFO     ___FILE_ONLY___ in
2022-11-02 09:00:13,190 INFO     ___FILE_ONLY___  
2022-11-02 09:00:13,190 INFO     ___FILE_ONLY___ [1mgcloud
2022-11-02 09:00:13,190 INFO     ___FILE_ONLY___  
2022-11-02 09:00:13,190 INFO     ___FILE_ONLY___ compute
2022-11-02 09:00:13,190 INFO     ___FILE_ONLY___  
2022-11-02 09:00:13,191 INFO     ___FILE_ONLY___ network-firewall-policies
2022-11-02 09:00:13,191 INFO     ___FILE_ONLY___  
2022-11-02 09:00:13,191 INFO     ___FILE_ONLY___ rules
2022-11-02 09:00:13,191 INFO     ___FILE_ONLY___  
2022-11-02 09:00:13,191 INFO     ___FILE_ONLY___ update[m
2022-11-02 09:00:13,192 INFO     ___FILE_ONLY___ 

2022-11-02 09:00:13,192 INFO     ___FILE_ONLY___         
2022-11-02 09:00:13,192 INFO     ___FILE_ONLY___ that
2022-11-02 09:00:13,192 INFO     ___FILE_ONLY___  
2022-11-02 09:00:13,192 INFO     ___FILE_ONLY___ would
2022-11-02 09:00:13,193 INFO     ___FILE_ONLY___  
2022-11-02 09:00:13,193 INFO     ___FILE_ONLY___ cause
2022-11-02 09:00:13,193 INFO     ___FILE_ONLY___  
2022-11-02 09:00:13,193 INFO     ___FILE_ONLY___ [1msrc-secure-tags[m
2022-11-02 09:00:13,194 INFO     ___FILE_ONLY___  
2022-11-02 09:00:13,194 INFO     ___FILE_ONLY___ to
2022-11-02 09:00:13,195 INFO     ___FILE_ONLY___  
2022-11-02 09:00:13,195 INFO     ___FILE_ONLY___ not
2022-11-02 09:00:13,195 INFO     ___FILE_ONLY___  
2022-11-02 09:00:13,195 INFO     ___FILE_ONLY___ be
2022-11-02 09:00:13,195 INFO     ___FILE_ONLY___  
2022-11-02 09:00:13,195 INFO     ___FILE_ONLY___ updated.
2022-11-02 09:00:13,195 INFO     ___FILE_ONLY___ 

2022-11-02 09:00:13,196 INFO     ___FILE_ONLY___ 

2022-11-02 09:00:13,196 INFO     ___FILE_ONLY___ [m
2022-11-02 09:00:13,196 INFO     ___FILE_ONLY___   
2022-11-02 09:00:13,196 INFO     ___FILE_ONLY___ [1mGKE Hub[m

2022-11-02 09:00:13,196 INFO     ___FILE_ONLY___       ▪
2022-11-02 09:00:13,197 INFO     ___FILE_ONLY___  
2022-11-02 09:00:13,265 INFO     ___FILE_ONLY___ Modified
2022-11-02 09:00:13,265 INFO     ___FILE_ONLY___  
2022-11-02 09:00:13,265 INFO     ___FILE_ONLY___ [1mgcloud
2022-11-02 09:00:13,266 INFO     ___FILE_ONLY___  
2022-11-02 09:00:13,267 INFO     ___FILE_ONLY___ container
2022-11-02 09:00:13,267 INFO     ___FILE_ONLY___  
2022-11-02 09:00:13,267 INFO     ___FILE_ONLY___ fleet
2022-11-02 09:00:13,267 INFO     ___FILE_ONLY___  
2022-11-02 09:00:13,268 INFO     ___FILE_ONLY___ memberships
2022-11-02 09:00:13,268 INFO     ___FILE_ONLY___  
2022-11-02 09:00:13,268 INFO     ___FILE_ONLY___ register[m
2022-11-02 09:00:13,268 INFO     ___FILE_ONLY___  
2022-11-02 09:00:13,268 INFO     ___FILE_ONLY___ to
2022-11-02 09:00:13,268 INFO     ___FILE_ONLY___  
2022-11-02 09:00:13,268 INFO     ___FILE_ONLY___ skip
2022-11-02 09:00:13,269 INFO     ___FILE_ONLY___  
2022-11-02 09:00:13,269 INFO     ___FILE_ONLY___ Connect
2022-11-02 09:00:13,269 INFO     ___FILE_ONLY___ 

2022-11-02 09:00:13,269 INFO     ___FILE_ONLY___         
2022-11-02 09:00:13,269 INFO     ___FILE_ONLY___ agent
2022-11-02 09:00:13,269 INFO     ___FILE_ONLY___  
2022-11-02 09:00:13,269 INFO     ___FILE_ONLY___ installation
2022-11-02 09:00:13,270 INFO     ___FILE_ONLY___  
2022-11-02 09:00:13,270 INFO     ___FILE_ONLY___ for
2022-11-02 09:00:13,270 INFO     ___FILE_ONLY___  
2022-11-02 09:00:13,270 INFO     ___FILE_ONLY___ GKE
2022-11-02 09:00:13,270 INFO     ___FILE_ONLY___  
2022-11-02 09:00:13,270 INFO     ___FILE_ONLY___ clusters
2022-11-02 09:00:13,270 INFO     ___FILE_ONLY___  
2022-11-02 09:00:13,271 INFO     ___FILE_ONLY___ by
2022-11-02 09:00:13,271 INFO     ___FILE_ONLY___  
2022-11-02 09:00:13,271 INFO     ___FILE_ONLY___ default.
2022-11-02 09:00:13,271 INFO     ___FILE_ONLY___  
2022-11-02 09:00:13,271 INFO     ___FILE_ONLY___ Use
2022-11-02 09:00:13,271 INFO     ___FILE_ONLY___ 

2022-11-02 09:00:13,271 INFO     ___FILE_ONLY___         
2022-11-02 09:00:13,272 INFO     ___FILE_ONLY___ [1m--install-connect-agent[m
2022-11-02 09:00:13,272 INFO     ___FILE_ONLY___  
2022-11-02 09:00:13,272 INFO     ___FILE_ONLY___ flag
2022-11-02 09:00:13,272 INFO     ___FILE_ONLY___  
2022-11-02 09:00:13,272 INFO     ___FILE_ONLY___ to
2022-11-02 09:00:13,272 INFO     ___FILE_ONLY___  
2022-11-02 09:00:13,272 INFO     ___FILE_ONLY___ get
2022-11-02 09:00:13,273 INFO     ___FILE_ONLY___  
2022-11-02 09:00:13,273 INFO     ___FILE_ONLY___ the
2022-11-02 09:00:13,274 INFO     ___FILE_ONLY___  
2022-11-02 09:00:13,274 INFO     ___FILE_ONLY___ old
2022-11-02 09:00:13,274 INFO     ___FILE_ONLY___  
2022-11-02 09:00:13,274 INFO     ___FILE_ONLY___ behavior.
2022-11-02 09:00:13,275 INFO     ___FILE_ONLY___ 

2022-11-02 09:00:13,275 INFO     ___FILE_ONLY___       ▪
2022-11-02 09:00:13,275 INFO     ___FILE_ONLY___  
2022-11-02 09:00:13,275 INFO     ___FILE_ONLY___ Modified
2022-11-02 09:00:13,275 INFO     ___FILE_ONLY___  
2022-11-02 09:00:13,276 INFO     ___FILE_ONLY___ [1mgcloud
2022-11-02 09:00:13,276 INFO     ___FILE_ONLY___  
2022-11-02 09:00:13,276 INFO     ___FILE_ONLY___ container
2022-11-02 09:00:13,279 INFO     ___FILE_ONLY___  
2022-11-02 09:00:13,279 INFO     ___FILE_ONLY___ fleet
2022-11-02 09:00:13,285 INFO     ___FILE_ONLY___  
2022-11-02 09:00:13,287 INFO     ___FILE_ONLY___ memberships
2022-11-02 09:00:13,289 INFO     ___FILE_ONLY___  
2022-11-02 09:00:13,289 INFO     ___FILE_ONLY___ unregister[m
2022-11-02 09:00:13,290 INFO     ___FILE_ONLY___  
2022-11-02 09:00:13,290 INFO     ___FILE_ONLY___ to
2022-11-02 09:00:13,290 INFO     ___FILE_ONLY___  
2022-11-02 09:00:13,290 INFO     ___FILE_ONLY___ skip
2022-11-02 09:00:13,290 INFO     ___FILE_ONLY___ 

2022-11-02 09:00:13,290 INFO     ___FILE_ONLY___         
2022-11-02 09:00:13,290 INFO     ___FILE_ONLY___ Connect
2022-11-02 09:00:13,290 INFO     ___FILE_ONLY___  
2022-11-02 09:00:13,291 INFO     ___FILE_ONLY___ agent
2022-11-02 09:00:13,291 INFO     ___FILE_ONLY___  
2022-11-02 09:00:13,295 INFO     ___FILE_ONLY___ uninstallation
2022-11-02 09:00:13,295 INFO     ___FILE_ONLY___  
2022-11-02 09:00:13,295 INFO     ___FILE_ONLY___ for
2022-11-02 09:00:13,295 INFO     ___FILE_ONLY___  
2022-11-02 09:00:13,296 INFO     ___FILE_ONLY___ GKE
2022-11-02 09:00:13,296 INFO     ___FILE_ONLY___  
2022-11-02 09:00:13,296 INFO     ___FILE_ONLY___ clusters
2022-11-02 09:00:13,296 INFO     ___FILE_ONLY___  
2022-11-02 09:00:13,296 INFO     ___FILE_ONLY___ by
2022-11-02 09:00:13,296 INFO     ___FILE_ONLY___  
2022-11-02 09:00:13,296 INFO     ___FILE_ONLY___ default.
2022-11-02 09:00:13,297 INFO     ___FILE_ONLY___  
2022-11-02 09:00:13,297 INFO     ___FILE_ONLY___ Use
2022-11-02 09:00:13,297 INFO     ___FILE_ONLY___ 

2022-11-02 09:00:13,297 INFO     ___FILE_ONLY___         
2022-11-02 09:00:13,297 INFO     ___FILE_ONLY___ [1m--uninstall-connect-agent[m
2022-11-02 09:00:13,297 INFO     ___FILE_ONLY___  
2022-11-02 09:00:13,297 INFO     ___FILE_ONLY___ flag
2022-11-02 09:00:13,298 INFO     ___FILE_ONLY___  
2022-11-02 09:00:13,298 INFO     ___FILE_ONLY___ to
2022-11-02 09:00:13,298 INFO     ___FILE_ONLY___  
2022-11-02 09:00:13,298 INFO     ___FILE_ONLY___ get
2022-11-02 09:00:13,298 INFO     ___FILE_ONLY___  
2022-11-02 09:00:13,298 INFO     ___FILE_ONLY___ the
2022-11-02 09:00:13,298 INFO     ___FILE_ONLY___  
2022-11-02 09:00:13,298 INFO     ___FILE_ONLY___ old
2022-11-02 09:00:13,299 INFO     ___FILE_ONLY___  
2022-11-02 09:00:13,299 INFO     ___FILE_ONLY___ behavior.
2022-11-02 09:00:13,299 INFO     ___FILE_ONLY___ 

2022-11-02 09:00:13,299 INFO     ___FILE_ONLY___       ▪
2022-11-02 09:00:13,299 INFO     ___FILE_ONLY___  
2022-11-02 09:00:13,300 INFO     ___FILE_ONLY___ Added
2022-11-02 09:00:13,300 INFO     ___FILE_ONLY___  
2022-11-02 09:00:13,300 INFO     ___FILE_ONLY___ [1m--install-connect-agent[m
2022-11-02 09:00:13,300 INFO     ___FILE_ONLY___  
2022-11-02 09:00:13,300 INFO     ___FILE_ONLY___ flag
2022-11-02 09:00:13,300 INFO     ___FILE_ONLY___  
2022-11-02 09:00:13,300 INFO     ___FILE_ONLY___ to
2022-11-02 09:00:13,301 INFO     ___FILE_ONLY___  
2022-11-02 09:00:13,301 INFO     ___FILE_ONLY___ [1mgcloud
2022-11-02 09:00:13,301 INFO     ___FILE_ONLY___  
2022-11-02 09:00:13,301 INFO     ___FILE_ONLY___ container
2022-11-02 09:00:13,301 INFO     ___FILE_ONLY___  
2022-11-02 09:00:13,301 INFO     ___FILE_ONLY___ fleet
2022-11-02 09:00:13,301 INFO     ___FILE_ONLY___ 

2022-11-02 09:00:13,301 INFO     ___FILE_ONLY___         
2022-11-02 09:00:13,302 INFO     ___FILE_ONLY___ memberships
2022-11-02 09:00:13,302 INFO     ___FILE_ONLY___  
2022-11-02 09:00:13,302 INFO     ___FILE_ONLY___ register[m
2022-11-02 09:00:13,302 INFO     ___FILE_ONLY___  
2022-11-02 09:00:13,302 INFO     ___FILE_ONLY___ and
2022-11-02 09:00:13,302 INFO     ___FILE_ONLY___  
2022-11-02 09:00:13,302 INFO     ___FILE_ONLY___ [1mgcloud
2022-11-02 09:00:13,302 INFO     ___FILE_ONLY___  
2022-11-02 09:00:13,302 INFO     ___FILE_ONLY___ container
2022-11-02 09:00:13,303 INFO     ___FILE_ONLY___  
2022-11-02 09:00:13,303 INFO     ___FILE_ONLY___ hub
2022-11-02 09:00:13,312 INFO     ___FILE_ONLY___  
2022-11-02 09:00:13,312 INFO     ___FILE_ONLY___ memberships
2022-11-02 09:00:13,312 INFO     ___FILE_ONLY___  
2022-11-02 09:00:13,312 INFO     ___FILE_ONLY___ register[m
2022-11-02 09:00:13,312 INFO     ___FILE_ONLY___  
2022-11-02 09:00:13,312 INFO     ___FILE_ONLY___ to
2022-11-02 09:00:13,312 INFO     ___FILE_ONLY___ 

2022-11-02 09:00:13,312 INFO     ___FILE_ONLY___         
2022-11-02 09:00:13,313 INFO     ___FILE_ONLY___ install
2022-11-02 09:00:13,313 INFO     ___FILE_ONLY___  
2022-11-02 09:00:13,313 INFO     ___FILE_ONLY___ connect
2022-11-02 09:00:13,313 INFO     ___FILE_ONLY___  
2022-11-02 09:00:13,313 INFO     ___FILE_ONLY___ agent
2022-11-02 09:00:13,313 INFO     ___FILE_ONLY___  
2022-11-02 09:00:13,313 INFO     ___FILE_ONLY___ on
2022-11-02 09:00:13,313 INFO     ___FILE_ONLY___  
2022-11-02 09:00:13,314 INFO     ___FILE_ONLY___ GKE
2022-11-02 09:00:13,314 INFO     ___FILE_ONLY___  
2022-11-02 09:00:13,314 INFO     ___FILE_ONLY___ clusters.
2022-11-02 09:00:13,314 INFO     ___FILE_ONLY___ 

2022-11-02 09:00:13,314 INFO     ___FILE_ONLY___       ▪
2022-11-02 09:00:13,314 INFO     ___FILE_ONLY___  
2022-11-02 09:00:13,315 INFO     ___FILE_ONLY___ Added
2022-11-02 09:00:13,315 INFO     ___FILE_ONLY___  
2022-11-02 09:00:13,315 INFO     ___FILE_ONLY___ [1m--uninstall-connect-agent[m
2022-11-02 09:00:13,315 INFO     ___FILE_ONLY___  
2022-11-02 09:00:13,315 INFO     ___FILE_ONLY___ flag
2022-11-02 09:00:13,315 INFO     ___FILE_ONLY___  
2022-11-02 09:00:13,315 INFO     ___FILE_ONLY___ to
2022-11-02 09:00:13,316 INFO     ___FILE_ONLY___  
2022-11-02 09:00:13,316 INFO     ___FILE_ONLY___ [1mgcloud
2022-11-02 09:00:13,316 INFO     ___FILE_ONLY___  
2022-11-02 09:00:13,316 INFO     ___FILE_ONLY___ container
2022-11-02 09:00:13,316 INFO     ___FILE_ONLY___  
2022-11-02 09:00:13,316 INFO     ___FILE_ONLY___ fleet
2022-11-02 09:00:13,316 INFO     ___FILE_ONLY___ 

2022-11-02 09:00:13,317 INFO     ___FILE_ONLY___         
2022-11-02 09:00:13,317 INFO     ___FILE_ONLY___ memberships
2022-11-02 09:00:13,317 INFO     ___FILE_ONLY___  
2022-11-02 09:00:13,317 INFO     ___FILE_ONLY___ unregister[m
2022-11-02 09:00:13,317 INFO     ___FILE_ONLY___  
2022-11-02 09:00:13,317 INFO     ___FILE_ONLY___ and
2022-11-02 09:00:13,317 INFO     ___FILE_ONLY___  
2022-11-02 09:00:13,317 INFO     ___FILE_ONLY___ [1mgcloud
2022-11-02 09:00:13,318 INFO     ___FILE_ONLY___  
2022-11-02 09:00:13,318 INFO     ___FILE_ONLY___ container
2022-11-02 09:00:13,318 INFO     ___FILE_ONLY___  
2022-11-02 09:00:13,318 INFO     ___FILE_ONLY___ hub
2022-11-02 09:00:13,318 INFO     ___FILE_ONLY___  
2022-11-02 09:00:13,318 INFO     ___FILE_ONLY___ memberships
2022-11-02 09:00:13,318 INFO     ___FILE_ONLY___  
2022-11-02 09:00:13,318 INFO     ___FILE_ONLY___ unregister[m
2022-11-02 09:00:13,319 INFO     ___FILE_ONLY___ 

2022-11-02 09:00:13,319 INFO     ___FILE_ONLY___         
2022-11-02 09:00:13,319 INFO     ___FILE_ONLY___ to
2022-11-02 09:00:13,319 INFO     ___FILE_ONLY___  
2022-11-02 09:00:13,319 INFO     ___FILE_ONLY___ uninstall
2022-11-02 09:00:13,319 INFO     ___FILE_ONLY___  
2022-11-02 09:00:13,319 INFO     ___FILE_ONLY___ Connect
2022-11-02 09:00:13,319 INFO     ___FILE_ONLY___  
2022-11-02 09:00:13,320 INFO     ___FILE_ONLY___ agent
2022-11-02 09:00:13,320 INFO     ___FILE_ONLY___  
2022-11-02 09:00:13,320 INFO     ___FILE_ONLY___ on
2022-11-02 09:00:13,320 INFO     ___FILE_ONLY___  
2022-11-02 09:00:13,320 INFO     ___FILE_ONLY___ GKE
2022-11-02 09:00:13,320 INFO     ___FILE_ONLY___  
2022-11-02 09:00:13,320 INFO     ___FILE_ONLY___ clusters.
2022-11-02 09:00:13,320 INFO     ___FILE_ONLY___ 

2022-11-02 09:00:13,321 INFO     ___FILE_ONLY___ 

2022-11-02 09:00:13,321 INFO     ___FILE_ONLY___ [m
2022-11-02 09:00:13,321 INFO     ___FILE_ONLY___   
2022-11-02 09:00:13,321 INFO     ___FILE_ONLY___ [1mIdentity and Access Management[m

2022-11-02 09:00:13,323 INFO     ___FILE_ONLY___       ▪
2022-11-02 09:00:13,323 INFO     ___FILE_ONLY___  
2022-11-02 09:00:13,323 INFO     ___FILE_ONLY___ Added
2022-11-02 09:00:13,326 INFO     ___FILE_ONLY___  
2022-11-02 09:00:13,326 INFO     ___FILE_ONLY___ [1mgcloud
2022-11-02 09:00:13,327 INFO     ___FILE_ONLY___  
2022-11-02 09:00:13,327 INFO     ___FILE_ONLY___ iam
2022-11-02 09:00:13,327 INFO     ___FILE_ONLY___  
2022-11-02 09:00:13,327 INFO     ___FILE_ONLY___ policies
2022-11-02 09:00:13,327 INFO     ___FILE_ONLY___  
2022-11-02 09:00:13,327 INFO     ___FILE_ONLY___ create[m
2022-11-02 09:00:13,327 INFO     ___FILE_ONLY___  
2022-11-02 09:00:13,327 INFO     ___FILE_ONLY___ which
2022-11-02 09:00:13,328 INFO     ___FILE_ONLY___  
2022-11-02 09:00:13,328 INFO     ___FILE_ONLY___ creates
2022-11-02 09:00:13,328 INFO     ___FILE_ONLY___  
2022-11-02 09:00:13,328 INFO     ___FILE_ONLY___ a
2022-11-02 09:00:13,328 INFO     ___FILE_ONLY___  
2022-11-02 09:00:13,328 INFO     ___FILE_ONLY___ deny
2022-11-02 09:00:13,328 INFO     ___FILE_ONLY___  
2022-11-02 09:00:13,328 INFO     ___FILE_ONLY___ policy
2022-11-02 09:00:13,329 INFO     ___FILE_ONLY___  
2022-11-02 09:00:13,329 INFO     ___FILE_ONLY___ on
2022-11-02 09:00:13,329 INFO     ___FILE_ONLY___  
2022-11-02 09:00:13,329 INFO     ___FILE_ONLY___ the
2022-11-02 09:00:13,329 INFO     ___FILE_ONLY___ 

2022-11-02 09:00:13,329 INFO     ___FILE_ONLY___         
2022-11-02 09:00:13,329 INFO     ___FILE_ONLY___ given
2022-11-02 09:00:13,330 INFO     ___FILE_ONLY___  
2022-11-02 09:00:13,330 INFO     ___FILE_ONLY___ attachment
2022-11-02 09:00:13,330 INFO     ___FILE_ONLY___  
2022-11-02 09:00:13,330 INFO     ___FILE_ONLY___ point
2022-11-02 09:00:13,330 INFO     ___FILE_ONLY___  
2022-11-02 09:00:13,330 INFO     ___FILE_ONLY___ with
2022-11-02 09:00:13,330 INFO     ___FILE_ONLY___  
2022-11-02 09:00:13,330 INFO     ___FILE_ONLY___ the
2022-11-02 09:00:13,331 INFO     ___FILE_ONLY___  
2022-11-02 09:00:13,331 INFO     ___FILE_ONLY___ given
2022-11-02 09:00:13,331 INFO     ___FILE_ONLY___  
2022-11-02 09:00:13,331 INFO     ___FILE_ONLY___ name.
2022-11-02 09:00:13,331 INFO     ___FILE_ONLY___ 

2022-11-02 09:00:13,331 INFO     ___FILE_ONLY___       ▪
2022-11-02 09:00:13,334 INFO     ___FILE_ONLY___  
2022-11-02 09:00:13,334 INFO     ___FILE_ONLY___ Added
2022-11-02 09:00:13,334 INFO     ___FILE_ONLY___  
2022-11-02 09:00:13,334 INFO     ___FILE_ONLY___ [1mgcloud
2022-11-02 09:00:13,334 INFO     ___FILE_ONLY___  
2022-11-02 09:00:13,354 INFO     ___FILE_ONLY___ iam
2022-11-02 09:00:13,354 INFO     ___FILE_ONLY___  
2022-11-02 09:00:13,355 INFO     ___FILE_ONLY___ policies
2022-11-02 09:00:13,355 INFO     ___FILE_ONLY___  
2022-11-02 09:00:13,355 INFO     ___FILE_ONLY___ delete[m
2022-11-02 09:00:13,355 INFO     ___FILE_ONLY___  
2022-11-02 09:00:13,355 INFO     ___FILE_ONLY___ which
2022-11-02 09:00:13,355 INFO     ___FILE_ONLY___  
2022-11-02 09:00:13,355 INFO     ___FILE_ONLY___ deletes
2022-11-02 09:00:13,355 INFO     ___FILE_ONLY___  
2022-11-02 09:00:13,356 INFO     ___FILE_ONLY___ a
2022-11-02 09:00:13,356 INFO     ___FILE_ONLY___  
2022-11-02 09:00:13,356 INFO     ___FILE_ONLY___ deny
2022-11-02 09:00:13,356 INFO     ___FILE_ONLY___  
2022-11-02 09:00:13,356 INFO     ___FILE_ONLY___ policy
2022-11-02 09:00:13,356 INFO     ___FILE_ONLY___  
2022-11-02 09:00:13,356 INFO     ___FILE_ONLY___ on
2022-11-02 09:00:13,357 INFO     ___FILE_ONLY___  
2022-11-02 09:00:13,357 INFO     ___FILE_ONLY___ the
2022-11-02 09:00:13,357 INFO     ___FILE_ONLY___ 

2022-11-02 09:00:13,357 INFO     ___FILE_ONLY___         
2022-11-02 09:00:13,357 INFO     ___FILE_ONLY___ given
2022-11-02 09:00:13,357 INFO     ___FILE_ONLY___  
2022-11-02 09:00:13,357 INFO     ___FILE_ONLY___ attachment
2022-11-02 09:00:13,358 INFO     ___FILE_ONLY___  
2022-11-02 09:00:13,358 INFO     ___FILE_ONLY___ point
2022-11-02 09:00:13,358 INFO     ___FILE_ONLY___  
2022-11-02 09:00:13,358 INFO     ___FILE_ONLY___ with
2022-11-02 09:00:13,358 INFO     ___FILE_ONLY___  
2022-11-02 09:00:13,358 INFO     ___FILE_ONLY___ the
2022-11-02 09:00:13,358 INFO     ___FILE_ONLY___  
2022-11-02 09:00:13,359 INFO     ___FILE_ONLY___ given
2022-11-02 09:00:13,359 INFO     ___FILE_ONLY___  
2022-11-02 09:00:13,359 INFO     ___FILE_ONLY___ name.
2022-11-02 09:00:13,359 INFO     ___FILE_ONLY___ 

2022-11-02 09:00:13,359 INFO     ___FILE_ONLY___       ▪
2022-11-02 09:00:13,359 INFO     ___FILE_ONLY___  
2022-11-02 09:00:13,360 INFO     ___FILE_ONLY___ Added
2022-11-02 09:00:13,360 INFO     ___FILE_ONLY___  
2022-11-02 09:00:13,360 INFO     ___FILE_ONLY___ [1mgcloud
2022-11-02 09:00:13,360 INFO     ___FILE_ONLY___  
2022-11-02 09:00:13,360 INFO     ___FILE_ONLY___ iam
2022-11-02 09:00:13,360 INFO     ___FILE_ONLY___  
2022-11-02 09:00:13,360 INFO     ___FILE_ONLY___ policies
2022-11-02 09:00:13,361 INFO     ___FILE_ONLY___  
2022-11-02 09:00:13,361 INFO     ___FILE_ONLY___ get[m
2022-11-02 09:00:13,361 INFO     ___FILE_ONLY___  
2022-11-02 09:00:13,361 INFO     ___FILE_ONLY___ which
2022-11-02 09:00:13,361 INFO     ___FILE_ONLY___  
2022-11-02 09:00:13,361 INFO     ___FILE_ONLY___ gets
2022-11-02 09:00:13,361 INFO     ___FILE_ONLY___  
2022-11-02 09:00:13,361 INFO     ___FILE_ONLY___ a
2022-11-02 09:00:13,362 INFO     ___FILE_ONLY___  
2022-11-02 09:00:13,362 INFO     ___FILE_ONLY___ deny
2022-11-02 09:00:13,362 INFO     ___FILE_ONLY___  
2022-11-02 09:00:13,362 INFO     ___FILE_ONLY___ policy
2022-11-02 09:00:13,362 INFO     ___FILE_ONLY___  
2022-11-02 09:00:13,363 INFO     ___FILE_ONLY___ on
2022-11-02 09:00:13,363 INFO     ___FILE_ONLY___  
2022-11-02 09:00:13,363 INFO     ___FILE_ONLY___ the
2022-11-02 09:00:13,363 INFO     ___FILE_ONLY___  
2022-11-02 09:00:13,363 INFO     ___FILE_ONLY___ given
2022-11-02 09:00:13,363 INFO     ___FILE_ONLY___ 

2022-11-02 09:00:13,363 INFO     ___FILE_ONLY___         
2022-11-02 09:00:13,364 INFO     ___FILE_ONLY___ attachment
2022-11-02 09:00:13,364 INFO     ___FILE_ONLY___  
2022-11-02 09:00:13,364 INFO     ___FILE_ONLY___ point
2022-11-02 09:00:13,364 INFO     ___FILE_ONLY___  
2022-11-02 09:00:13,364 INFO     ___FILE_ONLY___ with
2022-11-02 09:00:13,364 INFO     ___FILE_ONLY___  
2022-11-02 09:00:13,365 INFO     ___FILE_ONLY___ the
2022-11-02 09:00:13,365 INFO     ___FILE_ONLY___  
2022-11-02 09:00:13,365 INFO     ___FILE_ONLY___ given
2022-11-02 09:00:13,365 INFO     ___FILE_ONLY___  
2022-11-02 09:00:13,365 INFO     ___FILE_ONLY___ name.
2022-11-02 09:00:13,366 INFO     ___FILE_ONLY___ 

2022-11-02 09:00:13,366 INFO     ___FILE_ONLY___       ▪
2022-11-02 09:00:13,366 INFO     ___FILE_ONLY___  
2022-11-02 09:00:13,366 INFO     ___FILE_ONLY___ Added
2022-11-02 09:00:13,366 INFO     ___FILE_ONLY___  
2022-11-02 09:00:13,366 INFO     ___FILE_ONLY___ [1mgcloud
2022-11-02 09:00:13,367 INFO     ___FILE_ONLY___  
2022-11-02 09:00:13,367 INFO     ___FILE_ONLY___ iam
2022-11-02 09:00:13,367 INFO     ___FILE_ONLY___  
2022-11-02 09:00:13,367 INFO     ___FILE_ONLY___ policies
2022-11-02 09:00:13,367 INFO     ___FILE_ONLY___  
2022-11-02 09:00:13,368 INFO     ___FILE_ONLY___ list[m
2022-11-02 09:00:13,368 INFO     ___FILE_ONLY___  
2022-11-02 09:00:13,368 INFO     ___FILE_ONLY___ which
2022-11-02 09:00:13,368 INFO     ___FILE_ONLY___  
2022-11-02 09:00:13,368 INFO     ___FILE_ONLY___ lists
2022-11-02 09:00:13,368 INFO     ___FILE_ONLY___  
2022-11-02 09:00:13,368 INFO     ___FILE_ONLY___ the
2022-11-02 09:00:13,368 INFO     ___FILE_ONLY___  
2022-11-02 09:00:13,369 INFO     ___FILE_ONLY___ deny
2022-11-02 09:00:13,369 INFO     ___FILE_ONLY___  
2022-11-02 09:00:13,369 INFO     ___FILE_ONLY___ policies
2022-11-02 09:00:13,369 INFO     ___FILE_ONLY___  
2022-11-02 09:00:13,369 INFO     ___FILE_ONLY___ on
2022-11-02 09:00:13,369 INFO     ___FILE_ONLY___  
2022-11-02 09:00:13,369 INFO     ___FILE_ONLY___ the
2022-11-02 09:00:13,370 INFO     ___FILE_ONLY___ 

2022-11-02 09:00:13,370 INFO     ___FILE_ONLY___         
2022-11-02 09:00:13,370 INFO     ___FILE_ONLY___ given
2022-11-02 09:00:13,370 INFO     ___FILE_ONLY___  
2022-11-02 09:00:13,370 INFO     ___FILE_ONLY___ attachment
2022-11-02 09:00:13,370 INFO     ___FILE_ONLY___  
2022-11-02 09:00:13,370 INFO     ___FILE_ONLY___ point.
2022-11-02 09:00:13,370 INFO     ___FILE_ONLY___ 

2022-11-02 09:00:13,370 INFO     ___FILE_ONLY___       ▪
2022-11-02 09:00:13,371 INFO     ___FILE_ONLY___  
2022-11-02 09:00:13,371 INFO     ___FILE_ONLY___ Added
2022-11-02 09:00:13,371 INFO     ___FILE_ONLY___  
2022-11-02 09:00:13,371 INFO     ___FILE_ONLY___ [1mgcloud
2022-11-02 09:00:13,371 INFO     ___FILE_ONLY___  
2022-11-02 09:00:13,371 INFO     ___FILE_ONLY___ iam
2022-11-02 09:00:13,371 INFO     ___FILE_ONLY___  
2022-11-02 09:00:13,371 INFO     ___FILE_ONLY___ policies
2022-11-02 09:00:13,371 INFO     ___FILE_ONLY___  
2022-11-02 09:00:13,371 INFO     ___FILE_ONLY___ update[m
2022-11-02 09:00:13,372 INFO     ___FILE_ONLY___  
2022-11-02 09:00:13,372 INFO     ___FILE_ONLY___ which
2022-11-02 09:00:13,372 INFO     ___FILE_ONLY___  
2022-11-02 09:00:13,372 INFO     ___FILE_ONLY___ updates
2022-11-02 09:00:13,372 INFO     ___FILE_ONLY___  
2022-11-02 09:00:13,372 INFO     ___FILE_ONLY___ the
2022-11-02 09:00:13,373 INFO     ___FILE_ONLY___  
2022-11-02 09:00:13,373 INFO     ___FILE_ONLY___ deny
2022-11-02 09:00:13,373 INFO     ___FILE_ONLY___  
2022-11-02 09:00:13,373 INFO     ___FILE_ONLY___ policy
2022-11-02 09:00:13,373 INFO     ___FILE_ONLY___  
2022-11-02 09:00:13,373 INFO     ___FILE_ONLY___ on
2022-11-02 09:00:13,374 INFO     ___FILE_ONLY___  
2022-11-02 09:00:13,374 INFO     ___FILE_ONLY___ the
2022-11-02 09:00:13,374 INFO     ___FILE_ONLY___ 

2022-11-02 09:00:13,374 INFO     ___FILE_ONLY___         
2022-11-02 09:00:13,374 INFO     ___FILE_ONLY___ given
2022-11-02 09:00:13,374 INFO     ___FILE_ONLY___  
2022-11-02 09:00:13,374 INFO     ___FILE_ONLY___ attachment
2022-11-02 09:00:13,374 INFO     ___FILE_ONLY___  
2022-11-02 09:00:13,374 INFO     ___FILE_ONLY___ point
2022-11-02 09:00:13,375 INFO     ___FILE_ONLY___  
2022-11-02 09:00:13,375 INFO     ___FILE_ONLY___ with
2022-11-02 09:00:13,375 INFO     ___FILE_ONLY___  
2022-11-02 09:00:13,375 INFO     ___FILE_ONLY___ the
2022-11-02 09:00:13,375 INFO     ___FILE_ONLY___  
2022-11-02 09:00:13,375 INFO     ___FILE_ONLY___ given
2022-11-02 09:00:13,375 INFO     ___FILE_ONLY___  
2022-11-02 09:00:13,376 INFO     ___FILE_ONLY___ name.
2022-11-02 09:00:13,376 INFO     ___FILE_ONLY___ 

2022-11-02 09:00:13,376 INFO     ___FILE_ONLY___       ▪
2022-11-02 09:00:13,376 INFO     ___FILE_ONLY___  
2022-11-02 09:00:13,376 INFO     ___FILE_ONLY___ Updated
2022-11-02 09:00:13,377 INFO     ___FILE_ONLY___  
2022-11-02 09:00:13,377 INFO     ___FILE_ONLY___ External
2022-11-02 09:00:13,377 INFO     ___FILE_ONLY___  
2022-11-02 09:00:13,378 INFO     ___FILE_ONLY___ Account
2022-11-02 09:00:13,378 INFO     ___FILE_ONLY___  
2022-11-02 09:00:13,378 INFO     ___FILE_ONLY___ URL
2022-11-02 09:00:13,378 INFO     ___FILE_ONLY___  
2022-11-02 09:00:13,378 INFO     ___FILE_ONLY___ validation
2022-11-02 09:00:13,379 INFO     ___FILE_ONLY___  
2022-11-02 09:00:13,379 INFO     ___FILE_ONLY___ to
2022-11-02 09:00:13,379 INFO     ___FILE_ONLY___  
2022-11-02 09:00:13,379 INFO     ___FILE_ONLY___ allow
2022-11-02 09:00:13,379 INFO     ___FILE_ONLY___  
2022-11-02 09:00:13,379 INFO     ___FILE_ONLY___ PSC
2022-11-02 09:00:13,380 INFO     ___FILE_ONLY___  
2022-11-02 09:00:13,380 INFO     ___FILE_ONLY___ endpoints.
2022-11-02 09:00:13,380 INFO     ___FILE_ONLY___ 

2022-11-02 09:00:13,380 INFO     ___FILE_ONLY___ 

2022-11-02 09:00:13,380 INFO     ___FILE_ONLY___ [m
2022-11-02 09:00:13,381 INFO     ___FILE_ONLY___   
2022-11-02 09:00:13,381 INFO     ___FILE_ONLY___ [1mKubernetes Engine[m

2022-11-02 09:00:13,381 INFO     ___FILE_ONLY___       ▪
2022-11-02 09:00:13,381 INFO     ___FILE_ONLY___  
2022-11-02 09:00:13,381 INFO     ___FILE_ONLY___ Added
2022-11-02 09:00:13,382 INFO     ___FILE_ONLY___  
2022-11-02 09:00:13,382 INFO     ___FILE_ONLY___ [1m--gateway-api[m
2022-11-02 09:00:13,382 INFO     ___FILE_ONLY___  
2022-11-02 09:00:13,382 INFO     ___FILE_ONLY___ flag
2022-11-02 09:00:13,382 INFO     ___FILE_ONLY___  
2022-11-02 09:00:13,382 INFO     ___FILE_ONLY___ to
2022-11-02 09:00:13,382 INFO     ___FILE_ONLY___  
2022-11-02 09:00:13,382 INFO     ___FILE_ONLY___ [1mgcloud
2022-11-02 09:00:13,382 INFO     ___FILE_ONLY___  
2022-11-02 09:00:13,383 INFO     ___FILE_ONLY___ container
2022-11-02 09:00:13,383 INFO     ___FILE_ONLY___  
2022-11-02 09:00:13,383 INFO     ___FILE_ONLY___ clusters
2022-11-02 09:00:13,384 INFO     ___FILE_ONLY___  
2022-11-02 09:00:13,384 INFO     ___FILE_ONLY___ create[m
2022-11-02 09:00:13,389 INFO     ___FILE_ONLY___  
2022-11-02 09:00:13,390 INFO     ___FILE_ONLY___ and
2022-11-02 09:00:13,390 INFO     ___FILE_ONLY___ 

2022-11-02 09:00:13,390 INFO     ___FILE_ONLY___         
2022-11-02 09:00:13,391 INFO     ___FILE_ONLY___ [1mgcloud
2022-11-02 09:00:13,391 INFO     ___FILE_ONLY___  
2022-11-02 09:00:13,391 INFO     ___FILE_ONLY___ container
2022-11-02 09:00:13,391 INFO     ___FILE_ONLY___  
2022-11-02 09:00:13,391 INFO     ___FILE_ONLY___ clusters
2022-11-02 09:00:13,391 INFO     ___FILE_ONLY___  
2022-11-02 09:00:13,392 INFO     ___FILE_ONLY___ update[m
2022-11-02 09:00:13,392 INFO     ___FILE_ONLY___  
2022-11-02 09:00:13,392 INFO     ___FILE_ONLY___ which
2022-11-02 09:00:13,392 INFO     ___FILE_ONLY___  
2022-11-02 09:00:13,392 INFO     ___FILE_ONLY___ allows
2022-11-02 09:00:13,392 INFO     ___FILE_ONLY___  
2022-11-02 09:00:13,393 INFO     ___FILE_ONLY___ users
2022-11-02 09:00:13,393 INFO     ___FILE_ONLY___  
2022-11-02 09:00:13,393 INFO     ___FILE_ONLY___ to
2022-11-02 09:00:13,393 INFO     ___FILE_ONLY___  
2022-11-02 09:00:13,393 INFO     ___FILE_ONLY___ turn
2022-11-02 09:00:13,393 INFO     ___FILE_ONLY___  
2022-11-02 09:00:13,393 INFO     ___FILE_ONLY___ on
2022-11-02 09:00:13,393 INFO     ___FILE_ONLY___  
2022-11-02 09:00:13,394 INFO     ___FILE_ONLY___ the
2022-11-02 09:00:13,395 INFO     ___FILE_ONLY___  
2022-11-02 09:00:13,395 INFO     ___FILE_ONLY___ GKE
2022-11-02 09:00:13,396 INFO     ___FILE_ONLY___ 

2022-11-02 09:00:13,396 INFO     ___FILE_ONLY___         
2022-11-02 09:00:13,396 INFO     ___FILE_ONLY___ Gateway
2022-11-02 09:00:13,396 INFO     ___FILE_ONLY___  
2022-11-02 09:00:13,396 INFO     ___FILE_ONLY___ controller
2022-11-02 09:00:13,397 INFO     ___FILE_ONLY___  
2022-11-02 09:00:13,397 INFO     ___FILE_ONLY___ for
2022-11-02 09:00:13,397 INFO     ___FILE_ONLY___  
2022-11-02 09:00:13,397 INFO     ___FILE_ONLY___ their
2022-11-02 09:00:13,397 INFO     ___FILE_ONLY___  
2022-11-02 09:00:13,397 INFO     ___FILE_ONLY___ cluster
2022-11-02 09:00:13,397 INFO     ___FILE_ONLY___  
2022-11-02 09:00:13,398 INFO     ___FILE_ONLY___ and
2022-11-02 09:00:13,398 INFO     ___FILE_ONLY___  
2022-11-02 09:00:13,398 INFO     ___FILE_ONLY___ to
2022-11-02 09:00:13,398 INFO     ___FILE_ONLY___  
2022-11-02 09:00:13,398 INFO     ___FILE_ONLY___ select
2022-11-02 09:00:13,398 INFO     ___FILE_ONLY___  
2022-11-02 09:00:13,398 INFO     ___FILE_ONLY___ the
2022-11-02 09:00:13,399 INFO     ___FILE_ONLY___  
2022-11-02 09:00:13,399 INFO     ___FILE_ONLY___ Gateway
2022-11-02 09:00:13,399 INFO     ___FILE_ONLY___  
2022-11-02 09:00:13,399 INFO     ___FILE_ONLY___ API
2022-11-02 09:00:13,399 INFO     ___FILE_ONLY___ 

2022-11-02 09:00:13,400 INFO     ___FILE_ONLY___         
2022-11-02 09:00:13,400 INFO     ___FILE_ONLY___ release
2022-11-02 09:00:13,400 INFO     ___FILE_ONLY___  
2022-11-02 09:00:13,400 INFO     ___FILE_ONLY___ channel
2022-11-02 09:00:13,400 INFO     ___FILE_ONLY___  
2022-11-02 09:00:13,400 INFO     ___FILE_ONLY___ they
2022-11-02 09:00:13,401 INFO     ___FILE_ONLY___  
2022-11-02 09:00:13,401 INFO     ___FILE_ONLY___ want
2022-11-02 09:00:13,402 INFO     ___FILE_ONLY___  
2022-11-02 09:00:13,402 INFO     ___FILE_ONLY___ to
2022-11-02 09:00:13,402 INFO     ___FILE_ONLY___  
2022-11-02 09:00:13,402 INFO     ___FILE_ONLY___ use.
2022-11-02 09:00:13,402 INFO     ___FILE_ONLY___ 

2022-11-02 09:00:13,403 INFO     ___FILE_ONLY___ 

2022-11-02 09:00:13,403 INFO     ___FILE_ONLY___ [m
2022-11-02 09:00:13,403 INFO     ___FILE_ONLY___   
2022-11-02 09:00:13,403 INFO     ___FILE_ONLY___ [1mSecurity Command Center[m

2022-11-02 09:00:13,403 INFO     ___FILE_ONLY___       ▪
2022-11-02 09:00:13,404 INFO     ___FILE_ONLY___  
2022-11-02 09:00:13,404 INFO     ___FILE_ONLY___ Updated
2022-11-02 09:00:13,404 INFO     ___FILE_ONLY___  
2022-11-02 09:00:13,404 INFO     ___FILE_ONLY___ [1mgcloud
2022-11-02 09:00:13,404 INFO     ___FILE_ONLY___  
2022-11-02 09:00:13,404 INFO     ___FILE_ONLY___ scc
2022-11-02 09:00:13,404 INFO     ___FILE_ONLY___  
2022-11-02 09:00:13,404 INFO     ___FILE_ONLY___ notifications
2022-11-02 09:00:13,405 INFO     ___FILE_ONLY___  
2022-11-02 09:00:13,405 INFO     ___FILE_ONLY___ update[m
2022-11-02 09:00:13,405 INFO     ___FILE_ONLY___  
2022-11-02 09:00:13,405 INFO     ___FILE_ONLY___ to
2022-11-02 09:00:13,405 INFO     ___FILE_ONLY___  
2022-11-02 09:00:13,405 INFO     ___FILE_ONLY___ allow
2022-11-02 09:00:13,405 INFO     ___FILE_ONLY___  
2022-11-02 09:00:13,405 INFO     ___FILE_ONLY___ for
2022-11-02 09:00:13,406 INFO     ___FILE_ONLY___  
2022-11-02 09:00:13,406 INFO     ___FILE_ONLY___ project
2022-11-02 09:00:13,406 INFO     ___FILE_ONLY___  
2022-11-02 09:00:13,406 INFO     ___FILE_ONLY___ and
2022-11-02 09:00:13,406 INFO     ___FILE_ONLY___ 

2022-11-02 09:00:13,406 INFO     ___FILE_ONLY___         
2022-11-02 09:00:13,406 INFO     ___FILE_ONLY___ folder
2022-11-02 09:00:13,406 INFO     ___FILE_ONLY___  
2022-11-02 09:00:13,406 INFO     ___FILE_ONLY___ parents.
2022-11-02 09:00:13,407 INFO     ___FILE_ONLY___ 

2022-11-02 09:00:13,407 INFO     ___FILE_ONLY___       ▪
2022-11-02 09:00:13,407 INFO     ___FILE_ONLY___  
2022-11-02 09:00:13,407 INFO     ___FILE_ONLY___ Updated
2022-11-02 09:00:13,407 INFO     ___FILE_ONLY___  
2022-11-02 09:00:13,407 INFO     ___FILE_ONLY___ [1mgcloud
2022-11-02 09:00:13,408 INFO     ___FILE_ONLY___  
2022-11-02 09:00:13,408 INFO     ___FILE_ONLY___ scc
2022-11-02 09:00:13,408 INFO     ___FILE_ONLY___  
2022-11-02 09:00:13,408 INFO     ___FILE_ONLY___ notifications
2022-11-02 09:00:13,408 INFO     ___FILE_ONLY___  
2022-11-02 09:00:13,408 INFO     ___FILE_ONLY___ create[m
2022-11-02 09:00:13,408 INFO     ___FILE_ONLY___  
2022-11-02 09:00:13,408 INFO     ___FILE_ONLY___ to
2022-11-02 09:00:13,408 INFO     ___FILE_ONLY___  
2022-11-02 09:00:13,409 INFO     ___FILE_ONLY___ allow
2022-11-02 09:00:13,409 INFO     ___FILE_ONLY___  
2022-11-02 09:00:13,409 INFO     ___FILE_ONLY___ for
2022-11-02 09:00:13,409 INFO     ___FILE_ONLY___  
2022-11-02 09:00:13,409 INFO     ___FILE_ONLY___ project
2022-11-02 09:00:13,409 INFO     ___FILE_ONLY___  
2022-11-02 09:00:13,409 INFO     ___FILE_ONLY___ and
2022-11-02 09:00:13,409 INFO     ___FILE_ONLY___ 

2022-11-02 09:00:13,410 INFO     ___FILE_ONLY___         
2022-11-02 09:00:13,410 INFO     ___FILE_ONLY___ folder
2022-11-02 09:00:13,410 INFO     ___FILE_ONLY___  
2022-11-02 09:00:13,410 INFO     ___FILE_ONLY___ parents.
2022-11-02 09:00:13,410 INFO     ___FILE_ONLY___ 

2022-11-02 09:00:13,410 INFO     ___FILE_ONLY___       ▪
2022-11-02 09:00:13,411 INFO     ___FILE_ONLY___  
2022-11-02 09:00:13,411 INFO     ___FILE_ONLY___ Updated
2022-11-02 09:00:13,411 INFO     ___FILE_ONLY___  
2022-11-02 09:00:13,411 INFO     ___FILE_ONLY___ [1mgcloud
2022-11-02 09:00:13,411 INFO     ___FILE_ONLY___  
2022-11-02 09:00:13,411 INFO     ___FILE_ONLY___ scc
2022-11-02 09:00:13,411 INFO     ___FILE_ONLY___  
2022-11-02 09:00:13,411 INFO     ___FILE_ONLY___ notifications
2022-11-02 09:00:13,412 INFO     ___FILE_ONLY___  
2022-11-02 09:00:13,412 INFO     ___FILE_ONLY___ delete[m
2022-11-02 09:00:13,412 INFO     ___FILE_ONLY___  
2022-11-02 09:00:13,413 INFO     ___FILE_ONLY___ to
2022-11-02 09:00:13,413 INFO     ___FILE_ONLY___  
2022-11-02 09:00:13,413 INFO     ___FILE_ONLY___ allow
2022-11-02 09:00:13,413 INFO     ___FILE_ONLY___  
2022-11-02 09:00:13,413 INFO     ___FILE_ONLY___ for
2022-11-02 09:00:13,413 INFO     ___FILE_ONLY___  
2022-11-02 09:00:13,413 INFO     ___FILE_ONLY___ project
2022-11-02 09:00:13,414 INFO     ___FILE_ONLY___  
2022-11-02 09:00:13,415 INFO     ___FILE_ONLY___ and
2022-11-02 09:00:13,415 INFO     ___FILE_ONLY___ 

2022-11-02 09:00:13,415 INFO     ___FILE_ONLY___         
2022-11-02 09:00:13,416 INFO     ___FILE_ONLY___ folder
2022-11-02 09:00:13,416 INFO     ___FILE_ONLY___  
2022-11-02 09:00:13,416 INFO     ___FILE_ONLY___ parents.
2022-11-02 09:00:13,416 INFO     ___FILE_ONLY___ 

2022-11-02 09:00:13,416 INFO     ___FILE_ONLY___       ▪
2022-11-02 09:00:13,416 INFO     ___FILE_ONLY___  
2022-11-02 09:00:13,416 INFO     ___FILE_ONLY___ Updated
2022-11-02 09:00:13,417 INFO     ___FILE_ONLY___  
2022-11-02 09:00:13,417 INFO     ___FILE_ONLY___ [1mgcloud
2022-11-02 09:00:13,417 INFO     ___FILE_ONLY___  
2022-11-02 09:00:13,417 INFO     ___FILE_ONLY___ scc
2022-11-02 09:00:13,417 INFO     ___FILE_ONLY___  
2022-11-02 09:00:13,417 INFO     ___FILE_ONLY___ notifications
2022-11-02 09:00:13,417 INFO     ___FILE_ONLY___  
2022-11-02 09:00:13,417 INFO     ___FILE_ONLY___ list[m
2022-11-02 09:00:13,417 INFO     ___FILE_ONLY___  
2022-11-02 09:00:13,418 INFO     ___FILE_ONLY___ to
2022-11-02 09:00:13,418 INFO     ___FILE_ONLY___  
2022-11-02 09:00:13,418 INFO     ___FILE_ONLY___ allow
2022-11-02 09:00:13,418 INFO     ___FILE_ONLY___  
2022-11-02 09:00:13,418 INFO     ___FILE_ONLY___ for
2022-11-02 09:00:13,418 INFO     ___FILE_ONLY___  
2022-11-02 09:00:13,418 INFO     ___FILE_ONLY___ project
2022-11-02 09:00:13,418 INFO     ___FILE_ONLY___  
2022-11-02 09:00:13,418 INFO     ___FILE_ONLY___ and
2022-11-02 09:00:13,418 INFO     ___FILE_ONLY___  
2022-11-02 09:00:13,419 INFO     ___FILE_ONLY___ folder
2022-11-02 09:00:13,419 INFO     ___FILE_ONLY___ 

2022-11-02 09:00:13,419 INFO     ___FILE_ONLY___         
2022-11-02 09:00:13,419 INFO     ___FILE_ONLY___ parents.
2022-11-02 09:00:13,419 INFO     ___FILE_ONLY___ 

2022-11-02 09:00:13,419 INFO     ___FILE_ONLY___       ▪
2022-11-02 09:00:13,419 INFO     ___FILE_ONLY___  
2022-11-02 09:00:13,420 INFO     ___FILE_ONLY___ Updated
2022-11-02 09:00:13,420 INFO     ___FILE_ONLY___  
2022-11-02 09:00:13,420 INFO     ___FILE_ONLY___ [1mgcloud
2022-11-02 09:00:13,420 INFO     ___FILE_ONLY___  
2022-11-02 09:00:13,420 INFO     ___FILE_ONLY___ scc
2022-11-02 09:00:13,420 INFO     ___FILE_ONLY___  
2022-11-02 09:00:13,420 INFO     ___FILE_ONLY___ notifications
2022-11-02 09:00:13,420 INFO     ___FILE_ONLY___  
2022-11-02 09:00:13,420 INFO     ___FILE_ONLY___ describe[m
2022-11-02 09:00:13,421 INFO     ___FILE_ONLY___  
2022-11-02 09:00:13,421 INFO     ___FILE_ONLY___ to
2022-11-02 09:00:13,421 INFO     ___FILE_ONLY___  
2022-11-02 09:00:13,421 INFO     ___FILE_ONLY___ allow
2022-11-02 09:00:13,421 INFO     ___FILE_ONLY___  
2022-11-02 09:00:13,421 INFO     ___FILE_ONLY___ for
2022-11-02 09:00:13,421 INFO     ___FILE_ONLY___  
2022-11-02 09:00:13,421 INFO     ___FILE_ONLY___ project
2022-11-02 09:00:13,421 INFO     ___FILE_ONLY___  
2022-11-02 09:00:13,422 INFO     ___FILE_ONLY___ and
2022-11-02 09:00:13,422 INFO     ___FILE_ONLY___ 

2022-11-02 09:00:13,422 INFO     ___FILE_ONLY___         
2022-11-02 09:00:13,422 INFO     ___FILE_ONLY___ folder
2022-11-02 09:00:13,422 INFO     ___FILE_ONLY___  
2022-11-02 09:00:13,422 INFO     ___FILE_ONLY___ parents.
2022-11-02 09:00:13,422 INFO     ___FILE_ONLY___ 

2022-11-02 09:00:13,422 INFO     ___FILE_ONLY___ 

2022-11-02 09:00:13,422 INFO     ___FILE_ONLY___    
2022-11-02 09:00:13,422 INFO     ___FILE_ONLY___  
2022-11-02 09:00:13,422 INFO     ___FILE_ONLY___ Subscribe
2022-11-02 09:00:13,423 INFO     ___FILE_ONLY___  
2022-11-02 09:00:13,423 INFO     ___FILE_ONLY___ to
2022-11-02 09:00:13,423 INFO     ___FILE_ONLY___  
2022-11-02 09:00:13,423 INFO     ___FILE_ONLY___ these
2022-11-02 09:00:13,424 INFO     ___FILE_ONLY___  
2022-11-02 09:00:13,426 INFO     ___FILE_ONLY___ release
2022-11-02 09:00:13,427 INFO     ___FILE_ONLY___  
2022-11-02 09:00:13,427 INFO     ___FILE_ONLY___ notes
2022-11-02 09:00:13,428 INFO     ___FILE_ONLY___  
2022-11-02 09:00:13,428 INFO     ___FILE_ONLY___ at
2022-11-02 09:00:13,428 INFO     ___FILE_ONLY___ 

2022-11-02 09:00:13,428 INFO     ___FILE_ONLY___     
2022-11-02 09:00:13,428 INFO     ___FILE_ONLY___ https://groups.google.com/forum/#!forum/google-cloud-sdk-announce
2022-11-02 09:00:13,429 INFO     ___FILE_ONLY___ 

2022-11-02 09:00:13,429 INFO     ___FILE_ONLY___     
2022-11-02 09:00:13,429 INFO     ___FILE_ONLY___ (https://groups.google.com/forum/#!forum/google-cloud-sdk-announce).
2022-11-02 09:00:13,429 INFO     ___FILE_ONLY___ 

2022-11-02 09:00:13,429 INFO     ___FILE_ONLY___ 

2022-11-02 09:00:13,429 INFO     ___FILE_ONLY___ [m
2022-11-02 09:00:13,429 INFO     ___FILE_ONLY___ [1m406.0.0 (2022-10-17)[m

2022-11-02 09:00:13,430 INFO     ___FILE_ONLY___ [m
2022-11-02 09:00:13,430 INFO     ___FILE_ONLY___   
2022-11-02 09:00:13,430 INFO     ___FILE_ONLY___ [1mBreaking Changes[m

2022-11-02 09:00:13,431 INFO     ___FILE_ONLY___       ▪
2022-11-02 09:00:13,431 INFO     ___FILE_ONLY___  
2022-11-02 09:00:13,431 INFO     ___FILE_ONLY___ **(Cloud
2022-11-02 09:00:13,431 INFO     ___FILE_ONLY___  
2022-11-02 09:00:13,431 INFO     ___FILE_ONLY___ Storage)**
2022-11-02 09:00:13,432 INFO     ___FILE_ONLY___  
2022-11-02 09:00:13,432 INFO     ___FILE_ONLY___ Changed
2022-11-02 09:00:13,432 INFO     ___FILE_ONLY___  
2022-11-02 09:00:13,433 INFO     ___FILE_ONLY___ "Additional
2022-11-02 09:00:13,433 INFO     ___FILE_ONLY___  
2022-11-02 09:00:13,433 INFO     ___FILE_ONLY___ Properties"
2022-11-02 09:00:13,433 INFO     ___FILE_ONLY___  
2022-11-02 09:00:13,433 INFO     ___FILE_ONLY___ formatting
2022-11-02 09:00:13,434 INFO     ___FILE_ONLY___  
2022-11-02 09:00:13,434 INFO     ___FILE_ONLY___ for
2022-11-02 09:00:13,434 INFO     ___FILE_ONLY___  
2022-11-02 09:00:13,434 INFO     ___FILE_ONLY___ [1mls
2022-11-02 09:00:13,434 INFO     ___FILE_ONLY___ 

2022-11-02 09:00:13,434 INFO     ___FILE_ONLY___         
2022-11-02 09:00:13,434 INFO     ___FILE_ONLY___ -L[m
2022-11-02 09:00:13,435 INFO     ___FILE_ONLY___  
2022-11-02 09:00:13,435 INFO     ___FILE_ONLY___ to
2022-11-02 09:00:13,435 INFO     ___FILE_ONLY___  
2022-11-02 09:00:13,435 INFO     ___FILE_ONLY___ print
2022-11-02 09:00:13,435 INFO     ___FILE_ONLY___  
2022-11-02 09:00:13,435 INFO     ___FILE_ONLY___ condensed
2022-11-02 09:00:13,435 INFO     ___FILE_ONLY___  
2022-11-02 09:00:13,435 INFO     ___FILE_ONLY___ JSON
2022-11-02 09:00:13,436 INFO     ___FILE_ONLY___  
2022-11-02 09:00:13,436 INFO     ___FILE_ONLY___ object
2022-11-02 09:00:13,436 INFO     ___FILE_ONLY___  
2022-11-02 09:00:13,436 INFO     ___FILE_ONLY___ instead
2022-11-02 09:00:13,436 INFO     ___FILE_ONLY___  
2022-11-02 09:00:13,436 INFO     ___FILE_ONLY___ of
2022-11-02 09:00:13,436 INFO     ___FILE_ONLY___  
2022-11-02 09:00:13,436 INFO     ___FILE_ONLY___ JSON
2022-11-02 09:00:13,436 INFO     ___FILE_ONLY___  
2022-11-02 09:00:13,437 INFO     ___FILE_ONLY___ list
2022-11-02 09:00:13,437 INFO     ___FILE_ONLY___  
2022-11-02 09:00:13,437 INFO     ___FILE_ONLY___ with
2022-11-02 09:00:13,437 INFO     ___FILE_ONLY___  
2022-11-02 09:00:13,437 INFO     ___FILE_ONLY___ [1mkey[m
2022-11-02 09:00:13,437 INFO     ___FILE_ONLY___  
2022-11-02 09:00:13,437 INFO     ___FILE_ONLY___ and
2022-11-02 09:00:13,437 INFO     ___FILE_ONLY___ 

2022-11-02 09:00:13,438 INFO     ___FILE_ONLY___         
2022-11-02 09:00:13,438 INFO     ___FILE_ONLY___ [1mvalue[m
2022-11-02 09:00:13,438 INFO     ___FILE_ONLY___  
2022-11-02 09:00:13,438 INFO     ___FILE_ONLY___ keys
2022-11-02 09:00:13,438 INFO     ___FILE_ONLY___  
2022-11-02 09:00:13,438 INFO     ___FILE_ONLY___ before
2022-11-02 09:00:13,438 INFO     ___FILE_ONLY___  
2022-11-02 09:00:13,439 INFO     ___FILE_ONLY___ every
2022-11-02 09:00:13,439 INFO     ___FILE_ONLY___  
2022-11-02 09:00:13,439 INFO     ___FILE_ONLY___ key
2022-11-02 09:00:13,439 INFO     ___FILE_ONLY___  
2022-11-02 09:00:13,439 INFO     ___FILE_ONLY___ and
2022-11-02 09:00:13,439 INFO     ___FILE_ONLY___  
2022-11-02 09:00:13,439 INFO     ___FILE_ONLY___ value.
2022-11-02 09:00:13,439 INFO     ___FILE_ONLY___ 

2022-11-02 09:00:13,440 INFO     ___FILE_ONLY___       ▪
2022-11-02 09:00:13,440 INFO     ___FILE_ONLY___  
2022-11-02 09:00:13,440 INFO     ___FILE_ONLY___ **(Kubernetes
2022-11-02 09:00:13,441 INFO     ___FILE_ONLY___  
2022-11-02 09:00:13,441 INFO     ___FILE_ONLY___ Engine)**
2022-11-02 09:00:13,441 INFO     ___FILE_ONLY___  
2022-11-02 09:00:13,441 INFO     ___FILE_ONLY___ Remove
2022-11-02 09:00:13,441 INFO     ___FILE_ONLY___  
2022-11-02 09:00:13,441 INFO     ___FILE_ONLY___ deprecated
2022-11-02 09:00:13,442 INFO     ___FILE_ONLY___  
2022-11-02 09:00:13,442 INFO     ___FILE_ONLY___ [1m--istio-config[m
2022-11-02 09:00:13,442 INFO     ___FILE_ONLY___  
2022-11-02 09:00:13,442 INFO     ___FILE_ONLY___ flag
2022-11-02 09:00:13,477 INFO     ___FILE_ONLY___  
2022-11-02 09:00:13,477 INFO     ___FILE_ONLY___ of
2022-11-02 09:00:13,477 INFO     ___FILE_ONLY___ 

2022-11-02 09:00:13,477 INFO     ___FILE_ONLY___         
2022-11-02 09:00:13,477 INFO     ___FILE_ONLY___ [1mgcloud
2022-11-02 09:00:13,477 INFO     ___FILE_ONLY___  
2022-11-02 09:00:13,478 INFO     ___FILE_ONLY___ beta
2022-11-02 09:00:13,478 INFO     ___FILE_ONLY___  
2022-11-02 09:00:13,478 INFO     ___FILE_ONLY___ container
2022-11-02 09:00:13,478 INFO     ___FILE_ONLY___  
2022-11-02 09:00:13,478 INFO     ___FILE_ONLY___ clusters
2022-11-02 09:00:13,478 INFO     ___FILE_ONLY___  
2022-11-02 09:00:13,478 INFO     ___FILE_ONLY___ create[m
2022-11-02 09:00:13,478 INFO     ___FILE_ONLY___  
2022-11-02 09:00:13,479 INFO     ___FILE_ONLY___ and
2022-11-02 09:00:13,479 INFO     ___FILE_ONLY___  
2022-11-02 09:00:13,479 INFO     ___FILE_ONLY___ [1mgcloud
2022-11-02 09:00:13,479 INFO     ___FILE_ONLY___  
2022-11-02 09:00:13,479 INFO     ___FILE_ONLY___ beta
2022-11-02 09:00:13,479 INFO     ___FILE_ONLY___  
2022-11-02 09:00:13,479 INFO     ___FILE_ONLY___ container
2022-11-02 09:00:13,479 INFO     ___FILE_ONLY___ 

2022-11-02 09:00:13,480 INFO     ___FILE_ONLY___         
2022-11-02 09:00:13,480 INFO     ___FILE_ONLY___ clusters
2022-11-02 09:00:13,480 INFO     ___FILE_ONLY___  
2022-11-02 09:00:13,480 INFO     ___FILE_ONLY___ update[m.
2022-11-02 09:00:13,480 INFO     ___FILE_ONLY___ 

2022-11-02 09:00:13,480 INFO     ___FILE_ONLY___ 

2022-11-02 09:00:13,481 INFO     ___FILE_ONLY___ [m
2022-11-02 09:00:13,481 INFO     ___FILE_ONLY___   
2022-11-02 09:00:13,481 INFO     ___FILE_ONLY___ [1mAnthos Multi-Cloud[m

2022-11-02 09:00:13,481 INFO     ___FILE_ONLY___       ▪
2022-11-02 09:00:13,481 INFO     ___FILE_ONLY___  
2022-11-02 09:00:13,482 INFO     ___FILE_ONLY___ Promoted
2022-11-02 09:00:13,482 INFO     ___FILE_ONLY___  
2022-11-02 09:00:13,482 INFO     ___FILE_ONLY___ [1m--logging[m
2022-11-02 09:00:13,482 INFO     ___FILE_ONLY___  
2022-11-02 09:00:13,482 INFO     ___FILE_ONLY___ flag
2022-11-02 09:00:13,482 INFO     ___FILE_ONLY___  
2022-11-02 09:00:13,482 INFO     ___FILE_ONLY___ to
2022-11-02 09:00:13,482 INFO     ___FILE_ONLY___  
2022-11-02 09:00:13,483 INFO     ___FILE_ONLY___ [1mgcloud
2022-11-02 09:00:13,483 INFO     ___FILE_ONLY___  
2022-11-02 09:00:13,483 INFO     ___FILE_ONLY___ container
2022-11-02 09:00:13,483 INFO     ___FILE_ONLY___  
2022-11-02 09:00:13,483 INFO     ___FILE_ONLY___ aws
2022-11-02 09:00:13,483 INFO     ___FILE_ONLY___  
2022-11-02 09:00:13,483 INFO     ___FILE_ONLY___ clusters
2022-11-02 09:00:13,483 INFO     ___FILE_ONLY___  
2022-11-02 09:00:13,484 INFO     ___FILE_ONLY___ create[m
2022-11-02 09:00:13,486 INFO     ___FILE_ONLY___  
2022-11-02 09:00:13,486 INFO     ___FILE_ONLY___ and
2022-11-02 09:00:13,486 INFO     ___FILE_ONLY___ 

2022-11-02 09:00:13,486 INFO     ___FILE_ONLY___         
2022-11-02 09:00:13,486 INFO     ___FILE_ONLY___ [1mgcloud
2022-11-02 09:00:13,486 INFO     ___FILE_ONLY___  
2022-11-02 09:00:13,486 INFO     ___FILE_ONLY___ container
2022-11-02 09:00:13,487 INFO     ___FILE_ONLY___  
2022-11-02 09:00:13,487 INFO     ___FILE_ONLY___ azure
2022-11-02 09:00:13,487 INFO     ___FILE_ONLY___  
2022-11-02 09:00:13,487 INFO     ___FILE_ONLY___ clusters
2022-11-02 09:00:13,487 INFO     ___FILE_ONLY___  
2022-11-02 09:00:13,487 INFO     ___FILE_ONLY___ create[m
2022-11-02 09:00:13,487 INFO     ___FILE_ONLY___  
2022-11-02 09:00:13,488 INFO     ___FILE_ONLY___ to
2022-11-02 09:00:13,488 INFO     ___FILE_ONLY___  
2022-11-02 09:00:13,488 INFO     ___FILE_ONLY___ update
2022-11-02 09:00:13,488 INFO     ___FILE_ONLY___  
2022-11-02 09:00:13,488 INFO     ___FILE_ONLY___ the
2022-11-02 09:00:13,488 INFO     ___FILE_ONLY___  
2022-11-02 09:00:13,488 INFO     ___FILE_ONLY___ logging
2022-11-02 09:00:13,488 INFO     ___FILE_ONLY___  
2022-11-02 09:00:13,489 INFO     ___FILE_ONLY___ config.
2022-11-02 09:00:13,489 INFO     ___FILE_ONLY___ 

2022-11-02 09:00:13,490 INFO     ___FILE_ONLY___       ▪
2022-11-02 09:00:13,509 INFO     ___FILE_ONLY___  
2022-11-02 09:00:13,510 INFO     ___FILE_ONLY___ Promoted
2022-11-02 09:00:13,510 INFO     ___FILE_ONLY___  
2022-11-02 09:00:13,510 INFO     ___FILE_ONLY___ [1m--logging[m
2022-11-02 09:00:13,511 INFO     ___FILE_ONLY___  
2022-11-02 09:00:13,511 INFO     ___FILE_ONLY___ flag
2022-11-02 09:00:13,511 INFO     ___FILE_ONLY___  
2022-11-02 09:00:13,511 INFO     ___FILE_ONLY___ to
2022-11-02 09:00:13,511 INFO     ___FILE_ONLY___  
2022-11-02 09:00:13,512 INFO     ___FILE_ONLY___ [1mgcloud
2022-11-02 09:00:13,512 INFO     ___FILE_ONLY___  
2022-11-02 09:00:13,512 INFO     ___FILE_ONLY___ container
2022-11-02 09:00:13,512 INFO     ___FILE_ONLY___  
2022-11-02 09:00:13,512 INFO     ___FILE_ONLY___ aws
2022-11-02 09:00:13,512 INFO     ___FILE_ONLY___  
2022-11-02 09:00:13,512 INFO     ___FILE_ONLY___ clusters
2022-11-02 09:00:13,512 INFO     ___FILE_ONLY___  
2022-11-02 09:00:13,512 INFO     ___FILE_ONLY___ update[m
2022-11-02 09:00:13,513 INFO     ___FILE_ONLY___  
2022-11-02 09:00:13,513 INFO     ___FILE_ONLY___ and
2022-11-02 09:00:13,513 INFO     ___FILE_ONLY___ 

2022-11-02 09:00:13,513 INFO     ___FILE_ONLY___         
2022-11-02 09:00:13,514 INFO     ___FILE_ONLY___ [1mgcloud
2022-11-02 09:00:13,514 INFO     ___FILE_ONLY___  
2022-11-02 09:00:13,514 INFO     ___FILE_ONLY___ container
2022-11-02 09:00:13,514 INFO     ___FILE_ONLY___  
2022-11-02 09:00:13,514 INFO     ___FILE_ONLY___ azure
2022-11-02 09:00:13,515 INFO     ___FILE_ONLY___  
2022-11-02 09:00:13,515 INFO     ___FILE_ONLY___ clusters
2022-11-02 09:00:13,515 INFO     ___FILE_ONLY___  
2022-11-02 09:00:13,515 INFO     ___FILE_ONLY___ update[m
2022-11-02 09:00:13,515 INFO     ___FILE_ONLY___  
2022-11-02 09:00:13,515 INFO     ___FILE_ONLY___ to
2022-11-02 09:00:13,515 INFO     ___FILE_ONLY___  
2022-11-02 09:00:13,516 INFO     ___FILE_ONLY___ update
2022-11-02 09:00:13,516 INFO     ___FILE_ONLY___  
2022-11-02 09:00:13,516 INFO     ___FILE_ONLY___ the
2022-11-02 09:00:13,517 INFO     ___FILE_ONLY___  
2022-11-02 09:00:13,518 INFO     ___FILE_ONLY___ logging
2022-11-02 09:00:13,518 INFO     ___FILE_ONLY___  
2022-11-02 09:00:13,518 INFO     ___FILE_ONLY___ config.
2022-11-02 09:00:13,518 INFO     ___FILE_ONLY___ 

2022-11-02 09:00:13,518 INFO     ___FILE_ONLY___       ▪
2022-11-02 09:00:13,518 INFO     ___FILE_ONLY___  
2022-11-02 09:00:13,519 INFO     ___FILE_ONLY___ Added
2022-11-02 09:00:13,519 INFO     ___FILE_ONLY___  
2022-11-02 09:00:13,519 INFO     ___FILE_ONLY___ [1m--annotations[m
2022-11-02 09:00:13,519 INFO     ___FILE_ONLY___  
2022-11-02 09:00:13,519 INFO     ___FILE_ONLY___ flag
2022-11-02 09:00:13,520 INFO     ___FILE_ONLY___  
2022-11-02 09:00:13,520 INFO     ___FILE_ONLY___ to
2022-11-02 09:00:13,520 INFO     ___FILE_ONLY___  
2022-11-02 09:00:13,520 INFO     ___FILE_ONLY___ [1mgcloud
2022-11-02 09:00:13,520 INFO     ___FILE_ONLY___  
2022-11-02 09:00:13,520 INFO     ___FILE_ONLY___ container
2022-11-02 09:00:13,520 INFO     ___FILE_ONLY___  
2022-11-02 09:00:13,521 INFO     ___FILE_ONLY___ azure
2022-11-02 09:00:13,521 INFO     ___FILE_ONLY___  
2022-11-02 09:00:13,521 INFO     ___FILE_ONLY___ node-pools
2022-11-02 09:00:13,521 INFO     ___FILE_ONLY___  
2022-11-02 09:00:13,521 INFO     ___FILE_ONLY___ create[m
2022-11-02 09:00:13,521 INFO     ___FILE_ONLY___ 

2022-11-02 09:00:13,522 INFO     ___FILE_ONLY___         
2022-11-02 09:00:13,523 INFO     ___FILE_ONLY___ to
2022-11-02 09:00:13,526 INFO     ___FILE_ONLY___  
2022-11-02 09:00:13,526 INFO     ___FILE_ONLY___ set
2022-11-02 09:00:13,526 INFO     ___FILE_ONLY___  
2022-11-02 09:00:13,526 INFO     ___FILE_ONLY___ the
2022-11-02 09:00:13,527 INFO     ___FILE_ONLY___  
2022-11-02 09:00:13,527 INFO     ___FILE_ONLY___ annotations
2022-11-02 09:00:13,527 INFO     ___FILE_ONLY___  
2022-11-02 09:00:13,531 INFO     ___FILE_ONLY___ field
2022-11-02 09:00:13,531 INFO     ___FILE_ONLY___  
2022-11-02 09:00:13,531 INFO     ___FILE_ONLY___ when
2022-11-02 09:00:13,532 INFO     ___FILE_ONLY___  
2022-11-02 09:00:13,532 INFO     ___FILE_ONLY___ creating
2022-11-02 09:00:13,532 INFO     ___FILE_ONLY___  
2022-11-02 09:00:13,532 INFO     ___FILE_ONLY___ Azure
2022-11-02 09:00:13,533 INFO     ___FILE_ONLY___  
2022-11-02 09:00:13,533 INFO     ___FILE_ONLY___ node
2022-11-02 09:00:13,533 INFO     ___FILE_ONLY___  
2022-11-02 09:00:13,533 INFO     ___FILE_ONLY___ pools.
2022-11-02 09:00:13,533 INFO     ___FILE_ONLY___ 

2022-11-02 09:00:13,535 INFO     ___FILE_ONLY___       ▪
2022-11-02 09:00:13,535 INFO     ___FILE_ONLY___  
2022-11-02 09:00:13,536 INFO     ___FILE_ONLY___ Added
2022-11-02 09:00:13,536 INFO     ___FILE_ONLY___  
2022-11-02 09:00:13,536 INFO     ___FILE_ONLY___ [1m--annotations[m
2022-11-02 09:00:13,537 INFO     ___FILE_ONLY___  
2022-11-02 09:00:13,537 INFO     ___FILE_ONLY___ flag
2022-11-02 09:00:13,537 INFO     ___FILE_ONLY___  
2022-11-02 09:00:13,537 INFO     ___FILE_ONLY___ to
2022-11-02 09:00:13,537 INFO     ___FILE_ONLY___  
2022-11-02 09:00:13,537 INFO     ___FILE_ONLY___ [1mgcloud
2022-11-02 09:00:13,538 INFO     ___FILE_ONLY___  
2022-11-02 09:00:13,538 INFO     ___FILE_ONLY___ container
2022-11-02 09:00:13,538 INFO     ___FILE_ONLY___  
2022-11-02 09:00:13,538 INFO     ___FILE_ONLY___ azure
2022-11-02 09:00:13,538 INFO     ___FILE_ONLY___  
2022-11-02 09:00:13,538 INFO     ___FILE_ONLY___ node-pools
2022-11-02 09:00:13,539 INFO     ___FILE_ONLY___  
2022-11-02 09:00:13,539 INFO     ___FILE_ONLY___ update[m
2022-11-02 09:00:13,539 INFO     ___FILE_ONLY___ 

2022-11-02 09:00:13,539 INFO     ___FILE_ONLY___         
2022-11-02 09:00:13,539 INFO     ___FILE_ONLY___ to
2022-11-02 09:00:13,540 INFO     ___FILE_ONLY___  
2022-11-02 09:00:13,540 INFO     ___FILE_ONLY___ update
2022-11-02 09:00:13,542 INFO     ___FILE_ONLY___  
2022-11-02 09:00:13,543 INFO     ___FILE_ONLY___ the
2022-11-02 09:00:13,544 INFO     ___FILE_ONLY___  
2022-11-02 09:00:13,544 INFO     ___FILE_ONLY___ annotations
2022-11-02 09:00:13,544 INFO     ___FILE_ONLY___  
2022-11-02 09:00:13,544 INFO     ___FILE_ONLY___ of
2022-11-02 09:00:13,544 INFO     ___FILE_ONLY___  
2022-11-02 09:00:13,544 INFO     ___FILE_ONLY___ Azure
2022-11-02 09:00:13,544 INFO     ___FILE_ONLY___  
2022-11-02 09:00:13,544 INFO     ___FILE_ONLY___ node
2022-11-02 09:00:13,545 INFO     ___FILE_ONLY___  
2022-11-02 09:00:13,545 INFO     ___FILE_ONLY___ pools.
2022-11-02 09:00:13,545 INFO     ___FILE_ONLY___ 

2022-11-02 09:00:13,545 INFO     ___FILE_ONLY___       ▪
2022-11-02 09:00:13,546 INFO     ___FILE_ONLY___  
2022-11-02 09:00:13,546 INFO     ___FILE_ONLY___ Added
2022-11-02 09:00:13,546 INFO     ___FILE_ONLY___  
2022-11-02 09:00:13,546 INFO     ___FILE_ONLY___ [1m--clear-annotations[m
2022-11-02 09:00:13,546 INFO     ___FILE_ONLY___  
2022-11-02 09:00:13,546 INFO     ___FILE_ONLY___ flag
2022-11-02 09:00:13,547 INFO     ___FILE_ONLY___  
2022-11-02 09:00:13,547 INFO     ___FILE_ONLY___ to
2022-11-02 09:00:13,547 INFO     ___FILE_ONLY___  
2022-11-02 09:00:13,547 INFO     ___FILE_ONLY___ [1mgcloud
2022-11-02 09:00:13,547 INFO     ___FILE_ONLY___  
2022-11-02 09:00:13,547 INFO     ___FILE_ONLY___ container
2022-11-02 09:00:13,547 INFO     ___FILE_ONLY___  
2022-11-02 09:00:13,548 INFO     ___FILE_ONLY___ azure
2022-11-02 09:00:13,548 INFO     ___FILE_ONLY___  
2022-11-02 09:00:13,548 INFO     ___FILE_ONLY___ node-pools
2022-11-02 09:00:13,548 INFO     ___FILE_ONLY___ 

2022-11-02 09:00:13,548 INFO     ___FILE_ONLY___         
2022-11-02 09:00:13,548 INFO     ___FILE_ONLY___ update[m
2022-11-02 09:00:13,548 INFO     ___FILE_ONLY___  
2022-11-02 09:00:13,550 INFO     ___FILE_ONLY___ to
2022-11-02 09:00:13,550 INFO     ___FILE_ONLY___  
2022-11-02 09:00:13,550 INFO     ___FILE_ONLY___ clear
2022-11-02 09:00:13,550 INFO     ___FILE_ONLY___  
2022-11-02 09:00:13,550 INFO     ___FILE_ONLY___ the
2022-11-02 09:00:13,551 INFO     ___FILE_ONLY___  
2022-11-02 09:00:13,551 INFO     ___FILE_ONLY___ annotations
2022-11-02 09:00:13,551 INFO     ___FILE_ONLY___  
2022-11-02 09:00:13,551 INFO     ___FILE_ONLY___ of
2022-11-02 09:00:13,551 INFO     ___FILE_ONLY___  
2022-11-02 09:00:13,551 INFO     ___FILE_ONLY___ Azure
2022-11-02 09:00:13,551 INFO     ___FILE_ONLY___  
2022-11-02 09:00:13,552 INFO     ___FILE_ONLY___ node
2022-11-02 09:00:13,552 INFO     ___FILE_ONLY___  
2022-11-02 09:00:13,552 INFO     ___FILE_ONLY___ pools.
2022-11-02 09:00:13,552 INFO     ___FILE_ONLY___ 

2022-11-02 09:00:13,552 INFO     ___FILE_ONLY___ 

2022-11-02 09:00:13,552 INFO     ___FILE_ONLY___ [m
2022-11-02 09:00:13,552 INFO     ___FILE_ONLY___   
2022-11-02 09:00:13,553 INFO     ___FILE_ONLY___ [1mBare Metal Solution[m

2022-11-02 09:00:13,553 INFO     ___FILE_ONLY___       ▪
2022-11-02 09:00:13,553 INFO     ___FILE_ONLY___  
2022-11-02 09:00:13,553 INFO     ___FILE_ONLY___ Promoted
2022-11-02 09:00:13,553 INFO     ___FILE_ONLY___  
2022-11-02 09:00:13,553 INFO     ___FILE_ONLY___ [1mgcloud
2022-11-02 09:00:13,554 INFO     ___FILE_ONLY___  
2022-11-02 09:00:13,554 INFO     ___FILE_ONLY___ bms
2022-11-02 09:00:13,554 INFO     ___FILE_ONLY___  
2022-11-02 09:00:13,554 INFO     ___FILE_ONLY___ nfs-shares
2022-11-02 09:00:13,554 INFO     ___FILE_ONLY___  
2022-11-02 09:00:13,554 INFO     ___FILE_ONLY___ create[m
2022-11-02 09:00:13,555 INFO     ___FILE_ONLY___  
2022-11-02 09:00:13,555 INFO     ___FILE_ONLY___ to
2022-11-02 09:00:13,555 INFO     ___FILE_ONLY___  
2022-11-02 09:00:13,555 INFO     ___FILE_ONLY___ GA.
2022-11-02 09:00:13,596 INFO     ___FILE_ONLY___ 

2022-11-02 09:00:13,603 INFO     ___FILE_ONLY___       ▪
2022-11-02 09:00:13,604 INFO     ___FILE_ONLY___  
2022-11-02 09:00:13,604 INFO     ___FILE_ONLY___ Promoted
2022-11-02 09:00:13,604 INFO     ___FILE_ONLY___  
2022-11-02 09:00:13,605 INFO     ___FILE_ONLY___ [1mgcloud
2022-11-02 09:00:13,605 INFO     ___FILE_ONLY___  
2022-11-02 09:00:13,605 INFO     ___FILE_ONLY___ bms
2022-11-02 09:00:13,605 INFO     ___FILE_ONLY___  
2022-11-02 09:00:13,605 INFO     ___FILE_ONLY___ nfs-shares
2022-11-02 09:00:13,605 INFO     ___FILE_ONLY___  
2022-11-02 09:00:13,605 INFO     ___FILE_ONLY___ delete[m
2022-11-02 09:00:13,606 INFO     ___FILE_ONLY___  
2022-11-02 09:00:13,606 INFO     ___FILE_ONLY___ to
2022-11-02 09:00:13,606 INFO     ___FILE_ONLY___  
2022-11-02 09:00:13,606 INFO     ___FILE_ONLY___ GA.
2022-11-02 09:00:13,606 INFO     ___FILE_ONLY___ 

2022-11-02 09:00:13,606 INFO     ___FILE_ONLY___       ▪
2022-11-02 09:00:13,606 INFO     ___FILE_ONLY___  
2022-11-02 09:00:13,607 INFO     ___FILE_ONLY___ Promoted
2022-11-02 09:00:13,607 INFO     ___FILE_ONLY___  
2022-11-02 09:00:13,607 INFO     ___FILE_ONLY___ [1mgcloud
2022-11-02 09:00:13,607 INFO     ___FILE_ONLY___  
2022-11-02 09:00:13,607 INFO     ___FILE_ONLY___ bms
2022-11-02 09:00:13,607 INFO     ___FILE_ONLY___  
2022-11-02 09:00:13,607 INFO     ___FILE_ONLY___ volumes
2022-11-02 09:00:13,608 INFO     ___FILE_ONLY___  
2022-11-02 09:00:13,608 INFO     ___FILE_ONLY___ restore[m
2022-11-02 09:00:13,608 INFO     ___FILE_ONLY___  
2022-11-02 09:00:13,608 INFO     ___FILE_ONLY___ to
2022-11-02 09:00:13,608 INFO     ___FILE_ONLY___  
2022-11-02 09:00:13,608 INFO     ___FILE_ONLY___ GA.
2022-11-02 09:00:13,608 INFO     ___FILE_ONLY___ 

2022-11-02 09:00:13,608 INFO     ___FILE_ONLY___       ▪
2022-11-02 09:00:13,609 INFO     ___FILE_ONLY___  
2022-11-02 09:00:13,609 INFO     ___FILE_ONLY___ Promoted
2022-11-02 09:00:13,609 INFO     ___FILE_ONLY___  
2022-11-02 09:00:13,609 INFO     ___FILE_ONLY___ [1mgcloud
2022-11-02 09:00:13,609 INFO     ___FILE_ONLY___  
2022-11-02 09:00:13,609 INFO     ___FILE_ONLY___ bms
2022-11-02 09:00:13,609 INFO     ___FILE_ONLY___  
2022-11-02 09:00:13,609 INFO     ___FILE_ONLY___ volumes
2022-11-02 09:00:13,610 INFO     ___FILE_ONLY___  
2022-11-02 09:00:13,610 INFO     ___FILE_ONLY___ snapshot[m
2022-11-02 09:00:13,610 INFO     ___FILE_ONLY___  
2022-11-02 09:00:13,610 INFO     ___FILE_ONLY___ to
2022-11-02 09:00:13,610 INFO     ___FILE_ONLY___  
2022-11-02 09:00:13,610 INFO     ___FILE_ONLY___ GA.
2022-11-02 09:00:13,610 INFO     ___FILE_ONLY___ 

2022-11-02 09:00:13,610 INFO     ___FILE_ONLY___       ▪
2022-11-02 09:00:13,611 INFO     ___FILE_ONLY___  
2022-11-02 09:00:13,611 INFO     ___FILE_ONLY___ Promoted
2022-11-02 09:00:13,611 INFO     ___FILE_ONLY___  
2022-11-02 09:00:13,611 INFO     ___FILE_ONLY___ [1mgcloud
2022-11-02 09:00:13,611 INFO     ___FILE_ONLY___  
2022-11-02 09:00:13,611 INFO     ___FILE_ONLY___ bms
2022-11-02 09:00:13,611 INFO     ___FILE_ONLY___  
2022-11-02 09:00:13,612 INFO     ___FILE_ONLY___ volumes
2022-11-02 09:00:13,612 INFO     ___FILE_ONLY___  
2022-11-02 09:00:13,612 INFO     ___FILE_ONLY___ snapshots
2022-11-02 09:00:13,612 INFO     ___FILE_ONLY___  
2022-11-02 09:00:13,613 INFO     ___FILE_ONLY___ describe[m
2022-11-02 09:00:13,613 INFO     ___FILE_ONLY___  
2022-11-02 09:00:13,613 INFO     ___FILE_ONLY___ to
2022-11-02 09:00:13,613 INFO     ___FILE_ONLY___  
2022-11-02 09:00:13,613 INFO     ___FILE_ONLY___ GA.
2022-11-02 09:00:13,613 INFO     ___FILE_ONLY___ 

2022-11-02 09:00:13,614 INFO     ___FILE_ONLY___       ▪
2022-11-02 09:00:13,614 INFO     ___FILE_ONLY___  
2022-11-02 09:00:13,614 INFO     ___FILE_ONLY___ Promoted
2022-11-02 09:00:13,614 INFO     ___FILE_ONLY___  
2022-11-02 09:00:13,614 INFO     ___FILE_ONLY___ [1mgcloud
2022-11-02 09:00:13,614 INFO     ___FILE_ONLY___  
2022-11-02 09:00:13,615 INFO     ___FILE_ONLY___ bms
2022-11-02 09:00:13,615 INFO     ___FILE_ONLY___  
2022-11-02 09:00:13,615 INFO     ___FILE_ONLY___ volumes
2022-11-02 09:00:13,615 INFO     ___FILE_ONLY___  
2022-11-02 09:00:13,616 INFO     ___FILE_ONLY___ snapshots
2022-11-02 09:00:13,616 INFO     ___FILE_ONLY___  
2022-11-02 09:00:13,616 INFO     ___FILE_ONLY___ list[m
2022-11-02 09:00:13,616 INFO     ___FILE_ONLY___  
2022-11-02 09:00:13,616 INFO     ___FILE_ONLY___ to
2022-11-02 09:00:13,616 INFO     ___FILE_ONLY___  
2022-11-02 09:00:13,617 INFO     ___FILE_ONLY___ GA.
2022-11-02 09:00:13,618 INFO     ___FILE_ONLY___ 

2022-11-02 09:00:13,618 INFO     ___FILE_ONLY___       ▪
2022-11-02 09:00:13,624 INFO     ___FILE_ONLY___  
2022-11-02 09:00:13,632 INFO     ___FILE_ONLY___ Promoted
2022-11-02 09:00:13,634 INFO     ___FILE_ONLY___  
2022-11-02 09:00:13,634 INFO     ___FILE_ONLY___ [1mgcloud
2022-11-02 09:00:13,634 INFO     ___FILE_ONLY___  
2022-11-02 09:00:13,634 INFO     ___FILE_ONLY___ bms
2022-11-02 09:00:13,635 INFO     ___FILE_ONLY___  
2022-11-02 09:00:13,635 INFO     ___FILE_ONLY___ volumes
2022-11-02 09:00:13,635 INFO     ___FILE_ONLY___  
2022-11-02 09:00:13,635 INFO     ___FILE_ONLY___ snapshots
2022-11-02 09:00:13,636 INFO     ___FILE_ONLY___  
2022-11-02 09:00:13,636 INFO     ___FILE_ONLY___ delete[m
2022-11-02 09:00:13,636 INFO     ___FILE_ONLY___  
2022-11-02 09:00:13,636 INFO     ___FILE_ONLY___ to
2022-11-02 09:00:13,639 INFO     ___FILE_ONLY___  
2022-11-02 09:00:13,639 INFO     ___FILE_ONLY___ GA.
2022-11-02 09:00:13,640 INFO     ___FILE_ONLY___ 

2022-11-02 09:00:13,640 INFO     ___FILE_ONLY___       ▪
2022-11-02 09:00:13,640 INFO     ___FILE_ONLY___  
2022-11-02 09:00:13,640 INFO     ___FILE_ONLY___ Promoted
2022-11-02 09:00:13,640 INFO     ___FILE_ONLY___  
2022-11-02 09:00:13,640 INFO     ___FILE_ONLY___ [1m--add-allowed-client[m
2022-11-02 09:00:13,641 INFO     ___FILE_ONLY___  
2022-11-02 09:00:13,641 INFO     ___FILE_ONLY___ flag
2022-11-02 09:00:13,641 INFO     ___FILE_ONLY___  
2022-11-02 09:00:13,641 INFO     ___FILE_ONLY___ of
2022-11-02 09:00:13,641 INFO     ___FILE_ONLY___  
2022-11-02 09:00:13,641 INFO     ___FILE_ONLY___ [1mgcloud
2022-11-02 09:00:13,641 INFO     ___FILE_ONLY___  
2022-11-02 09:00:13,641 INFO     ___FILE_ONLY___ bms
2022-11-02 09:00:13,641 INFO     ___FILE_ONLY___  
2022-11-02 09:00:13,642 INFO     ___FILE_ONLY___ nfs-shares
2022-11-02 09:00:13,642 INFO     ___FILE_ONLY___  
2022-11-02 09:00:13,642 INFO     ___FILE_ONLY___ update[m
2022-11-02 09:00:13,642 INFO     ___FILE_ONLY___  
2022-11-02 09:00:13,642 INFO     ___FILE_ONLY___ to
2022-11-02 09:00:13,642 INFO     ___FILE_ONLY___ 

2022-11-02 09:00:13,643 INFO     ___FILE_ONLY___         
2022-11-02 09:00:13,643 INFO     ___FILE_ONLY___ GA.
2022-11-02 09:00:13,643 INFO     ___FILE_ONLY___ 

2022-11-02 09:00:13,643 INFO     ___FILE_ONLY___       ▪
2022-11-02 09:00:13,643 INFO     ___FILE_ONLY___  
2022-11-02 09:00:13,643 INFO     ___FILE_ONLY___ Promoted
2022-11-02 09:00:13,643 INFO     ___FILE_ONLY___  
2022-11-02 09:00:13,644 INFO     ___FILE_ONLY___ [1m--remove-allowed-client[m
2022-11-02 09:00:13,644 INFO     ___FILE_ONLY___  
2022-11-02 09:00:13,644 INFO     ___FILE_ONLY___ flag
2022-11-02 09:00:13,644 INFO     ___FILE_ONLY___  
2022-11-02 09:00:13,644 INFO     ___FILE_ONLY___ of
2022-11-02 09:00:13,645 INFO     ___FILE_ONLY___  
2022-11-02 09:00:13,645 INFO     ___FILE_ONLY___ [1mgcloud
2022-11-02 09:00:13,645 INFO     ___FILE_ONLY___  
2022-11-02 09:00:13,645 INFO     ___FILE_ONLY___ bms
2022-11-02 09:00:13,645 INFO     ___FILE_ONLY___  
2022-11-02 09:00:13,645 INFO     ___FILE_ONLY___ nfs-shares
2022-11-02 09:00:13,645 INFO     ___FILE_ONLY___  
2022-11-02 09:00:13,645 INFO     ___FILE_ONLY___ update[m
2022-11-02 09:00:13,646 INFO     ___FILE_ONLY___ 

2022-11-02 09:00:13,646 INFO     ___FILE_ONLY___         
2022-11-02 09:00:13,646 INFO     ___FILE_ONLY___ to
2022-11-02 09:00:13,646 INFO     ___FILE_ONLY___  
2022-11-02 09:00:13,646 INFO     ___FILE_ONLY___ GA.
2022-11-02 09:00:13,646 INFO     ___FILE_ONLY___ 

2022-11-02 09:00:13,646 INFO     ___FILE_ONLY___       ▪
2022-11-02 09:00:13,647 INFO     ___FILE_ONLY___  
2022-11-02 09:00:13,647 INFO     ___FILE_ONLY___ Promoted
2022-11-02 09:00:13,647 INFO     ___FILE_ONLY___  
2022-11-02 09:00:13,647 INFO     ___FILE_ONLY___ [1m--clear-allowed-clients[m
2022-11-02 09:00:13,647 INFO     ___FILE_ONLY___  
2022-11-02 09:00:13,648 INFO     ___FILE_ONLY___ flag
2022-11-02 09:00:13,648 INFO     ___FILE_ONLY___  
2022-11-02 09:00:13,648 INFO     ___FILE_ONLY___ of
2022-11-02 09:00:13,648 INFO     ___FILE_ONLY___  
2022-11-02 09:00:13,648 INFO     ___FILE_ONLY___ [1mgcloud
2022-11-02 09:00:13,648 INFO     ___FILE_ONLY___  
2022-11-02 09:00:13,648 INFO     ___FILE_ONLY___ bms
2022-11-02 09:00:13,648 INFO     ___FILE_ONLY___  
2022-11-02 09:00:13,649 INFO     ___FILE_ONLY___ nfs-shares
2022-11-02 09:00:13,649 INFO     ___FILE_ONLY___  
2022-11-02 09:00:13,649 INFO     ___FILE_ONLY___ update[m
2022-11-02 09:00:13,649 INFO     ___FILE_ONLY___ 

2022-11-02 09:00:13,651 INFO     ___FILE_ONLY___         
2022-11-02 09:00:13,651 INFO     ___FILE_ONLY___ to
2022-11-02 09:00:13,653 INFO     ___FILE_ONLY___  
2022-11-02 09:00:13,653 INFO     ___FILE_ONLY___ GA.
2022-11-02 09:00:13,653 INFO     ___FILE_ONLY___ 

2022-11-02 09:00:13,653 INFO     ___FILE_ONLY___       ▪
2022-11-02 09:00:13,653 INFO     ___FILE_ONLY___  
2022-11-02 09:00:13,654 INFO     ___FILE_ONLY___ Promoted
2022-11-02 09:00:13,654 INFO     ___FILE_ONLY___  
2022-11-02 09:00:13,654 INFO     ___FILE_ONLY___ [1mgcloud
2022-11-02 09:00:13,654 INFO     ___FILE_ONLY___  
2022-11-02 09:00:13,654 INFO     ___FILE_ONLY___ bms
2022-11-02 09:00:13,654 INFO     ___FILE_ONLY___  
2022-11-02 09:00:13,654 INFO     ___FILE_ONLY___ instances
2022-11-02 09:00:13,654 INFO     ___FILE_ONLY___  
2022-11-02 09:00:13,654 INFO     ___FILE_ONLY___ stop[m
2022-11-02 09:00:13,657 INFO     ___FILE_ONLY___  
2022-11-02 09:00:13,657 INFO     ___FILE_ONLY___ to
2022-11-02 09:00:13,658 INFO     ___FILE_ONLY___  
2022-11-02 09:00:13,658 INFO     ___FILE_ONLY___ GA.
2022-11-02 09:00:13,658 INFO     ___FILE_ONLY___ 

2022-11-02 09:00:13,658 INFO     ___FILE_ONLY___ 

2022-11-02 09:00:13,658 INFO     ___FILE_ONLY___ [m
2022-11-02 09:00:13,658 INFO     ___FILE_ONLY___   
2022-11-02 09:00:13,659 INFO     ___FILE_ONLY___ [1mBigQuery[m

2022-11-02 09:00:13,659 INFO     ___FILE_ONLY___       ▪
2022-11-02 09:00:13,659 INFO     ___FILE_ONLY___  
2022-11-02 09:00:13,659 INFO     ___FILE_ONLY___ Fixed
2022-11-02 09:00:13,659 INFO     ___FILE_ONLY___  
2022-11-02 09:00:13,659 INFO     ___FILE_ONLY___ issue
2022-11-02 09:00:13,660 INFO     ___FILE_ONLY___  
2022-11-02 09:00:13,660 INFO     ___FILE_ONLY___ with
2022-11-02 09:00:13,660 INFO     ___FILE_ONLY___  
2022-11-02 09:00:13,660 INFO     ___FILE_ONLY___ [1m--api[m
2022-11-02 09:00:13,660 INFO     ___FILE_ONLY___  
2022-11-02 09:00:13,660 INFO     ___FILE_ONLY___ flag
2022-11-02 09:00:13,661 INFO     ___FILE_ONLY___  
2022-11-02 09:00:13,661 INFO     ___FILE_ONLY___ in
2022-11-02 09:00:13,661 INFO     ___FILE_ONLY___  
2022-11-02 09:00:13,661 INFO     ___FILE_ONLY___ external
2022-11-02 09:00:13,661 INFO     ___FILE_ONLY___  
2022-11-02 09:00:13,662 INFO     ___FILE_ONLY___ clients.
2022-11-02 09:00:13,662 INFO     ___FILE_ONLY___ 

2022-11-02 09:00:13,662 INFO     ___FILE_ONLY___       ▪
2022-11-02 09:00:13,662 INFO     ___FILE_ONLY___  
2022-11-02 09:00:13,662 INFO     ___FILE_ONLY___ Added
2022-11-02 09:00:13,663 INFO     ___FILE_ONLY___  
2022-11-02 09:00:13,663 INFO     ___FILE_ONLY___ support
2022-11-02 09:00:13,663 INFO     ___FILE_ONLY___  
2022-11-02 09:00:13,664 INFO     ___FILE_ONLY___ for
2022-11-02 09:00:13,664 INFO     ___FILE_ONLY___  
2022-11-02 09:00:13,664 INFO     ___FILE_ONLY___ the
2022-11-02 09:00:13,664 INFO     ___FILE_ONLY___  
2022-11-02 09:00:13,664 INFO     ___FILE_ONLY___ target_job_concurrency
2022-11-02 09:00:13,664 INFO     ___FILE_ONLY___  
2022-11-02 09:00:13,664 INFO     ___FILE_ONLY___ flag
2022-11-02 09:00:13,664 INFO     ___FILE_ONLY___  
2022-11-02 09:00:13,665 INFO     ___FILE_ONLY___ and
2022-11-02 09:00:13,665 INFO     ___FILE_ONLY___  
2022-11-02 09:00:13,665 INFO     ___FILE_ONLY___ begins
2022-11-02 09:00:13,665 INFO     ___FILE_ONLY___ 

2022-11-02 09:00:13,665 INFO     ___FILE_ONLY___         
2022-11-02 09:00:13,665 INFO     ___FILE_ONLY___ deprecating
2022-11-02 09:00:13,665 INFO     ___FILE_ONLY___  
2022-11-02 09:00:13,666 INFO     ___FILE_ONLY___ the
2022-11-02 09:00:13,666 INFO     ___FILE_ONLY___  
2022-11-02 09:00:13,666 INFO     ___FILE_ONLY___ concurrency
2022-11-02 09:00:13,666 INFO     ___FILE_ONLY___  
2022-11-02 09:00:13,666 INFO     ___FILE_ONLY___ flag.
2022-11-02 09:00:13,666 INFO     ___FILE_ONLY___ 

2022-11-02 09:00:13,667 INFO     ___FILE_ONLY___       ▪
2022-11-02 09:00:13,667 INFO     ___FILE_ONLY___  
2022-11-02 09:00:13,667 INFO     ___FILE_ONLY___ Added
2022-11-02 09:00:13,667 INFO     ___FILE_ONLY___  
2022-11-02 09:00:13,669 INFO     ___FILE_ONLY___ the
2022-11-02 09:00:13,670 INFO     ___FILE_ONLY___  
2022-11-02 09:00:13,670 INFO     ___FILE_ONLY___ max_staleness
2022-11-02 09:00:13,670 INFO     ___FILE_ONLY___  
2022-11-02 09:00:13,670 INFO     ___FILE_ONLY___ flag
2022-11-02 09:00:13,671 INFO     ___FILE_ONLY___  
2022-11-02 09:00:13,671 INFO     ___FILE_ONLY___ for
2022-11-02 09:00:13,671 INFO     ___FILE_ONLY___  
2022-11-02 09:00:13,671 INFO     ___FILE_ONLY___ external
2022-11-02 09:00:13,671 INFO     ___FILE_ONLY___  
2022-11-02 09:00:13,671 INFO     ___FILE_ONLY___ tables.
2022-11-02 09:00:13,671 INFO     ___FILE_ONLY___ 

2022-11-02 09:00:13,672 INFO     ___FILE_ONLY___       ▪
2022-11-02 09:00:13,672 INFO     ___FILE_ONLY___  
2022-11-02 09:00:13,672 INFO     ___FILE_ONLY___ Added
2022-11-02 09:00:13,672 INFO     ___FILE_ONLY___  
2022-11-02 09:00:13,672 INFO     ___FILE_ONLY___ support
2022-11-02 09:00:13,673 INFO     ___FILE_ONLY___  
2022-11-02 09:00:13,673 INFO     ___FILE_ONLY___ for
2022-11-02 09:00:13,673 INFO     ___FILE_ONLY___  
2022-11-02 09:00:13,673 INFO     ___FILE_ONLY___ SIMPLE
2022-11-02 09:00:13,673 INFO     ___FILE_ONLY___  
2022-11-02 09:00:13,673 INFO     ___FILE_ONLY___ with
2022-11-02 09:00:13,673 INFO     ___FILE_ONLY___  
2022-11-02 09:00:13,674 INFO     ___FILE_ONLY___ the
2022-11-02 09:00:13,674 INFO     ___FILE_ONLY___  
2022-11-02 09:00:13,674 INFO     ___FILE_ONLY___ object_metadata
2022-11-02 09:00:13,674 INFO     ___FILE_ONLY___  
2022-11-02 09:00:13,675 INFO     ___FILE_ONLY___ flag.
2022-11-02 09:00:13,675 INFO     ___FILE_ONLY___ 

2022-11-02 09:00:13,676 INFO     ___FILE_ONLY___       ▪
2022-11-02 09:00:13,676 INFO     ___FILE_ONLY___  
2022-11-02 09:00:13,676 INFO     ___FILE_ONLY___ Added
2022-11-02 09:00:13,676 INFO     ___FILE_ONLY___  
2022-11-02 09:00:13,676 INFO     ___FILE_ONLY___ ZSTD
2022-11-02 09:00:13,676 INFO     ___FILE_ONLY___  
2022-11-02 09:00:13,677 INFO     ___FILE_ONLY___ as
2022-11-02 09:00:13,677 INFO     ___FILE_ONLY___  
2022-11-02 09:00:13,677 INFO     ___FILE_ONLY___ an
2022-11-02 09:00:13,677 INFO     ___FILE_ONLY___  
2022-11-02 09:00:13,677 INFO     ___FILE_ONLY___ extract
2022-11-02 09:00:13,677 INFO     ___FILE_ONLY___  
2022-11-02 09:00:13,677 INFO     ___FILE_ONLY___ option.
2022-11-02 09:00:13,677 INFO     ___FILE_ONLY___ 

2022-11-02 09:00:13,678 INFO     ___FILE_ONLY___ 

2022-11-02 09:00:13,678 INFO     ___FILE_ONLY___ [m
2022-11-02 09:00:13,678 INFO     ___FILE_ONLY___   
2022-11-02 09:00:13,678 INFO     ___FILE_ONLY___ [1mCertificate Manager[m

2022-11-02 09:00:13,678 INFO     ___FILE_ONLY___       ▪
2022-11-02 09:00:13,679 INFO     ___FILE_ONLY___  
2022-11-02 09:00:13,679 INFO     ___FILE_ONLY___ Added
2022-11-02 09:00:13,679 INFO     ___FILE_ONLY___  
2022-11-02 09:00:13,679 INFO     ___FILE_ONLY___ [1mgcloud
2022-11-02 09:00:13,679 INFO     ___FILE_ONLY___  
2022-11-02 09:00:13,679 INFO     ___FILE_ONLY___ certificate-manager
2022-11-02 09:00:13,680 INFO     ___FILE_ONLY___  
2022-11-02 09:00:13,680 INFO     ___FILE_ONLY___ issuance-configs[m
2022-11-02 09:00:13,680 INFO     ___FILE_ONLY___  
2022-11-02 09:00:13,680 INFO     ___FILE_ONLY___ command
2022-11-02 09:00:13,680 INFO     ___FILE_ONLY___  
2022-11-02 09:00:13,680 INFO     ___FILE_ONLY___ group
2022-11-02 09:00:13,681 INFO     ___FILE_ONLY___  
2022-11-02 09:00:13,681 INFO     ___FILE_ONLY___ to
2022-11-02 09:00:13,682 INFO     ___FILE_ONLY___ 

2022-11-02 09:00:13,682 INFO     ___FILE_ONLY___         
2022-11-02 09:00:13,682 INFO     ___FILE_ONLY___ beta.
2022-11-02 09:00:13,682 INFO     ___FILE_ONLY___  
2022-11-02 09:00:13,683 INFO     ___FILE_ONLY___ Commands
2022-11-02 09:00:13,683 INFO     ___FILE_ONLY___  
2022-11-02 09:00:13,686 INFO     ___FILE_ONLY___ in
2022-11-02 09:00:13,686 INFO     ___FILE_ONLY___  
2022-11-02 09:00:13,686 INFO     ___FILE_ONLY___ this
2022-11-02 09:00:13,687 INFO     ___FILE_ONLY___  
2022-11-02 09:00:13,687 INFO     ___FILE_ONLY___ group
2022-11-02 09:00:13,687 INFO     ___FILE_ONLY___  
2022-11-02 09:00:13,687 INFO     ___FILE_ONLY___ allow
2022-11-02 09:00:13,687 INFO     ___FILE_ONLY___  
2022-11-02 09:00:13,688 INFO     ___FILE_ONLY___ for
2022-11-02 09:00:13,688 INFO     ___FILE_ONLY___  
2022-11-02 09:00:13,688 INFO     ___FILE_ONLY___ configuring
2022-11-02 09:00:13,688 INFO     ___FILE_ONLY___  
2022-11-02 09:00:13,688 INFO     ___FILE_ONLY___ Private
2022-11-02 09:00:13,688 INFO     ___FILE_ONLY___  
2022-11-02 09:00:13,688 INFO     ___FILE_ONLY___ Trust
2022-11-02 09:00:13,689 INFO     ___FILE_ONLY___ 

2022-11-02 09:00:13,689 INFO     ___FILE_ONLY___         
2022-11-02 09:00:13,689 INFO     ___FILE_ONLY___ certificate
2022-11-02 09:00:13,689 INFO     ___FILE_ONLY___  
2022-11-02 09:00:13,689 INFO     ___FILE_ONLY___ issuance.
2022-11-02 09:00:13,689 INFO     ___FILE_ONLY___ 

2022-11-02 09:00:13,689 INFO     ___FILE_ONLY___       ▪
2022-11-02 09:00:13,690 INFO     ___FILE_ONLY___  
2022-11-02 09:00:13,690 INFO     ___FILE_ONLY___ Added
2022-11-02 09:00:13,690 INFO     ___FILE_ONLY___  
2022-11-02 09:00:13,691 INFO     ___FILE_ONLY___ [1m--issuance-config[m
2022-11-02 09:00:13,691 INFO     ___FILE_ONLY___  
2022-11-02 09:00:13,691 INFO     ___FILE_ONLY___ flag
2022-11-02 09:00:13,691 INFO     ___FILE_ONLY___  
2022-11-02 09:00:13,691 INFO     ___FILE_ONLY___ for
2022-11-02 09:00:13,691 INFO     ___FILE_ONLY___  
2022-11-02 09:00:13,691 INFO     ___FILE_ONLY___ [1mgcloud
2022-11-02 09:00:13,691 INFO     ___FILE_ONLY___  
2022-11-02 09:00:13,692 INFO     ___FILE_ONLY___ certificate-manager
2022-11-02 09:00:13,692 INFO     ___FILE_ONLY___ 

2022-11-02 09:00:13,692 INFO     ___FILE_ONLY___         
2022-11-02 09:00:13,692 INFO     ___FILE_ONLY___ certificates
2022-11-02 09:00:13,692 INFO     ___FILE_ONLY___  
2022-11-02 09:00:13,692 INFO     ___FILE_ONLY___ create[m
2022-11-02 09:00:13,693 INFO     ___FILE_ONLY___  
2022-11-02 09:00:13,693 INFO     ___FILE_ONLY___ command
2022-11-02 09:00:13,693 INFO     ___FILE_ONLY___  
2022-11-02 09:00:13,693 INFO     ___FILE_ONLY___ to
2022-11-02 09:00:13,693 INFO     ___FILE_ONLY___  
2022-11-02 09:00:13,694 INFO     ___FILE_ONLY___ beta.
2022-11-02 09:00:13,694 INFO     ___FILE_ONLY___  
2022-11-02 09:00:13,695 INFO     ___FILE_ONLY___ The
2022-11-02 09:00:13,695 INFO     ___FILE_ONLY___  
2022-11-02 09:00:13,701 INFO     ___FILE_ONLY___ flag
2022-11-02 09:00:13,701 INFO     ___FILE_ONLY___  
2022-11-02 09:00:13,701 INFO     ___FILE_ONLY___ allows
2022-11-02 09:00:13,702 INFO     ___FILE_ONLY___  
2022-11-02 09:00:13,702 INFO     ___FILE_ONLY___ configuring
2022-11-02 09:00:13,703 INFO     ___FILE_ONLY___ 

2022-11-02 09:00:13,703 INFO     ___FILE_ONLY___         
2022-11-02 09:00:13,704 INFO     ___FILE_ONLY___ managed
2022-11-02 09:00:13,704 INFO     ___FILE_ONLY___  
2022-11-02 09:00:13,704 INFO     ___FILE_ONLY___ certificates
2022-11-02 09:00:13,704 INFO     ___FILE_ONLY___  
2022-11-02 09:00:13,704 INFO     ___FILE_ONLY___ issuance
2022-11-02 09:00:13,705 INFO     ___FILE_ONLY___  
2022-11-02 09:00:13,705 INFO     ___FILE_ONLY___ with
2022-11-02 09:00:13,705 INFO     ___FILE_ONLY___  
2022-11-02 09:00:13,705 INFO     ___FILE_ONLY___ Private
2022-11-02 09:00:13,705 INFO     ___FILE_ONLY___  
2022-11-02 09:00:13,706 INFO     ___FILE_ONLY___ Trust.
2022-11-02 09:00:13,706 INFO     ___FILE_ONLY___ 

2022-11-02 09:00:13,706 INFO     ___FILE_ONLY___ 

2022-11-02 09:00:13,706 INFO     ___FILE_ONLY___ [m
2022-11-02 09:00:13,706 INFO     ___FILE_ONLY___   
2022-11-02 09:00:13,706 INFO     ___FILE_ONLY___ [1mCloud Access Context Manager[m

2022-11-02 09:00:13,707 INFO     ___FILE_ONLY___       ▪
2022-11-02 09:00:13,707 INFO     ___FILE_ONLY___  
2022-11-02 09:00:13,707 INFO     ___FILE_ONLY___ Changed
2022-11-02 09:00:13,708 INFO     ___FILE_ONLY___  
2022-11-02 09:00:13,708 INFO     ___FILE_ONLY___ [1m--level[m
2022-11-02 09:00:13,708 INFO     ___FILE_ONLY___  
2022-11-02 09:00:13,708 INFO     ___FILE_ONLY___ flag
2022-11-02 09:00:13,708 INFO     ___FILE_ONLY___  
2022-11-02 09:00:13,708 INFO     ___FILE_ONLY___ of
2022-11-02 09:00:13,709 INFO     ___FILE_ONLY___  
2022-11-02 09:00:13,709 INFO     ___FILE_ONLY___ [1mgcloud
2022-11-02 09:00:13,709 INFO     ___FILE_ONLY___  
2022-11-02 09:00:13,709 INFO     ___FILE_ONLY___ access-context-manager
2022-11-02 09:00:13,709 INFO     ___FILE_ONLY___  
2022-11-02 09:00:13,710 INFO     ___FILE_ONLY___ cloud-bindings
2022-11-02 09:00:13,710 INFO     ___FILE_ONLY___ 

2022-11-02 09:00:13,710 INFO     ___FILE_ONLY___         
2022-11-02 09:00:13,710 INFO     ___FILE_ONLY___ create[m
2022-11-02 09:00:13,710 INFO     ___FILE_ONLY___  
2022-11-02 09:00:13,710 INFO     ___FILE_ONLY___ and
2022-11-02 09:00:13,710 INFO     ___FILE_ONLY___  
2022-11-02 09:00:13,710 INFO     ___FILE_ONLY___ [1mgcloud
2022-11-02 09:00:13,711 INFO     ___FILE_ONLY___  
2022-11-02 09:00:13,711 INFO     ___FILE_ONLY___ access-context-manager
2022-11-02 09:00:13,712 INFO     ___FILE_ONLY___  
2022-11-02 09:00:13,712 INFO     ___FILE_ONLY___ cloud-bindings
2022-11-02 09:00:13,713 INFO     ___FILE_ONLY___  
2022-11-02 09:00:13,713 INFO     ___FILE_ONLY___ update[m
2022-11-02 09:00:13,713 INFO     ___FILE_ONLY___  
2022-11-02 09:00:13,714 INFO     ___FILE_ONLY___ to
2022-11-02 09:00:13,714 INFO     ___FILE_ONLY___  
2022-11-02 09:00:13,714 INFO     ___FILE_ONLY___ take
2022-11-02 09:00:13,714 INFO     ___FILE_ONLY___ 

2022-11-02 09:00:13,714 INFO     ___FILE_ONLY___         
2022-11-02 09:00:13,715 INFO     ___FILE_ONLY___ a
2022-11-02 09:00:13,715 INFO     ___FILE_ONLY___  
2022-11-02 09:00:13,715 INFO     ___FILE_ONLY___ string
2022-11-02 09:00:13,715 INFO     ___FILE_ONLY___  
2022-11-02 09:00:13,716 INFO     ___FILE_ONLY___ input
2022-11-02 09:00:13,716 INFO     ___FILE_ONLY___  
2022-11-02 09:00:13,716 INFO     ___FILE_ONLY___ instead
2022-11-02 09:00:13,716 INFO     ___FILE_ONLY___  
2022-11-02 09:00:13,716 INFO     ___FILE_ONLY___ of
2022-11-02 09:00:13,716 INFO     ___FILE_ONLY___  
2022-11-02 09:00:13,716 INFO     ___FILE_ONLY___ a
2022-11-02 09:00:13,717 INFO     ___FILE_ONLY___  
2022-11-02 09:00:13,717 INFO     ___FILE_ONLY___ resource:
2022-11-02 09:00:13,717 INFO     ___FILE_ONLY___ 

2022-11-02 09:00:13,717 INFO     ___FILE_ONLY___         ◆
2022-11-02 09:00:13,718 INFO     ___FILE_ONLY___  
2022-11-02 09:00:13,718 INFO     ___FILE_ONLY___ No
2022-11-02 09:00:13,718 INFO     ___FILE_ONLY___  
2022-11-02 09:00:13,718 INFO     ___FILE_ONLY___ change
2022-11-02 09:00:13,718 INFO     ___FILE_ONLY___  
2022-11-02 09:00:13,718 INFO     ___FILE_ONLY___ is
2022-11-02 09:00:13,719 INFO     ___FILE_ONLY___  
2022-11-02 09:00:13,719 INFO     ___FILE_ONLY___ required
2022-11-02 09:00:13,719 INFO     ___FILE_ONLY___  
2022-11-02 09:00:13,719 INFO     ___FILE_ONLY___ on
2022-11-02 09:00:13,719 INFO     ___FILE_ONLY___  
2022-11-02 09:00:13,720 INFO     ___FILE_ONLY___ any
2022-11-02 09:00:13,720 INFO     ___FILE_ONLY___  
2022-11-02 09:00:13,720 INFO     ___FILE_ONLY___ previous
2022-11-02 09:00:13,720 INFO     ___FILE_ONLY___  
2022-11-02 09:00:13,720 INFO     ___FILE_ONLY___ configurations
2022-11-02 09:00:13,720 INFO     ___FILE_ONLY___  
2022-11-02 09:00:13,720 INFO     ___FILE_ONLY___ as
2022-11-02 09:00:13,721 INFO     ___FILE_ONLY___  
2022-11-02 09:00:13,722 INFO     ___FILE_ONLY___ a
2022-11-02 09:00:13,722 INFO     ___FILE_ONLY___  
2022-11-02 09:00:13,723 INFO     ___FILE_ONLY___ result
2022-11-02 09:00:13,723 INFO     ___FILE_ONLY___  
2022-11-02 09:00:13,723 INFO     ___FILE_ONLY___ of
2022-11-02 09:00:13,723 INFO     ___FILE_ONLY___ 

2022-11-02 09:00:13,731 INFO     ___FILE_ONLY___           
2022-11-02 09:00:13,731 INFO     ___FILE_ONLY___ this
2022-11-02 09:00:13,731 INFO     ___FILE_ONLY___  
2022-11-02 09:00:13,732 INFO     ___FILE_ONLY___ change.
2022-11-02 09:00:13,732 INFO     ___FILE_ONLY___ 

2022-11-02 09:00:13,732 INFO     ___FILE_ONLY___ 

2022-11-02 09:00:13,733 INFO     ___FILE_ONLY___ [m
2022-11-02 09:00:13,740 INFO     ___FILE_ONLY___   
2022-11-02 09:00:13,754 INFO     ___FILE_ONLY___ [1mCloud Datastream[m

2022-11-02 09:00:13,755 INFO     ___FILE_ONLY___       ▪
2022-11-02 09:00:13,756 INFO     ___FILE_ONLY___  
2022-11-02 09:00:13,756 INFO     ___FILE_ONLY___ Added
2022-11-02 09:00:13,756 INFO     ___FILE_ONLY___  
2022-11-02 09:00:13,756 INFO     ___FILE_ONLY___ BigQuery
2022-11-02 09:00:13,756 INFO     ___FILE_ONLY___  
2022-11-02 09:00:13,756 INFO     ___FILE_ONLY___ destination
2022-11-02 09:00:13,756 INFO     ___FILE_ONLY___  
2022-11-02 09:00:13,757 INFO     ___FILE_ONLY___ type
2022-11-02 09:00:13,757 INFO     ___FILE_ONLY___  
2022-11-02 09:00:13,757 INFO     ___FILE_ONLY___ support.
2022-11-02 09:00:13,757 INFO     ___FILE_ONLY___ 

2022-11-02 09:00:13,757 INFO     ___FILE_ONLY___ 

2022-11-02 09:00:13,757 INFO     ___FILE_ONLY___ [m
2022-11-02 09:00:13,757 INFO     ___FILE_ONLY___   
2022-11-02 09:00:13,758 INFO     ___FILE_ONLY___ [1mCloud Firestore Emulator[m

2022-11-02 09:00:13,758 INFO     ___FILE_ONLY___       ▪
2022-11-02 09:00:13,794 INFO     ___FILE_ONLY___  
2022-11-02 09:00:13,795 INFO     ___FILE_ONLY___ Promoted
2022-11-02 09:00:13,795 INFO     ___FILE_ONLY___  
2022-11-02 09:00:13,795 INFO     ___FILE_ONLY___ [1mgcloud
2022-11-02 09:00:13,795 INFO     ___FILE_ONLY___  
2022-11-02 09:00:13,795 INFO     ___FILE_ONLY___ emulators
2022-11-02 09:00:13,795 INFO     ___FILE_ONLY___  
2022-11-02 09:00:13,796 INFO     ___FILE_ONLY___ firestore[m
2022-11-02 09:00:13,796 INFO     ___FILE_ONLY___  
2022-11-02 09:00:13,796 INFO     ___FILE_ONLY___ to
2022-11-02 09:00:13,796 INFO     ___FILE_ONLY___  
2022-11-02 09:00:13,796 INFO     ___FILE_ONLY___ GA.
2022-11-02 09:00:13,796 INFO     ___FILE_ONLY___ 

2022-11-02 09:00:13,796 INFO     ___FILE_ONLY___ 

2022-11-02 09:00:13,797 INFO     ___FILE_ONLY___ [m
2022-11-02 09:00:13,797 INFO     ___FILE_ONLY___   
2022-11-02 09:00:13,798 INFO     ___FILE_ONLY___ [1mCloud SQL[m

2022-11-02 09:00:13,798 INFO     ___FILE_ONLY___       ▪
2022-11-02 09:00:13,798 INFO     ___FILE_ONLY___  
2022-11-02 09:00:13,799 INFO     ___FILE_ONLY___ Added
2022-11-02 09:00:13,799 INFO     ___FILE_ONLY___  
2022-11-02 09:00:13,799 INFO     ___FILE_ONLY___ the
2022-11-02 09:00:13,799 INFO     ___FILE_ONLY___  
2022-11-02 09:00:13,799 INFO     ___FILE_ONLY___ following
2022-11-02 09:00:13,799 INFO     ___FILE_ONLY___  
2022-11-02 09:00:13,799 INFO     ___FILE_ONLY___ flags
2022-11-02 09:00:13,800 INFO     ___FILE_ONLY___  
2022-11-02 09:00:13,800 INFO     ___FILE_ONLY___ to
2022-11-02 09:00:13,800 INFO     ___FILE_ONLY___  
2022-11-02 09:00:13,800 INFO     ___FILE_ONLY___ [1mgcloud
2022-11-02 09:00:13,800 INFO     ___FILE_ONLY___  
2022-11-02 09:00:13,800 INFO     ___FILE_ONLY___ sql
2022-11-02 09:00:13,800 INFO     ___FILE_ONLY___  
2022-11-02 09:00:13,801 INFO     ___FILE_ONLY___ instances
2022-11-02 09:00:13,801 INFO     ___FILE_ONLY___  
2022-11-02 09:00:13,801 INFO     ___FILE_ONLY___ create[m
2022-11-02 09:00:13,801 INFO     ___FILE_ONLY___  
2022-11-02 09:00:13,801 INFO     ___FILE_ONLY___ and
2022-11-02 09:00:13,801 INFO     ___FILE_ONLY___  
2022-11-02 09:00:13,802 INFO     ___FILE_ONLY___ [1mgcloud
2022-11-02 09:00:13,802 INFO     ___FILE_ONLY___ 

2022-11-02 09:00:13,803 INFO     ___FILE_ONLY___         
2022-11-02 09:00:13,803 INFO     ___FILE_ONLY___ sql
2022-11-02 09:00:13,803 INFO     ___FILE_ONLY___  
2022-11-02 09:00:13,803 INFO     ___FILE_ONLY___ instances
2022-11-02 09:00:13,803 INFO     ___FILE_ONLY___  
2022-11-02 09:00:13,803 INFO     ___FILE_ONLY___ patch[m
2022-11-02 09:00:13,803 INFO     ___FILE_ONLY___  
2022-11-02 09:00:13,803 INFO     ___FILE_ONLY___ for
2022-11-02 09:00:13,804 INFO     ___FILE_ONLY___  
2022-11-02 09:00:13,804 INFO     ___FILE_ONLY___ ALPHA:
2022-11-02 09:00:13,804 INFO     ___FILE_ONLY___ 

2022-11-02 09:00:13,804 INFO     ___FILE_ONLY___         ◆
2022-11-02 09:00:13,804 INFO     ___FILE_ONLY___  
2022-11-02 09:00:13,804 INFO     ___FILE_ONLY___ [1m--connector_enforcement[m
2022-11-02 09:00:13,805 INFO     ___FILE_ONLY___ 

2022-11-02 09:00:13,805 INFO     ___FILE_ONLY___ 

2022-11-02 09:00:13,805 INFO     ___FILE_ONLY___ [m
2022-11-02 09:00:13,805 INFO     ___FILE_ONLY___   
2022-11-02 09:00:13,805 INFO     ___FILE_ONLY___ [1mCloud TPU[m

2022-11-02 09:00:13,805 INFO     ___FILE_ONLY___       ▪
2022-11-02 09:00:13,806 INFO     ___FILE_ONLY___  
2022-11-02 09:00:13,806 INFO     ___FILE_ONLY___ Promoted
2022-11-02 09:00:13,806 INFO     ___FILE_ONLY___  
2022-11-02 09:00:13,806 INFO     ___FILE_ONLY___ [1m--shielded-secure-boot[m
2022-11-02 09:00:13,806 INFO     ___FILE_ONLY___  
2022-11-02 09:00:13,806 INFO     ___FILE_ONLY___ flag
2022-11-02 09:00:13,806 INFO     ___FILE_ONLY___  
2022-11-02 09:00:13,807 INFO     ___FILE_ONLY___ of
2022-11-02 09:00:13,807 INFO     ___FILE_ONLY___  
2022-11-02 09:00:13,807 INFO     ___FILE_ONLY___ [1mgcloud
2022-11-02 09:00:13,807 INFO     ___FILE_ONLY___  
2022-11-02 09:00:13,807 INFO     ___FILE_ONLY___ compute
2022-11-02 09:00:13,807 INFO     ___FILE_ONLY___  
2022-11-02 09:00:13,807 INFO     ___FILE_ONLY___ tpus
2022-11-02 09:00:13,807 INFO     ___FILE_ONLY___  
2022-11-02 09:00:13,808 INFO     ___FILE_ONLY___ tpu-vm[m
2022-11-02 09:00:13,808 INFO     ___FILE_ONLY___  
2022-11-02 09:00:13,808 INFO     ___FILE_ONLY___ to
2022-11-02 09:00:13,809 INFO     ___FILE_ONLY___ 

2022-11-02 09:00:13,809 INFO     ___FILE_ONLY___         
2022-11-02 09:00:13,809 INFO     ___FILE_ONLY___ GA.
2022-11-02 09:00:13,809 INFO     ___FILE_ONLY___ 

2022-11-02 09:00:13,809 INFO     ___FILE_ONLY___ 

2022-11-02 09:00:13,810 INFO     ___FILE_ONLY___ [m
2022-11-02 09:00:13,810 INFO     ___FILE_ONLY___   
2022-11-02 09:00:13,810 INFO     ___FILE_ONLY___ [1mCompute Firewall Policies[m

2022-11-02 09:00:13,810 INFO     ___FILE_ONLY___       ▪
2022-11-02 09:00:13,810 INFO     ___FILE_ONLY___  
2022-11-02 09:00:13,811 INFO     ___FILE_ONLY___ Updated
2022-11-02 09:00:13,811 INFO     ___FILE_ONLY___  
2022-11-02 09:00:13,811 INFO     ___FILE_ONLY___ [1mgcloud
2022-11-02 09:00:13,811 INFO     ___FILE_ONLY___  
2022-11-02 09:00:13,811 INFO     ___FILE_ONLY___ compute
2022-11-02 09:00:13,811 INFO     ___FILE_ONLY___  
2022-11-02 09:00:13,811 INFO     ___FILE_ONLY___ firewall-policies
2022-11-02 09:00:13,812 INFO     ___FILE_ONLY___  
2022-11-02 09:00:13,812 INFO     ___FILE_ONLY___ rules
2022-11-02 09:00:13,812 INFO     ___FILE_ONLY___  
2022-11-02 09:00:13,812 INFO     ___FILE_ONLY___ create[m
2022-11-02 09:00:13,812 INFO     ___FILE_ONLY___  
2022-11-02 09:00:13,812 INFO     ___FILE_ONLY___ to
2022-11-02 09:00:13,812 INFO     ___FILE_ONLY___  
2022-11-02 09:00:13,812 INFO     ___FILE_ONLY___ include
2022-11-02 09:00:13,812 INFO     ___FILE_ONLY___  
2022-11-02 09:00:13,812 INFO     ___FILE_ONLY___ help
2022-11-02 09:00:13,813 INFO     ___FILE_ONLY___ 

2022-11-02 09:00:13,813 INFO     ___FILE_ONLY___         
2022-11-02 09:00:13,813 INFO     ___FILE_ONLY___ text
2022-11-02 09:00:13,813 INFO     ___FILE_ONLY___  
2022-11-02 09:00:13,813 INFO     ___FILE_ONLY___ for
2022-11-02 09:00:13,814 INFO     ___FILE_ONLY___  
2022-11-02 09:00:13,814 INFO     ___FILE_ONLY___ [1msrc-threat-intelligence[m,
2022-11-02 09:00:13,814 INFO     ___FILE_ONLY___  
2022-11-02 09:00:13,814 INFO     ___FILE_ONLY___ [1msrc-fqdns[m,
2022-11-02 09:00:13,814 INFO     ___FILE_ONLY___  
2022-11-02 09:00:13,814 INFO     ___FILE_ONLY___ [1msrc-region-codes[m
2022-11-02 09:00:13,815 INFO     ___FILE_ONLY___  
2022-11-02 09:00:13,815 INFO     ___FILE_ONLY___ ,
2022-11-02 09:00:13,815 INFO     ___FILE_ONLY___ 

2022-11-02 09:00:13,815 INFO     ___FILE_ONLY___         
2022-11-02 09:00:13,815 INFO     ___FILE_ONLY___ [1msrc-address-groups[m,
2022-11-02 09:00:13,816 INFO     ___FILE_ONLY___  
2022-11-02 09:00:13,816 INFO     ___FILE_ONLY___ [1mdest-threat-intelligence[m,
2022-11-02 09:00:13,816 INFO     ___FILE_ONLY___  
2022-11-02 09:00:13,816 INFO     ___FILE_ONLY___ [1mdest-fqdns[m
2022-11-02 09:00:13,817 INFO     ___FILE_ONLY___  
2022-11-02 09:00:13,817 INFO     ___FILE_ONLY___ ,
2022-11-02 09:00:13,817 INFO     ___FILE_ONLY___ 

2022-11-02 09:00:13,817 INFO     ___FILE_ONLY___         
2022-11-02 09:00:13,817 INFO     ___FILE_ONLY___ [1mdest-region-codes[m
2022-11-02 09:00:13,817 INFO     ___FILE_ONLY___  
2022-11-02 09:00:13,817 INFO     ___FILE_ONLY___ and
2022-11-02 09:00:13,817 INFO     ___FILE_ONLY___  
2022-11-02 09:00:13,817 INFO     ___FILE_ONLY___ [1mdest-address-groups[m.
2022-11-02 09:00:13,817 INFO     ___FILE_ONLY___ 

2022-11-02 09:00:13,818 INFO     ___FILE_ONLY___       ▪
2022-11-02 09:00:13,818 INFO     ___FILE_ONLY___  
2022-11-02 09:00:13,818 INFO     ___FILE_ONLY___ Updated
2022-11-02 09:00:13,818 INFO     ___FILE_ONLY___  
2022-11-02 09:00:13,818 INFO     ___FILE_ONLY___ [1mgcloud
2022-11-02 09:00:13,818 INFO     ___FILE_ONLY___  
2022-11-02 09:00:13,819 INFO     ___FILE_ONLY___ compute
2022-11-02 09:00:13,819 INFO     ___FILE_ONLY___  
2022-11-02 09:00:13,819 INFO     ___FILE_ONLY___ firewall-policies
2022-11-02 09:00:13,819 INFO     ___FILE_ONLY___  
2022-11-02 09:00:13,819 INFO     ___FILE_ONLY___ rules
2022-11-02 09:00:13,819 INFO     ___FILE_ONLY___  
2022-11-02 09:00:13,819 INFO     ___FILE_ONLY___ update[m
2022-11-02 09:00:13,819 INFO     ___FILE_ONLY___  
2022-11-02 09:00:13,819 INFO     ___FILE_ONLY___ to
2022-11-02 09:00:13,820 INFO     ___FILE_ONLY___  
2022-11-02 09:00:13,820 INFO     ___FILE_ONLY___ include
2022-11-02 09:00:13,820 INFO     ___FILE_ONLY___  
2022-11-02 09:00:13,820 INFO     ___FILE_ONLY___ help
2022-11-02 09:00:13,820 INFO     ___FILE_ONLY___ 

2022-11-02 09:00:13,820 INFO     ___FILE_ONLY___         
2022-11-02 09:00:13,820 INFO     ___FILE_ONLY___ text
2022-11-02 09:00:13,820 INFO     ___FILE_ONLY___  
2022-11-02 09:00:13,820 INFO     ___FILE_ONLY___ for
2022-11-02 09:00:13,821 INFO     ___FILE_ONLY___  
2022-11-02 09:00:13,821 INFO     ___FILE_ONLY___ [1msrc-threat-intelligence[m,
2022-11-02 09:00:13,821 INFO     ___FILE_ONLY___  
2022-11-02 09:00:13,821 INFO     ___FILE_ONLY___ [1msrc-fqdns[m,
2022-11-02 09:00:13,821 INFO     ___FILE_ONLY___  
2022-11-02 09:00:13,821 INFO     ___FILE_ONLY___ [1msrc-region-codes[m
2022-11-02 09:00:13,821 INFO     ___FILE_ONLY___  
2022-11-02 09:00:13,821 INFO     ___FILE_ONLY___ ,
2022-11-02 09:00:13,821 INFO     ___FILE_ONLY___ 

2022-11-02 09:00:13,822 INFO     ___FILE_ONLY___         
2022-11-02 09:00:13,822 INFO     ___FILE_ONLY___ [1msrc-address-groups[m,
2022-11-02 09:00:13,822 INFO     ___FILE_ONLY___  
2022-11-02 09:00:13,822 INFO     ___FILE_ONLY___ [1mdest-threat-intelligence[m,
2022-11-02 09:00:13,822 INFO     ___FILE_ONLY___  
2022-11-02 09:00:13,822 INFO     ___FILE_ONLY___ [1mdest-fqdns[m
2022-11-02 09:00:13,822 INFO     ___FILE_ONLY___  
2022-11-02 09:00:13,822 INFO     ___FILE_ONLY___ ,
2022-11-02 09:00:13,822 INFO     ___FILE_ONLY___ 

2022-11-02 09:00:13,823 INFO     ___FILE_ONLY___         
2022-11-02 09:00:13,823 INFO     ___FILE_ONLY___ [1mdest-region-codes[m
2022-11-02 09:00:13,823 INFO     ___FILE_ONLY___  
2022-11-02 09:00:13,823 INFO     ___FILE_ONLY___ and
2022-11-02 09:00:13,823 INFO     ___FILE_ONLY___  
2022-11-02 09:00:13,823 INFO     ___FILE_ONLY___ [1mdest-address-groups[m.
2022-11-02 09:00:13,823 INFO     ___FILE_ONLY___ 

2022-11-02 09:00:13,823 INFO     ___FILE_ONLY___       ▪
2022-11-02 09:00:13,824 INFO     ___FILE_ONLY___  
2022-11-02 09:00:13,824 INFO     ___FILE_ONLY___ Updated
2022-11-02 09:00:13,824 INFO     ___FILE_ONLY___  
2022-11-02 09:00:13,824 INFO     ___FILE_ONLY___ [1mgcloud
2022-11-02 09:00:13,824 INFO     ___FILE_ONLY___  
2022-11-02 09:00:13,824 INFO     ___FILE_ONLY___ compute
2022-11-02 09:00:13,824 INFO     ___FILE_ONLY___  
2022-11-02 09:00:13,825 INFO     ___FILE_ONLY___ network-firewall-policies
2022-11-02 09:00:13,825 INFO     ___FILE_ONLY___  
2022-11-02 09:00:13,825 INFO     ___FILE_ONLY___ rules
2022-11-02 09:00:13,825 INFO     ___FILE_ONLY___  
2022-11-02 09:00:13,825 INFO     ___FILE_ONLY___ create[m
2022-11-02 09:00:13,825 INFO     ___FILE_ONLY___  
2022-11-02 09:00:13,825 INFO     ___FILE_ONLY___ to
2022-11-02 09:00:13,825 INFO     ___FILE_ONLY___ 

2022-11-02 09:00:13,826 INFO     ___FILE_ONLY___         
2022-11-02 09:00:13,826 INFO     ___FILE_ONLY___ include
2022-11-02 09:00:13,826 INFO     ___FILE_ONLY___  
2022-11-02 09:00:13,826 INFO     ___FILE_ONLY___ help
2022-11-02 09:00:13,826 INFO     ___FILE_ONLY___  
2022-11-02 09:00:13,826 INFO     ___FILE_ONLY___ text
2022-11-02 09:00:13,826 INFO     ___FILE_ONLY___  
2022-11-02 09:00:13,826 INFO     ___FILE_ONLY___ for
2022-11-02 09:00:13,827 INFO     ___FILE_ONLY___  
2022-11-02 09:00:13,827 INFO     ___FILE_ONLY___ [1msrc-threat-intelligence[m,
2022-11-02 09:00:13,827 INFO     ___FILE_ONLY___  
2022-11-02 09:00:13,827 INFO     ___FILE_ONLY___ [1msrc-fqdns[m,
2022-11-02 09:00:13,827 INFO     ___FILE_ONLY___ 

2022-11-02 09:00:13,827 INFO     ___FILE_ONLY___         
2022-11-02 09:00:13,827 INFO     ___FILE_ONLY___ [1msrc-region-codes[m
2022-11-02 09:00:13,827 INFO     ___FILE_ONLY___  
2022-11-02 09:00:13,828 INFO     ___FILE_ONLY___ ,
2022-11-02 09:00:13,828 INFO     ___FILE_ONLY___  
2022-11-02 09:00:13,828 INFO     ___FILE_ONLY___ [1msrc-address-groups[m,
2022-11-02 09:00:13,828 INFO     ___FILE_ONLY___  
2022-11-02 09:00:13,828 INFO     ___FILE_ONLY___ [1mdest-threat-intelligence[m,
2022-11-02 09:00:13,828 INFO     ___FILE_ONLY___ 

2022-11-02 09:00:13,828 INFO     ___FILE_ONLY___         
2022-11-02 09:00:13,828 INFO     ___FILE_ONLY___ [1mdest-fqdns[m
2022-11-02 09:00:13,828 INFO     ___FILE_ONLY___  
2022-11-02 09:00:13,829 INFO     ___FILE_ONLY___ ,
2022-11-02 09:00:13,829 INFO     ___FILE_ONLY___  
2022-11-02 09:00:13,829 INFO     ___FILE_ONLY___ [1mdest-region-codes[m
2022-11-02 09:00:13,829 INFO     ___FILE_ONLY___  
2022-11-02 09:00:13,829 INFO     ___FILE_ONLY___ and
2022-11-02 09:00:13,829 INFO     ___FILE_ONLY___  
2022-11-02 09:00:13,829 INFO     ___FILE_ONLY___ [1mdest-address-groups[m.
2022-11-02 09:00:13,829 INFO     ___FILE_ONLY___ 

2022-11-02 09:00:13,830 INFO     ___FILE_ONLY___       ▪
2022-11-02 09:00:13,830 INFO     ___FILE_ONLY___  
2022-11-02 09:00:13,830 INFO     ___FILE_ONLY___ Updated
2022-11-02 09:00:13,830 INFO     ___FILE_ONLY___  
2022-11-02 09:00:13,830 INFO     ___FILE_ONLY___ [1mgcloud
2022-11-02 09:00:13,831 INFO     ___FILE_ONLY___  
2022-11-02 09:00:13,831 INFO     ___FILE_ONLY___ compute
2022-11-02 09:00:13,831 INFO     ___FILE_ONLY___  
2022-11-02 09:00:13,831 INFO     ___FILE_ONLY___ network-firewall-policies
2022-11-02 09:00:13,831 INFO     ___FILE_ONLY___  
2022-11-02 09:00:13,831 INFO     ___FILE_ONLY___ rules
2022-11-02 09:00:13,831 INFO     ___FILE_ONLY___  
2022-11-02 09:00:13,832 INFO     ___FILE_ONLY___ update[m
2022-11-02 09:00:13,832 INFO     ___FILE_ONLY___  
2022-11-02 09:00:13,832 INFO     ___FILE_ONLY___ to
2022-11-02 09:00:13,832 INFO     ___FILE_ONLY___ 

2022-11-02 09:00:13,832 INFO     ___FILE_ONLY___         
2022-11-02 09:00:13,832 INFO     ___FILE_ONLY___ include
2022-11-02 09:00:13,832 INFO     ___FILE_ONLY___  
2022-11-02 09:00:13,832 INFO     ___FILE_ONLY___ help
2022-11-02 09:00:13,832 INFO     ___FILE_ONLY___  
2022-11-02 09:00:13,833 INFO     ___FILE_ONLY___ text
2022-11-02 09:00:13,833 INFO     ___FILE_ONLY___  
2022-11-02 09:00:13,833 INFO     ___FILE_ONLY___ for
2022-11-02 09:00:13,833 INFO     ___FILE_ONLY___  
2022-11-02 09:00:13,833 INFO     ___FILE_ONLY___ [1msrc-threat-intelligence[m,
2022-11-02 09:00:13,833 INFO     ___FILE_ONLY___  
2022-11-02 09:00:13,833 INFO     ___FILE_ONLY___ [1msrc-fqdns[m,
2022-11-02 09:00:13,833 INFO     ___FILE_ONLY___ 

2022-11-02 09:00:13,834 INFO     ___FILE_ONLY___         
2022-11-02 09:00:13,834 INFO     ___FILE_ONLY___ [1msrc-region-codes[m
2022-11-02 09:00:13,834 INFO     ___FILE_ONLY___  
2022-11-02 09:00:13,834 INFO     ___FILE_ONLY___ ,
2022-11-02 09:00:13,834 INFO     ___FILE_ONLY___  
2022-11-02 09:00:13,834 INFO     ___FILE_ONLY___ [1msrc-address-groups[m,
2022-11-02 09:00:13,835 INFO     ___FILE_ONLY___  
2022-11-02 09:00:13,835 INFO     ___FILE_ONLY___ [1mdest-threat-intelligence[m,
2022-11-02 09:00:13,835 INFO     ___FILE_ONLY___ 

2022-11-02 09:00:13,835 INFO     ___FILE_ONLY___         
2022-11-02 09:00:13,835 INFO     ___FILE_ONLY___ [1mdest-fqdns[m
2022-11-02 09:00:13,835 INFO     ___FILE_ONLY___  
2022-11-02 09:00:13,835 INFO     ___FILE_ONLY___ ,
2022-11-02 09:00:13,835 INFO     ___FILE_ONLY___  
2022-11-02 09:00:13,836 INFO     ___FILE_ONLY___ [1mdest-region-codes[m
2022-11-02 09:00:13,836 INFO     ___FILE_ONLY___  
2022-11-02 09:00:13,836 INFO     ___FILE_ONLY___ and
2022-11-02 09:00:13,836 INFO     ___FILE_ONLY___  
2022-11-02 09:00:13,836 INFO     ___FILE_ONLY___ [1mdest-address-groups[m.
2022-11-02 09:00:13,836 INFO     ___FILE_ONLY___ 

2022-11-02 09:00:13,836 INFO     ___FILE_ONLY___       ▪
2022-11-02 09:00:13,837 INFO     ___FILE_ONLY___  
2022-11-02 09:00:13,837 INFO     ___FILE_ONLY___ Promoted
2022-11-02 09:00:13,837 INFO     ___FILE_ONLY___  
2022-11-02 09:00:13,837 INFO     ___FILE_ONLY___ [1m--src-address-groups[m
2022-11-02 09:00:13,838 INFO     ___FILE_ONLY___  
2022-11-02 09:00:13,838 INFO     ___FILE_ONLY___ and
2022-11-02 09:00:13,838 INFO     ___FILE_ONLY___  
2022-11-02 09:00:13,838 INFO     ___FILE_ONLY___ [1m--dest-address-groups[m
2022-11-02 09:00:13,838 INFO     ___FILE_ONLY___  
2022-11-02 09:00:13,838 INFO     ___FILE_ONLY___ flags
2022-11-02 09:00:13,838 INFO     ___FILE_ONLY___  
2022-11-02 09:00:13,839 INFO     ___FILE_ONLY___ to
2022-11-02 09:00:13,839 INFO     ___FILE_ONLY___  
2022-11-02 09:00:13,839 INFO     ___FILE_ONLY___ beta
2022-11-02 09:00:13,839 INFO     ___FILE_ONLY___ 

2022-11-02 09:00:13,839 INFO     ___FILE_ONLY___         
2022-11-02 09:00:13,839 INFO     ___FILE_ONLY___ in
2022-11-02 09:00:13,839 INFO     ___FILE_ONLY___  
2022-11-02 09:00:13,839 INFO     ___FILE_ONLY___ [1mgcloud
2022-11-02 09:00:13,839 INFO     ___FILE_ONLY___  
2022-11-02 09:00:13,840 INFO     ___FILE_ONLY___ compute
2022-11-02 09:00:13,840 INFO     ___FILE_ONLY___  
2022-11-02 09:00:13,840 INFO     ___FILE_ONLY___ firewall-policies
2022-11-02 09:00:13,840 INFO     ___FILE_ONLY___  
2022-11-02 09:00:13,840 INFO     ___FILE_ONLY___ rules
2022-11-02 09:00:13,840 INFO     ___FILE_ONLY___  
2022-11-02 09:00:13,840 INFO     ___FILE_ONLY___ create[m
2022-11-02 09:00:13,840 INFO     ___FILE_ONLY___  
2022-11-02 09:00:13,841 INFO     ___FILE_ONLY___ ,
2022-11-02 09:00:13,841 INFO     ___FILE_ONLY___  
2022-11-02 09:00:13,841 INFO     ___FILE_ONLY___ [1mgcloud
2022-11-02 09:00:13,841 INFO     ___FILE_ONLY___  
2022-11-02 09:00:13,841 INFO     ___FILE_ONLY___ compute
2022-11-02 09:00:13,841 INFO     ___FILE_ONLY___ 

2022-11-02 09:00:13,841 INFO     ___FILE_ONLY___         
2022-11-02 09:00:13,841 INFO     ___FILE_ONLY___ firewall-policies
2022-11-02 09:00:13,842 INFO     ___FILE_ONLY___  
2022-11-02 09:00:13,842 INFO     ___FILE_ONLY___ rules
2022-11-02 09:00:13,842 INFO     ___FILE_ONLY___  
2022-11-02 09:00:13,842 INFO     ___FILE_ONLY___ update[m
2022-11-02 09:00:13,842 INFO     ___FILE_ONLY___  
2022-11-02 09:00:13,842 INFO     ___FILE_ONLY___ ,
2022-11-02 09:00:13,842 INFO     ___FILE_ONLY___  
2022-11-02 09:00:13,842 INFO     ___FILE_ONLY___ [1mgcloud
2022-11-02 09:00:13,843 INFO     ___FILE_ONLY___  
2022-11-02 09:00:13,843 INFO     ___FILE_ONLY___ compute
2022-11-02 09:00:13,843 INFO     ___FILE_ONLY___ 

2022-11-02 09:00:13,843 INFO     ___FILE_ONLY___         
2022-11-02 09:00:13,843 INFO     ___FILE_ONLY___ network-firewall-policies
2022-11-02 09:00:13,843 INFO     ___FILE_ONLY___  
2022-11-02 09:00:13,843 INFO     ___FILE_ONLY___ rules
2022-11-02 09:00:13,843 INFO     ___FILE_ONLY___  
2022-11-02 09:00:13,843 INFO     ___FILE_ONLY___ create[m
2022-11-02 09:00:13,844 INFO     ___FILE_ONLY___  
2022-11-02 09:00:13,844 INFO     ___FILE_ONLY___ and
2022-11-02 09:00:13,844 INFO     ___FILE_ONLY___  
2022-11-02 09:00:13,844 INFO     ___FILE_ONLY___ [1mgcloud
2022-11-02 09:00:13,844 INFO     ___FILE_ONLY___  
2022-11-02 09:00:13,844 INFO     ___FILE_ONLY___ compute
2022-11-02 09:00:13,844 INFO     ___FILE_ONLY___ 

2022-11-02 09:00:13,845 INFO     ___FILE_ONLY___         
2022-11-02 09:00:13,845 INFO     ___FILE_ONLY___ network-firewall-policies
2022-11-02 09:00:13,845 INFO     ___FILE_ONLY___  
2022-11-02 09:00:13,845 INFO     ___FILE_ONLY___ rules
2022-11-02 09:00:13,845 INFO     ___FILE_ONLY___  
2022-11-02 09:00:13,845 INFO     ___FILE_ONLY___ update[m
2022-11-02 09:00:13,845 INFO     ___FILE_ONLY___  
2022-11-02 09:00:13,845 INFO     ___FILE_ONLY___ commands.
2022-11-02 09:00:13,846 INFO     ___FILE_ONLY___ 

2022-11-02 09:00:13,846 INFO     ___FILE_ONLY___       ▪
2022-11-02 09:00:13,846 INFO     ___FILE_ONLY___  
2022-11-02 09:00:13,846 INFO     ___FILE_ONLY___ Promoted
2022-11-02 09:00:13,847 INFO     ___FILE_ONLY___  
2022-11-02 09:00:13,847 INFO     ___FILE_ONLY___ [1m--src-fqdns[m
2022-11-02 09:00:13,847 INFO     ___FILE_ONLY___  
2022-11-02 09:00:13,847 INFO     ___FILE_ONLY___ and
2022-11-02 09:00:13,847 INFO     ___FILE_ONLY___  
2022-11-02 09:00:13,847 INFO     ___FILE_ONLY___ [1m--dest-fqdns[m
2022-11-02 09:00:13,847 INFO     ___FILE_ONLY___  
2022-11-02 09:00:13,847 INFO     ___FILE_ONLY___ flags
2022-11-02 09:00:13,848 INFO     ___FILE_ONLY___  
2022-11-02 09:00:13,848 INFO     ___FILE_ONLY___ to
2022-11-02 09:00:13,848 INFO     ___FILE_ONLY___  
2022-11-02 09:00:13,848 INFO     ___FILE_ONLY___ beta
2022-11-02 09:00:13,848 INFO     ___FILE_ONLY___  
2022-11-02 09:00:13,848 INFO     ___FILE_ONLY___ in
2022-11-02 09:00:13,848 INFO     ___FILE_ONLY___  
2022-11-02 09:00:13,849 INFO     ___FILE_ONLY___ [1mgcloud
2022-11-02 09:00:13,849 INFO     ___FILE_ONLY___  
2022-11-02 09:00:13,849 INFO     ___FILE_ONLY___ compute
2022-11-02 09:00:13,850 INFO     ___FILE_ONLY___ 

2022-11-02 09:00:13,850 INFO     ___FILE_ONLY___         
2022-11-02 09:00:13,850 INFO     ___FILE_ONLY___ firewall-policies
2022-11-02 09:00:13,850 INFO     ___FILE_ONLY___  
2022-11-02 09:00:13,850 INFO     ___FILE_ONLY___ rules
2022-11-02 09:00:13,850 INFO     ___FILE_ONLY___  
2022-11-02 09:00:13,851 INFO     ___FILE_ONLY___ create[m
2022-11-02 09:00:13,851 INFO     ___FILE_ONLY___  
2022-11-02 09:00:13,851 INFO     ___FILE_ONLY___ ,
2022-11-02 09:00:13,851 INFO     ___FILE_ONLY___  
2022-11-02 09:00:13,851 INFO     ___FILE_ONLY___ [1mgcloud
2022-11-02 09:00:13,851 INFO     ___FILE_ONLY___  
2022-11-02 09:00:13,852 INFO     ___FILE_ONLY___ compute
2022-11-02 09:00:13,852 INFO     ___FILE_ONLY___  
2022-11-02 09:00:13,852 INFO     ___FILE_ONLY___ firewall-policies
2022-11-02 09:00:13,852 INFO     ___FILE_ONLY___  
2022-11-02 09:00:13,852 INFO     ___FILE_ONLY___ rules
2022-11-02 09:00:13,852 INFO     ___FILE_ONLY___ 

2022-11-02 09:00:13,852 INFO     ___FILE_ONLY___         
2022-11-02 09:00:13,853 INFO     ___FILE_ONLY___ update[m
2022-11-02 09:00:13,853 INFO     ___FILE_ONLY___  
2022-11-02 09:00:13,853 INFO     ___FILE_ONLY___ ,
2022-11-02 09:00:13,853 INFO     ___FILE_ONLY___  
2022-11-02 09:00:13,853 INFO     ___FILE_ONLY___ [1mgcloud
2022-11-02 09:00:13,853 INFO     ___FILE_ONLY___  
2022-11-02 09:00:13,854 INFO     ___FILE_ONLY___ compute
2022-11-02 09:00:13,854 INFO     ___FILE_ONLY___  
2022-11-02 09:00:13,854 INFO     ___FILE_ONLY___ network-firewall-policies
2022-11-02 09:00:13,854 INFO     ___FILE_ONLY___  
2022-11-02 09:00:13,854 INFO     ___FILE_ONLY___ rules
2022-11-02 09:00:13,854 INFO     ___FILE_ONLY___  
2022-11-02 09:00:13,854 INFO     ___FILE_ONLY___ create[m
2022-11-02 09:00:13,859 INFO     ___FILE_ONLY___  
2022-11-02 09:00:13,859 INFO     ___FILE_ONLY___ and
2022-11-02 09:00:13,859 INFO     ___FILE_ONLY___ 

2022-11-02 09:00:13,860 INFO     ___FILE_ONLY___         
2022-11-02 09:00:13,860 INFO     ___FILE_ONLY___ [1mgcloud
2022-11-02 09:00:13,860 INFO     ___FILE_ONLY___  
2022-11-02 09:00:13,860 INFO     ___FILE_ONLY___ compute
2022-11-02 09:00:13,860 INFO     ___FILE_ONLY___  
2022-11-02 09:00:13,860 INFO     ___FILE_ONLY___ network-firewall-policies
2022-11-02 09:00:13,860 INFO     ___FILE_ONLY___  
2022-11-02 09:00:13,861 INFO     ___FILE_ONLY___ rules
2022-11-02 09:00:13,861 INFO     ___FILE_ONLY___  
2022-11-02 09:00:13,861 INFO     ___FILE_ONLY___ update[m
2022-11-02 09:00:13,861 INFO     ___FILE_ONLY___  
2022-11-02 09:00:13,861 INFO     ___FILE_ONLY___ commands.
2022-11-02 09:00:13,862 INFO     ___FILE_ONLY___ 

2022-11-02 09:00:13,862 INFO     ___FILE_ONLY___ 

2022-11-02 09:00:13,862 INFO     ___FILE_ONLY___ [m
2022-11-02 09:00:13,863 INFO     ___FILE_ONLY___   
2022-11-02 09:00:13,864 INFO     ___FILE_ONLY___ [1mKpt[m

2022-11-02 09:00:13,864 INFO     ___FILE_ONLY___       ▪
2022-11-02 09:00:13,883 INFO     ___FILE_ONLY___  
2022-11-02 09:00:13,884 INFO     ___FILE_ONLY___ Updated
2022-11-02 09:00:13,884 INFO     ___FILE_ONLY___  
2022-11-02 09:00:13,884 INFO     ___FILE_ONLY___ kpt
2022-11-02 09:00:13,884 INFO     ___FILE_ONLY___  
2022-11-02 09:00:13,884 INFO     ___FILE_ONLY___ from
2022-11-02 09:00:13,884 INFO     ___FILE_ONLY___  
2022-11-02 09:00:13,885 INFO     ___FILE_ONLY___ v1.0.0-beta.15
2022-11-02 09:00:13,885 INFO     ___FILE_ONLY___  
2022-11-02 09:00:13,885 INFO     ___FILE_ONLY___ to
2022-11-02 09:00:13,885 INFO     ___FILE_ONLY___  
2022-11-02 09:00:13,885 INFO     ___FILE_ONLY___ v1.0.0-beta.19.
2022-11-02 09:00:13,886 INFO     ___FILE_ONLY___ 

2022-11-02 09:00:13,887 INFO     ___FILE_ONLY___         
2022-11-02 09:00:13,887 INFO     ___FILE_ONLY___ <https://github.com/GoogleContainerTools/kpt/releases>.
2022-11-02 09:00:13,888 INFO     ___FILE_ONLY___ 

2022-11-02 09:00:13,888 INFO     ___FILE_ONLY___ 

2022-11-02 09:00:13,888 INFO     ___FILE_ONLY___ [m
2022-11-02 09:00:13,888 INFO     ___FILE_ONLY___   
2022-11-02 09:00:13,888 INFO     ___FILE_ONLY___ [1mKubernetes Engine[m

2022-11-02 09:00:13,889 INFO     ___FILE_ONLY___       ▪
2022-11-02 09:00:13,889 INFO     ___FILE_ONLY___  
2022-11-02 09:00:13,889 INFO     ___FILE_ONLY___ Promoted
2022-11-02 09:00:13,890 INFO     ___FILE_ONLY___  
2022-11-02 09:00:13,890 INFO     ___FILE_ONLY___ the
2022-11-02 09:00:13,890 INFO     ___FILE_ONLY___  
2022-11-02 09:00:13,890 INFO     ___FILE_ONLY___ GKE
2022-11-02 09:00:13,890 INFO     ___FILE_ONLY___  
2022-11-02 09:00:13,890 INFO     ___FILE_ONLY___ add-on
2022-11-02 09:00:13,890 INFO     ___FILE_ONLY___  
2022-11-02 09:00:13,891 INFO     ___FILE_ONLY___ [1mBackupRestore[m
2022-11-02 09:00:13,891 INFO     ___FILE_ONLY___  
2022-11-02 09:00:13,891 INFO     ___FILE_ONLY___ of
2022-11-02 09:00:13,891 INFO     ___FILE_ONLY___  
2022-11-02 09:00:13,891 INFO     ___FILE_ONLY___ [1mgcloud
2022-11-02 09:00:13,891 INFO     ___FILE_ONLY___  
2022-11-02 09:00:13,891 INFO     ___FILE_ONLY___ container
2022-11-02 09:00:13,891 INFO     ___FILE_ONLY___  
2022-11-02 09:00:13,892 INFO     ___FILE_ONLY___ clusters
2022-11-02 09:00:13,892 INFO     ___FILE_ONLY___ 

2022-11-02 09:00:13,892 INFO     ___FILE_ONLY___         
2022-11-02 09:00:13,893 INFO     ___FILE_ONLY___ <create|update>[m
2022-11-02 09:00:13,893 INFO     ___FILE_ONLY___  
2022-11-02 09:00:13,894 INFO     ___FILE_ONLY___ to
2022-11-02 09:00:13,894 INFO     ___FILE_ONLY___  
2022-11-02 09:00:13,894 INFO     ___FILE_ONLY___ GA.
2022-11-02 09:00:13,894 INFO     ___FILE_ONLY___  
2022-11-02 09:00:13,894 INFO     ___FILE_ONLY___ This
2022-11-02 09:00:13,894 INFO     ___FILE_ONLY___  
2022-11-02 09:00:13,894 INFO     ___FILE_ONLY___ add-on
2022-11-02 09:00:13,895 INFO     ___FILE_ONLY___  
2022-11-02 09:00:13,895 INFO     ___FILE_ONLY___ is
2022-11-02 09:00:13,895 INFO     ___FILE_ONLY___  
2022-11-02 09:00:13,895 INFO     ___FILE_ONLY___ disabled
2022-11-02 09:00:13,895 INFO     ___FILE_ONLY___  
2022-11-02 09:00:13,895 INFO     ___FILE_ONLY___ by
2022-11-02 09:00:13,895 INFO     ___FILE_ONLY___  
2022-11-02 09:00:13,895 INFO     ___FILE_ONLY___ default.
2022-11-02 09:00:13,896 INFO     ___FILE_ONLY___ 

2022-11-02 09:00:13,896 INFO     ___FILE_ONLY___         ◆
2022-11-02 09:00:13,896 INFO     ___FILE_ONLY___  
2022-11-02 09:00:13,896 INFO     ___FILE_ONLY___ Use
2022-11-02 09:00:13,896 INFO     ___FILE_ONLY___  
2022-11-02 09:00:13,896 INFO     ___FILE_ONLY___ [1m--addons=BackupRestore[m
2022-11-02 09:00:13,897 INFO     ___FILE_ONLY___  
2022-11-02 09:00:13,897 INFO     ___FILE_ONLY___ to
2022-11-02 09:00:13,897 INFO     ___FILE_ONLY___  
2022-11-02 09:00:13,898 INFO     ___FILE_ONLY___ enable
2022-11-02 09:00:13,898 INFO     ___FILE_ONLY___  
2022-11-02 09:00:13,899 INFO     ___FILE_ONLY___ the
2022-11-02 09:00:13,899 INFO     ___FILE_ONLY___  
2022-11-02 09:00:13,899 INFO     ___FILE_ONLY___ add-on
2022-11-02 09:00:13,900 INFO     ___FILE_ONLY___  
2022-11-02 09:00:13,900 INFO     ___FILE_ONLY___ during
2022-11-02 09:00:13,900 INFO     ___FILE_ONLY___  
2022-11-02 09:00:13,900 INFO     ___FILE_ONLY___ cluster
2022-11-02 09:00:13,900 INFO     ___FILE_ONLY___ 

2022-11-02 09:00:13,901 INFO     ___FILE_ONLY___           
2022-11-02 09:00:13,901 INFO     ___FILE_ONLY___ creation.
2022-11-02 09:00:13,901 INFO     ___FILE_ONLY___ 

2022-11-02 09:00:13,901 INFO     ___FILE_ONLY___         ◆
2022-11-02 09:00:13,901 INFO     ___FILE_ONLY___  
2022-11-02 09:00:13,901 INFO     ___FILE_ONLY___ Use
2022-11-02 09:00:13,902 INFO     ___FILE_ONLY___  
2022-11-02 09:00:13,902 INFO     ___FILE_ONLY___ [1m--update-addons=BackupRestore=ENABLED|DISABLED[m
2022-11-02 09:00:13,902 INFO     ___FILE_ONLY___  
2022-11-02 09:00:13,902 INFO     ___FILE_ONLY___ to
2022-11-02 09:00:13,902 INFO     ___FILE_ONLY___ 

2022-11-02 09:00:13,902 INFO     ___FILE_ONLY___           
2022-11-02 09:00:13,902 INFO     ___FILE_ONLY___ enable/disable
2022-11-02 09:00:13,903 INFO     ___FILE_ONLY___  
2022-11-02 09:00:13,903 INFO     ___FILE_ONLY___ the
2022-11-02 09:00:13,903 INFO     ___FILE_ONLY___  
2022-11-02 09:00:13,903 INFO     ___FILE_ONLY___ add-on
2022-11-02 09:00:13,903 INFO     ___FILE_ONLY___  
2022-11-02 09:00:13,903 INFO     ___FILE_ONLY___ for
2022-11-02 09:00:13,903 INFO     ___FILE_ONLY___  
2022-11-02 09:00:13,903 INFO     ___FILE_ONLY___ existing
2022-11-02 09:00:13,904 INFO     ___FILE_ONLY___  
2022-11-02 09:00:13,904 INFO     ___FILE_ONLY___ GKE
2022-11-02 09:00:13,904 INFO     ___FILE_ONLY___  
2022-11-02 09:00:13,904 INFO     ___FILE_ONLY___ clusters.
2022-11-02 09:00:13,904 INFO     ___FILE_ONLY___ 

2022-11-02 09:00:13,904 INFO     ___FILE_ONLY___ 

2022-11-02 09:00:13,904 INFO     ___FILE_ONLY___ [m
2022-11-02 09:00:13,904 INFO     ___FILE_ONLY___   
2022-11-02 09:00:13,905 INFO     ___FILE_ONLY___ [1mManaged Active Directory[m

2022-11-02 09:00:13,905 INFO     ___FILE_ONLY___       ▪
2022-11-02 09:00:13,905 INFO     ___FILE_ONLY___  
2022-11-02 09:00:13,905 INFO     ___FILE_ONLY___ Promoted
2022-11-02 09:00:13,905 INFO     ___FILE_ONLY___  
2022-11-02 09:00:13,905 INFO     ___FILE_ONLY___ [1mgcloud
2022-11-02 09:00:13,906 INFO     ___FILE_ONLY___  
2022-11-02 09:00:13,906 INFO     ___FILE_ONLY___ active-directory
2022-11-02 09:00:13,906 INFO     ___FILE_ONLY___  
2022-11-02 09:00:13,906 INFO     ___FILE_ONLY___ domains
2022-11-02 09:00:13,906 INFO     ___FILE_ONLY___  
2022-11-02 09:00:13,906 INFO     ___FILE_ONLY___ extend-schema[m
2022-11-02 09:00:13,906 INFO     ___FILE_ONLY___  
2022-11-02 09:00:13,907 INFO     ___FILE_ONLY___ to
2022-11-02 09:00:13,907 INFO     ___FILE_ONLY___  
2022-11-02 09:00:13,907 INFO     ___FILE_ONLY___ GA.
2022-11-02 09:00:13,907 INFO     ___FILE_ONLY___ 

2022-11-02 09:00:13,907 INFO     ___FILE_ONLY___ 

2022-11-02 09:00:13,907 INFO     ___FILE_ONLY___ [m
2022-11-02 09:00:13,907 INFO     ___FILE_ONLY___   
2022-11-02 09:00:13,907 INFO     ___FILE_ONLY___ [1mNetwork Security[m

2022-11-02 09:00:13,908 INFO     ___FILE_ONLY___       ▪
2022-11-02 09:00:13,908 INFO     ___FILE_ONLY___  
2022-11-02 09:00:13,908 INFO     ___FILE_ONLY___ Updated
2022-11-02 09:00:13,908 INFO     ___FILE_ONLY___  
2022-11-02 09:00:13,908 INFO     ___FILE_ONLY___ [1mgcloud
2022-11-02 09:00:13,909 INFO     ___FILE_ONLY___  
2022-11-02 09:00:13,909 INFO     ___FILE_ONLY___ network-security
2022-11-02 09:00:13,909 INFO     ___FILE_ONLY___  
2022-11-02 09:00:13,909 INFO     ___FILE_ONLY___ address-groups
2022-11-02 09:00:13,909 INFO     ___FILE_ONLY___  
2022-11-02 09:00:13,909 INFO     ___FILE_ONLY___ list[m
2022-11-02 09:00:13,909 INFO     ___FILE_ONLY___  
2022-11-02 09:00:13,909 INFO     ___FILE_ONLY___ to
2022-11-02 09:00:13,910 INFO     ___FILE_ONLY___  
2022-11-02 09:00:13,910 INFO     ___FILE_ONLY___ include
2022-11-02 09:00:13,910 INFO     ___FILE_ONLY___  
2022-11-02 09:00:13,910 INFO     ___FILE_ONLY___ the
2022-11-02 09:00:13,910 INFO     ___FILE_ONLY___ 

2022-11-02 09:00:13,910 INFO     ___FILE_ONLY___         
2022-11-02 09:00:13,910 INFO     ___FILE_ONLY___ [1mTYPE[m,
2022-11-02 09:00:13,911 INFO     ___FILE_ONLY___  
2022-11-02 09:00:13,911 INFO     ___FILE_ONLY___ [1mCAPACITY[m
2022-11-02 09:00:13,911 INFO     ___FILE_ONLY___  
2022-11-02 09:00:13,911 INFO     ___FILE_ONLY___ and
2022-11-02 09:00:13,911 INFO     ___FILE_ONLY___  
2022-11-02 09:00:13,912 INFO     ___FILE_ONLY___ [1mUSAGE[m
2022-11-02 09:00:13,912 INFO     ___FILE_ONLY___  
2022-11-02 09:00:13,912 INFO     ___FILE_ONLY___ columns
2022-11-02 09:00:13,912 INFO     ___FILE_ONLY___  
2022-11-02 09:00:13,912 INFO     ___FILE_ONLY___ in
2022-11-02 09:00:13,912 INFO     ___FILE_ONLY___  
2022-11-02 09:00:13,912 INFO     ___FILE_ONLY___ the
2022-11-02 09:00:13,912 INFO     ___FILE_ONLY___  
2022-11-02 09:00:13,913 INFO     ___FILE_ONLY___ output.
2022-11-02 09:00:13,913 INFO     ___FILE_ONLY___ 

2022-11-02 09:00:13,913 INFO     ___FILE_ONLY___       ▪
2022-11-02 09:00:13,913 INFO     ___FILE_ONLY___  
2022-11-02 09:00:13,913 INFO     ___FILE_ONLY___ Updated
2022-11-02 09:00:13,913 INFO     ___FILE_ONLY___  
2022-11-02 09:00:13,914 INFO     ___FILE_ONLY___ [1mgcloud
2022-11-02 09:00:13,914 INFO     ___FILE_ONLY___  
2022-11-02 09:00:13,915 INFO     ___FILE_ONLY___ network-security
2022-11-02 09:00:13,915 INFO     ___FILE_ONLY___  
2022-11-02 09:00:13,916 INFO     ___FILE_ONLY___ org-address-groups
2022-11-02 09:00:13,916 INFO     ___FILE_ONLY___  
2022-11-02 09:00:13,916 INFO     ___FILE_ONLY___ list[m
2022-11-02 09:00:13,916 INFO     ___FILE_ONLY___  
2022-11-02 09:00:13,916 INFO     ___FILE_ONLY___ to
2022-11-02 09:00:13,917 INFO     ___FILE_ONLY___  
2022-11-02 09:00:13,917 INFO     ___FILE_ONLY___ include
2022-11-02 09:00:13,917 INFO     ___FILE_ONLY___ 

2022-11-02 09:00:13,917 INFO     ___FILE_ONLY___         
2022-11-02 09:00:13,917 INFO     ___FILE_ONLY___ the
2022-11-02 09:00:13,918 INFO     ___FILE_ONLY___  
2022-11-02 09:00:13,918 INFO     ___FILE_ONLY___ [1mTYPE[m,
2022-11-02 09:00:13,918 INFO     ___FILE_ONLY___  
2022-11-02 09:00:13,918 INFO     ___FILE_ONLY___ [1mCAPACITY[m
2022-11-02 09:00:13,918 INFO     ___FILE_ONLY___  
2022-11-02 09:00:13,918 INFO     ___FILE_ONLY___ and
2022-11-02 09:00:13,918 INFO     ___FILE_ONLY___  
2022-11-02 09:00:13,918 INFO     ___FILE_ONLY___ [1mUSAGE[m
2022-11-02 09:00:13,919 INFO     ___FILE_ONLY___  
2022-11-02 09:00:13,919 INFO     ___FILE_ONLY___ columns
2022-11-02 09:00:13,919 INFO     ___FILE_ONLY___  
2022-11-02 09:00:13,919 INFO     ___FILE_ONLY___ in
2022-11-02 09:00:13,919 INFO     ___FILE_ONLY___  
2022-11-02 09:00:13,919 INFO     ___FILE_ONLY___ the
2022-11-02 09:00:13,919 INFO     ___FILE_ONLY___  
2022-11-02 09:00:13,919 INFO     ___FILE_ONLY___ output.
2022-11-02 09:00:13,920 INFO     ___FILE_ONLY___ 

2022-11-02 09:00:13,920 INFO     ___FILE_ONLY___ 

2022-11-02 09:00:13,920 INFO     ___FILE_ONLY___ [m
2022-11-02 09:00:13,920 INFO     ___FILE_ONLY___   
2022-11-02 09:00:13,920 INFO     ___FILE_ONLY___ [1mSecurity Command Center[m

2022-11-02 09:00:13,920 INFO     ___FILE_ONLY___       ▪
2022-11-02 09:00:13,921 INFO     ___FILE_ONLY___  
2022-11-02 09:00:13,921 INFO     ___FILE_ONLY___ Updated
2022-11-02 09:00:13,921 INFO     ___FILE_ONLY___  
2022-11-02 09:00:13,921 INFO     ___FILE_ONLY___ [1mgcloud
2022-11-02 09:00:13,921 INFO     ___FILE_ONLY___  
2022-11-02 09:00:13,921 INFO     ___FILE_ONLY___ scc
2022-11-02 09:00:13,921 INFO     ___FILE_ONLY___  
2022-11-02 09:00:13,921 INFO     ___FILE_ONLY___ notifications
2022-11-02 09:00:13,921 INFO     ___FILE_ONLY___  
2022-11-02 09:00:13,922 INFO     ___FILE_ONLY___ update[m
2022-11-02 09:00:13,922 INFO     ___FILE_ONLY___  
2022-11-02 09:00:13,922 INFO     ___FILE_ONLY___ to
2022-11-02 09:00:13,922 INFO     ___FILE_ONLY___  
2022-11-02 09:00:13,922 INFO     ___FILE_ONLY___ allow
2022-11-02 09:00:13,922 INFO     ___FILE_ONLY___  
2022-11-02 09:00:13,922 INFO     ___FILE_ONLY___ for
2022-11-02 09:00:13,923 INFO     ___FILE_ONLY___  
2022-11-02 09:00:13,923 INFO     ___FILE_ONLY___ project
2022-11-02 09:00:13,923 INFO     ___FILE_ONLY___  
2022-11-02 09:00:13,923 INFO     ___FILE_ONLY___ and
2022-11-02 09:00:13,923 INFO     ___FILE_ONLY___ 

2022-11-02 09:00:13,923 INFO     ___FILE_ONLY___         
2022-11-02 09:00:13,923 INFO     ___FILE_ONLY___ folder
2022-11-02 09:00:13,923 INFO     ___FILE_ONLY___  
2022-11-02 09:00:13,923 INFO     ___FILE_ONLY___ parents.
2022-11-02 09:00:13,924 INFO     ___FILE_ONLY___ 

2022-11-02 09:00:13,924 INFO     ___FILE_ONLY___       ▪
2022-11-02 09:00:13,925 INFO     ___FILE_ONLY___  
2022-11-02 09:00:13,925 INFO     ___FILE_ONLY___ Updated
2022-11-02 09:00:13,925 INFO     ___FILE_ONLY___  
2022-11-02 09:00:13,926 INFO     ___FILE_ONLY___ [1mgcloud
2022-11-02 09:00:13,926 INFO     ___FILE_ONLY___  
2022-11-02 09:00:13,927 INFO     ___FILE_ONLY___ scc
2022-11-02 09:00:13,927 INFO     ___FILE_ONLY___  
2022-11-02 09:00:13,939 INFO     ___FILE_ONLY___ notifications
2022-11-02 09:00:13,939 INFO     ___FILE_ONLY___  
2022-11-02 09:00:13,939 INFO     ___FILE_ONLY___ create[m
2022-11-02 09:00:13,940 INFO     ___FILE_ONLY___  
2022-11-02 09:00:13,940 INFO     ___FILE_ONLY___ to
2022-11-02 09:00:13,940 INFO     ___FILE_ONLY___  
2022-11-02 09:00:13,940 INFO     ___FILE_ONLY___ allow
2022-11-02 09:00:13,940 INFO     ___FILE_ONLY___  
2022-11-02 09:00:13,940 INFO     ___FILE_ONLY___ for
2022-11-02 09:00:13,940 INFO     ___FILE_ONLY___  
2022-11-02 09:00:13,940 INFO     ___FILE_ONLY___ project
2022-11-02 09:00:13,941 INFO     ___FILE_ONLY___  
2022-11-02 09:00:13,941 INFO     ___FILE_ONLY___ and
2022-11-02 09:00:13,941 INFO     ___FILE_ONLY___ 

2022-11-02 09:00:13,941 INFO     ___FILE_ONLY___         
2022-11-02 09:00:13,941 INFO     ___FILE_ONLY___ folder
2022-11-02 09:00:13,944 INFO     ___FILE_ONLY___  
2022-11-02 09:00:13,944 INFO     ___FILE_ONLY___ parents.
2022-11-02 09:00:13,945 INFO     ___FILE_ONLY___ 

2022-11-02 09:00:13,945 INFO     ___FILE_ONLY___       ▪
2022-11-02 09:00:13,945 INFO     ___FILE_ONLY___  
2022-11-02 09:00:13,945 INFO     ___FILE_ONLY___ Updated
2022-11-02 09:00:13,945 INFO     ___FILE_ONLY___  
2022-11-02 09:00:13,945 INFO     ___FILE_ONLY___ [1mgcloud
2022-11-02 09:00:13,945 INFO     ___FILE_ONLY___  
2022-11-02 09:00:13,946 INFO     ___FILE_ONLY___ scc
2022-11-02 09:00:13,946 INFO     ___FILE_ONLY___  
2022-11-02 09:00:13,946 INFO     ___FILE_ONLY___ notifications
2022-11-02 09:00:13,946 INFO     ___FILE_ONLY___  
2022-11-02 09:00:13,946 INFO     ___FILE_ONLY___ delete[m
2022-11-02 09:00:13,946 INFO     ___FILE_ONLY___  
2022-11-02 09:00:13,946 INFO     ___FILE_ONLY___ to
2022-11-02 09:00:13,946 INFO     ___FILE_ONLY___  
2022-11-02 09:00:13,947 INFO     ___FILE_ONLY___ allow
2022-11-02 09:00:13,947 INFO     ___FILE_ONLY___  
2022-11-02 09:00:13,947 INFO     ___FILE_ONLY___ for
2022-11-02 09:00:13,947 INFO     ___FILE_ONLY___  
2022-11-02 09:00:13,948 INFO     ___FILE_ONLY___ project
2022-11-02 09:00:13,948 INFO     ___FILE_ONLY___  
2022-11-02 09:00:13,948 INFO     ___FILE_ONLY___ and
2022-11-02 09:00:13,948 INFO     ___FILE_ONLY___ 

2022-11-02 09:00:13,948 INFO     ___FILE_ONLY___         
2022-11-02 09:00:13,948 INFO     ___FILE_ONLY___ folder
2022-11-02 09:00:13,948 INFO     ___FILE_ONLY___  
2022-11-02 09:00:13,948 INFO     ___FILE_ONLY___ parents.
2022-11-02 09:00:13,949 INFO     ___FILE_ONLY___ 

2022-11-02 09:00:13,949 INFO     ___FILE_ONLY___       ▪
2022-11-02 09:00:13,949 INFO     ___FILE_ONLY___  
2022-11-02 09:00:13,949 INFO     ___FILE_ONLY___ Updated
2022-11-02 09:00:13,949 INFO     ___FILE_ONLY___  
2022-11-02 09:00:13,949 INFO     ___FILE_ONLY___ [1mgcloud
2022-11-02 09:00:13,950 INFO     ___FILE_ONLY___  
2022-11-02 09:00:13,950 INFO     ___FILE_ONLY___ scc
2022-11-02 09:00:13,950 INFO     ___FILE_ONLY___  
2022-11-02 09:00:13,950 INFO     ___FILE_ONLY___ notifications
2022-11-02 09:00:13,950 INFO     ___FILE_ONLY___  
2022-11-02 09:00:13,951 INFO     ___FILE_ONLY___ list[m
2022-11-02 09:00:13,951 INFO     ___FILE_ONLY___  
2022-11-02 09:00:13,951 INFO     ___FILE_ONLY___ to
2022-11-02 09:00:13,951 INFO     ___FILE_ONLY___  
2022-11-02 09:00:13,952 INFO     ___FILE_ONLY___ allow
2022-11-02 09:00:13,952 INFO     ___FILE_ONLY___  
2022-11-02 09:00:13,952 INFO     ___FILE_ONLY___ for
2022-11-02 09:00:13,952 INFO     ___FILE_ONLY___  
2022-11-02 09:00:13,952 INFO     ___FILE_ONLY___ project
2022-11-02 09:00:13,952 INFO     ___FILE_ONLY___  
2022-11-02 09:00:13,952 INFO     ___FILE_ONLY___ and
2022-11-02 09:00:13,952 INFO     ___FILE_ONLY___  
2022-11-02 09:00:13,953 INFO     ___FILE_ONLY___ folder
2022-11-02 09:00:13,953 INFO     ___FILE_ONLY___ 

2022-11-02 09:00:13,953 INFO     ___FILE_ONLY___         
2022-11-02 09:00:13,953 INFO     ___FILE_ONLY___ parents.
2022-11-02 09:00:13,953 INFO     ___FILE_ONLY___ 

2022-11-02 09:00:13,953 INFO     ___FILE_ONLY___ 

2022-11-02 09:00:13,953 INFO     ___FILE_ONLY___ [m
2022-11-02 09:00:13,954 INFO     ___FILE_ONLY___ [1m405.0.1 (2022-10-14)[m

2022-11-02 09:00:13,954 INFO     ___FILE_ONLY___ [m
2022-11-02 09:00:13,955 INFO     ___FILE_ONLY___   
2022-11-02 09:00:13,955 INFO     ___FILE_ONLY___ [1mGKE Hub[m

2022-11-02 09:00:13,955 INFO     ___FILE_ONLY___       ▪
2022-11-02 09:00:13,991 INFO     ___FILE_ONLY___  
2022-11-02 09:00:13,992 INFO     ___FILE_ONLY___ Updated
2022-11-02 09:00:13,992 INFO     ___FILE_ONLY___  
2022-11-02 09:00:13,992 INFO     ___FILE_ONLY___ [1mgke-gcloud-auth-plugin[m
2022-11-02 09:00:13,992 INFO     ___FILE_ONLY___  
2022-11-02 09:00:13,992 INFO     ___FILE_ONLY___ to
2022-11-02 09:00:13,992 INFO     ___FILE_ONLY___  
2022-11-02 09:00:13,992 INFO     ___FILE_ONLY___ 0.4.0.
2022-11-02 09:00:13,993 INFO     ___FILE_ONLY___ 

2022-11-02 09:00:13,993 INFO     ___FILE_ONLY___ 

2022-11-02 09:00:13,993 INFO     ___FILE_ONLY___ [m
2022-11-02 09:00:13,993 INFO     ___FILE_ONLY___   
2022-11-02 09:00:13,993 INFO     ___FILE_ONLY___ [1mCloud Bigtable[m

2022-11-02 09:00:13,993 INFO     ___FILE_ONLY___       ▪
2022-11-02 09:00:13,994 INFO     ___FILE_ONLY___  
2022-11-02 09:00:13,994 INFO     ___FILE_ONLY___ Updated
2022-11-02 09:00:13,994 INFO     ___FILE_ONLY___  
2022-11-02 09:00:13,994 INFO     ___FILE_ONLY___ the
2022-11-02 09:00:13,994 INFO     ___FILE_ONLY___  
2022-11-02 09:00:13,994 INFO     ___FILE_ONLY___ version
2022-11-02 09:00:13,995 INFO     ___FILE_ONLY___  
2022-11-02 09:00:13,995 INFO     ___FILE_ONLY___ of
2022-11-02 09:00:14,008 INFO     ___FILE_ONLY___  
2022-11-02 09:00:14,009 INFO     ___FILE_ONLY___ [1mcbt[m
2022-11-02 09:00:14,009 INFO     ___FILE_ONLY___  
2022-11-02 09:00:14,009 INFO     ___FILE_ONLY___ to
2022-11-02 09:00:14,009 INFO     ___FILE_ONLY___  
2022-11-02 09:00:14,009 INFO     ___FILE_ONLY___ v1.12.1.
2022-11-02 09:00:14,009 INFO     ___FILE_ONLY___ 

2022-11-02 09:00:14,009 INFO     ___FILE_ONLY___ 

2022-11-02 09:00:14,010 INFO     ___FILE_ONLY___    
2022-11-02 09:00:14,010 INFO     ___FILE_ONLY___  
2022-11-02 09:00:14,010 INFO     ___FILE_ONLY___ Subscribe
2022-11-02 09:00:14,010 INFO     ___FILE_ONLY___  
2022-11-02 09:00:14,010 INFO     ___FILE_ONLY___ to
2022-11-02 09:00:14,010 INFO     ___FILE_ONLY___  
2022-11-02 09:00:14,010 INFO     ___FILE_ONLY___ these
2022-11-02 09:00:14,010 INFO     ___FILE_ONLY___  
2022-11-02 09:00:14,011 INFO     ___FILE_ONLY___ release
2022-11-02 09:00:14,011 INFO     ___FILE_ONLY___  
2022-11-02 09:00:14,011 INFO     ___FILE_ONLY___ notes
2022-11-02 09:00:14,011 INFO     ___FILE_ONLY___  
2022-11-02 09:00:14,011 INFO     ___FILE_ONLY___ at
2022-11-02 09:00:14,011 INFO     ___FILE_ONLY___ 

2022-11-02 09:00:14,011 INFO     ___FILE_ONLY___     
2022-11-02 09:00:14,012 INFO     ___FILE_ONLY___ https://groups.google.com/forum/#!forum/google-cloud-sdk-announce
2022-11-02 09:00:14,012 INFO     ___FILE_ONLY___ 

2022-11-02 09:00:14,012 INFO     ___FILE_ONLY___     
2022-11-02 09:00:14,012 INFO     ___FILE_ONLY___ (https://groups.google.com/forum/#!forum/google-cloud-sdk-announce).
2022-11-02 09:00:14,012 INFO     ___FILE_ONLY___ 

2022-11-02 09:00:14,012 INFO     ___FILE_ONLY___ 

2022-11-02 09:00:14,012 INFO     ___FILE_ONLY___ [m
2022-11-02 09:00:14,013 INFO     ___FILE_ONLY___ [1m405.0.0 (2022-10-04)[m

2022-11-02 09:00:14,013 INFO     ___FILE_ONLY___ [m
2022-11-02 09:00:14,013 INFO     ___FILE_ONLY___   
2022-11-02 09:00:14,013 INFO     ___FILE_ONLY___ [1mGoogle Cloud CLI[m

2022-11-02 09:00:14,013 INFO     ___FILE_ONLY___       ▪
2022-11-02 09:00:14,013 INFO     ___FILE_ONLY___  
2022-11-02 09:00:14,013 INFO     ___FILE_ONLY___ Fixed
2022-11-02 09:00:14,014 INFO     ___FILE_ONLY___  
2022-11-02 09:00:14,014 INFO     ___FILE_ONLY___ issue
2022-11-02 09:00:14,014 INFO     ___FILE_ONLY___  
2022-11-02 09:00:14,014 INFO     ___FILE_ONLY___ where
2022-11-02 09:00:14,014 INFO     ___FILE_ONLY___  
2022-11-02 09:00:14,014 INFO     ___FILE_ONLY___ revoking
2022-11-02 09:00:14,015 INFO     ___FILE_ONLY___  
2022-11-02 09:00:14,015 INFO     ___FILE_ONLY___ impersonated
2022-11-02 09:00:14,015 INFO     ___FILE_ONLY___  
2022-11-02 09:00:14,015 INFO     ___FILE_ONLY___ ADC
2022-11-02 09:00:14,015 INFO     ___FILE_ONLY___  
2022-11-02 09:00:14,015 INFO     ___FILE_ONLY___ credentials
2022-11-02 09:00:14,015 INFO     ___FILE_ONLY___  
2022-11-02 09:00:14,016 INFO     ___FILE_ONLY___ caused
2022-11-02 09:00:14,016 INFO     ___FILE_ONLY___  
2022-11-02 09:00:14,016 INFO     ___FILE_ONLY___ a
2022-11-02 09:00:14,016 INFO     ___FILE_ONLY___ 

2022-11-02 09:00:14,016 INFO     ___FILE_ONLY___         
2022-11-02 09:00:14,016 INFO     ___FILE_ONLY___ crash.
2022-11-02 09:00:14,017 INFO     ___FILE_ONLY___ 

2022-11-02 09:00:14,017 INFO     ___FILE_ONLY___       ▪
2022-11-02 09:00:14,017 INFO     ___FILE_ONLY___  
2022-11-02 09:00:14,017 INFO     ___FILE_ONLY___ Fixed
2022-11-02 09:00:14,017 INFO     ___FILE_ONLY___  
2022-11-02 09:00:14,017 INFO     ___FILE_ONLY___ issue
2022-11-02 09:00:14,018 INFO     ___FILE_ONLY___  
2022-11-02 09:00:14,018 INFO     ___FILE_ONLY___ where
2022-11-02 09:00:14,018 INFO     ___FILE_ONLY___  
2022-11-02 09:00:14,018 INFO     ___FILE_ONLY___ it
2022-11-02 09:00:14,018 INFO     ___FILE_ONLY___  
2022-11-02 09:00:14,018 INFO     ___FILE_ONLY___ was
2022-11-02 09:00:14,018 INFO     ___FILE_ONLY___  
2022-11-02 09:00:14,018 INFO     ___FILE_ONLY___ not
2022-11-02 09:00:14,019 INFO     ___FILE_ONLY___  
2022-11-02 09:00:14,019 INFO     ___FILE_ONLY___ possible
2022-11-02 09:00:14,019 INFO     ___FILE_ONLY___  
2022-11-02 09:00:14,019 INFO     ___FILE_ONLY___ to
2022-11-02 09:00:14,019 INFO     ___FILE_ONLY___  
2022-11-02 09:00:14,019 INFO     ___FILE_ONLY___ set
2022-11-02 09:00:14,019 INFO     ___FILE_ONLY___  
2022-11-02 09:00:14,019 INFO     ___FILE_ONLY___ a
2022-11-02 09:00:14,020 INFO     ___FILE_ONLY___  
2022-11-02 09:00:14,020 INFO     ___FILE_ONLY___ logging
2022-11-02 09:00:14,020 INFO     ___FILE_ONLY___  
2022-11-02 09:00:14,021 INFO     ___FILE_ONLY___ configuration
2022-11-02 09:00:14,021 INFO     ___FILE_ONLY___ 

2022-11-02 09:00:14,021 INFO     ___FILE_ONLY___         
2022-11-02 09:00:14,021 INFO     ___FILE_ONLY___ when
2022-11-02 09:00:14,021 INFO     ___FILE_ONLY___  
2022-11-02 09:00:14,021 INFO     ___FILE_ONLY___ creating
2022-11-02 09:00:14,022 INFO     ___FILE_ONLY___  
2022-11-02 09:00:14,022 INFO     ___FILE_ONLY___ a
2022-11-02 09:00:14,022 INFO     ___FILE_ONLY___  
2022-11-02 09:00:14,022 INFO     ___FILE_ONLY___ regional
2022-11-02 09:00:14,022 INFO     ___FILE_ONLY___  
2022-11-02 09:00:14,022 INFO     ___FILE_ONLY___ backend
2022-11-02 09:00:14,022 INFO     ___FILE_ONLY___  
2022-11-02 09:00:14,023 INFO     ___FILE_ONLY___ service
2022-11-02 09:00:14,023 INFO     ___FILE_ONLY___  
2022-11-02 09:00:14,023 INFO     ___FILE_ONLY___ in
2022-11-02 09:00:14,023 INFO     ___FILE_ONLY___  
2022-11-02 09:00:14,023 INFO     ___FILE_ONLY___ alpha
2022-11-02 09:00:14,023 INFO     ___FILE_ONLY___  
2022-11-02 09:00:14,023 INFO     ___FILE_ONLY___ and
2022-11-02 09:00:14,023 INFO     ___FILE_ONLY___  
2022-11-02 09:00:14,024 INFO     ___FILE_ONLY___ beta.
2022-11-02 09:00:14,024 INFO     ___FILE_ONLY___ 

2022-11-02 09:00:14,024 INFO     ___FILE_ONLY___ 

2022-11-02 09:00:14,024 INFO     ___FILE_ONLY___ [m
2022-11-02 09:00:14,025 INFO     ___FILE_ONLY___   
2022-11-02 09:00:14,025 INFO     ___FILE_ONLY___ [1mAnthos Multi-Cloud[m

2022-11-02 09:00:14,025 INFO     ___FILE_ONLY___       ▪
2022-11-02 09:00:14,025 INFO     ___FILE_ONLY___  
2022-11-02 09:00:14,025 INFO     ___FILE_ONLY___ Added
2022-11-02 09:00:14,025 INFO     ___FILE_ONLY___  
2022-11-02 09:00:14,026 INFO     ___FILE_ONLY___ [1m--tags[m
2022-11-02 09:00:14,026 INFO     ___FILE_ONLY___  
2022-11-02 09:00:14,026 INFO     ___FILE_ONLY___ flag
2022-11-02 09:00:14,026 INFO     ___FILE_ONLY___  
2022-11-02 09:00:14,026 INFO     ___FILE_ONLY___ to
2022-11-02 09:00:14,026 INFO     ___FILE_ONLY___  
2022-11-02 09:00:14,026 INFO     ___FILE_ONLY___ [1mgcloud
2022-11-02 09:00:14,041 INFO     ___FILE_ONLY___  
2022-11-02 09:00:14,041 INFO     ___FILE_ONLY___ container
2022-11-02 09:00:14,041 INFO     ___FILE_ONLY___  
2022-11-02 09:00:14,041 INFO     ___FILE_ONLY___ aws
2022-11-02 09:00:14,042 INFO     ___FILE_ONLY___  
2022-11-02 09:00:14,042 INFO     ___FILE_ONLY___ clusters
2022-11-02 09:00:14,042 INFO     ___FILE_ONLY___  
2022-11-02 09:00:14,042 INFO     ___FILE_ONLY___ update[m
2022-11-02 09:00:14,042 INFO     ___FILE_ONLY___  
2022-11-02 09:00:14,043 INFO     ___FILE_ONLY___ to
2022-11-02 09:00:14,043 INFO     ___FILE_ONLY___  
2022-11-02 09:00:14,043 INFO     ___FILE_ONLY___ update
2022-11-02 09:00:14,043 INFO     ___FILE_ONLY___ 

2022-11-02 09:00:14,044 INFO     ___FILE_ONLY___         
2022-11-02 09:00:14,044 INFO     ___FILE_ONLY___ the
2022-11-02 09:00:14,044 INFO     ___FILE_ONLY___  
2022-11-02 09:00:14,044 INFO     ___FILE_ONLY___ tags
2022-11-02 09:00:14,045 INFO     ___FILE_ONLY___  
2022-11-02 09:00:14,045 INFO     ___FILE_ONLY___ assigned
2022-11-02 09:00:14,045 INFO     ___FILE_ONLY___  
2022-11-02 09:00:14,045 INFO     ___FILE_ONLY___ to
2022-11-02 09:00:14,045 INFO     ___FILE_ONLY___  
2022-11-02 09:00:14,045 INFO     ___FILE_ONLY___ control
2022-11-02 09:00:14,045 INFO     ___FILE_ONLY___  
2022-11-02 09:00:14,046 INFO     ___FILE_ONLY___ plane
2022-11-02 09:00:14,046 INFO     ___FILE_ONLY___  
2022-11-02 09:00:14,046 INFO     ___FILE_ONLY___ replicas.
2022-11-02 09:00:14,046 INFO     ___FILE_ONLY___ 

2022-11-02 09:00:14,046 INFO     ___FILE_ONLY___       ▪
2022-11-02 09:00:14,046 INFO     ___FILE_ONLY___  
2022-11-02 09:00:14,047 INFO     ___FILE_ONLY___ Added
2022-11-02 09:00:14,047 INFO     ___FILE_ONLY___  
2022-11-02 09:00:14,047 INFO     ___FILE_ONLY___ [1m--clear-tags[m
2022-11-02 09:00:14,047 INFO     ___FILE_ONLY___  
2022-11-02 09:00:14,047 INFO     ___FILE_ONLY___ flag
2022-11-02 09:00:14,048 INFO     ___FILE_ONLY___  
2022-11-02 09:00:14,048 INFO     ___FILE_ONLY___ to
2022-11-02 09:00:14,048 INFO     ___FILE_ONLY___  
2022-11-02 09:00:14,048 INFO     ___FILE_ONLY___ [1mgcloud
2022-11-02 09:00:14,048 INFO     ___FILE_ONLY___  
2022-11-02 09:00:14,048 INFO     ___FILE_ONLY___ container
2022-11-02 09:00:14,048 INFO     ___FILE_ONLY___  
2022-11-02 09:00:14,048 INFO     ___FILE_ONLY___ aws
2022-11-02 09:00:14,048 INFO     ___FILE_ONLY___  
2022-11-02 09:00:14,049 INFO     ___FILE_ONLY___ clusters
2022-11-02 09:00:14,049 INFO     ___FILE_ONLY___  
2022-11-02 09:00:14,049 INFO     ___FILE_ONLY___ update[m
2022-11-02 09:00:14,050 INFO     ___FILE_ONLY___  
2022-11-02 09:00:14,050 INFO     ___FILE_ONLY___ to
2022-11-02 09:00:14,050 INFO     ___FILE_ONLY___ 

2022-11-02 09:00:14,050 INFO     ___FILE_ONLY___         
2022-11-02 09:00:14,050 INFO     ___FILE_ONLY___ clear
2022-11-02 09:00:14,050 INFO     ___FILE_ONLY___  
2022-11-02 09:00:14,051 INFO     ___FILE_ONLY___ the
2022-11-02 09:00:14,051 INFO     ___FILE_ONLY___  
2022-11-02 09:00:14,051 INFO     ___FILE_ONLY___ tags
2022-11-02 09:00:14,051 INFO     ___FILE_ONLY___  
2022-11-02 09:00:14,051 INFO     ___FILE_ONLY___ assigned
2022-11-02 09:00:14,051 INFO     ___FILE_ONLY___  
2022-11-02 09:00:14,051 INFO     ___FILE_ONLY___ to
2022-11-02 09:00:14,052 INFO     ___FILE_ONLY___  
2022-11-02 09:00:14,052 INFO     ___FILE_ONLY___ control
2022-11-02 09:00:14,052 INFO     ___FILE_ONLY___  
2022-11-02 09:00:14,052 INFO     ___FILE_ONLY___ plane
2022-11-02 09:00:14,052 INFO     ___FILE_ONLY___  
2022-11-02 09:00:14,052 INFO     ___FILE_ONLY___ replicas.
2022-11-02 09:00:14,053 INFO     ___FILE_ONLY___ 

2022-11-02 09:00:14,053 INFO     ___FILE_ONLY___ 

2022-11-02 09:00:14,053 INFO     ___FILE_ONLY___ [m
2022-11-02 09:00:14,053 INFO     ___FILE_ONLY___   
2022-11-02 09:00:14,053 INFO     ___FILE_ONLY___ [1mApp Engine[m

2022-11-02 09:00:14,053 INFO     ___FILE_ONLY___       ▪
2022-11-02 09:00:14,053 INFO     ___FILE_ONLY___  
2022-11-02 09:00:14,053 INFO     ___FILE_ONLY___ Updated
2022-11-02 09:00:14,053 INFO     ___FILE_ONLY___  
2022-11-02 09:00:14,054 INFO     ___FILE_ONLY___ the
2022-11-02 09:00:14,054 INFO     ___FILE_ONLY___  
2022-11-02 09:00:14,054 INFO     ___FILE_ONLY___ Java
2022-11-02 09:00:14,054 INFO     ___FILE_ONLY___  
2022-11-02 09:00:14,054 INFO     ___FILE_ONLY___ SDK
2022-11-02 09:00:14,054 INFO     ___FILE_ONLY___  
2022-11-02 09:00:14,054 INFO     ___FILE_ONLY___ to
2022-11-02 09:00:14,054 INFO     ___FILE_ONLY___  
2022-11-02 09:00:14,054 INFO     ___FILE_ONLY___ version
2022-11-02 09:00:14,054 INFO     ___FILE_ONLY___  
2022-11-02 09:00:14,054 INFO     ___FILE_ONLY___ 2.0.9
2022-11-02 09:00:14,054 INFO     ___FILE_ONLY___  
2022-11-02 09:00:14,055 INFO     ___FILE_ONLY___ build
2022-11-02 09:00:14,055 INFO     ___FILE_ONLY___  
2022-11-02 09:00:14,055 INFO     ___FILE_ONLY___ from
2022-11-02 09:00:14,055 INFO     ___FILE_ONLY___  
2022-11-02 09:00:14,055 INFO     ___FILE_ONLY___ the
2022-11-02 09:00:14,055 INFO     ___FILE_ONLY___  
2022-11-02 09:00:14,055 INFO     ___FILE_ONLY___ open
2022-11-02 09:00:14,055 INFO     ___FILE_ONLY___  
2022-11-02 09:00:14,056 INFO     ___FILE_ONLY___ source
2022-11-02 09:00:14,056 INFO     ___FILE_ONLY___ 

2022-11-02 09:00:14,056 INFO     ___FILE_ONLY___         
2022-11-02 09:00:14,056 INFO     ___FILE_ONLY___ project
2022-11-02 09:00:14,056 INFO     ___FILE_ONLY___ 

2022-11-02 09:00:14,056 INFO     ___FILE_ONLY___         
2022-11-02 09:00:14,057 INFO     ___FILE_ONLY___ <https://github.com/GoogleCloudPlatform/appengine-java-standard>.
2022-11-02 09:00:14,057 INFO     ___FILE_ONLY___ 

2022-11-02 09:00:14,057 INFO     ___FILE_ONLY___       ▪
2022-11-02 09:00:14,057 INFO     ___FILE_ONLY___  
2022-11-02 09:00:14,057 INFO     ___FILE_ONLY___ Fixed
2022-11-02 09:00:14,057 INFO     ___FILE_ONLY___ 

2022-11-02 09:00:14,058 INFO     ___FILE_ONLY___         
2022-11-02 09:00:14,058 INFO     ___FILE_ONLY___ <https://github.com/GoogleCloudPlatform/app-maven-plugin/issues/480>.
2022-11-02 09:00:14,058 INFO     ___FILE_ONLY___ 

2022-11-02 09:00:14,058 INFO     ___FILE_ONLY___ 

2022-11-02 09:00:14,058 INFO     ___FILE_ONLY___ [m
2022-11-02 09:00:14,058 INFO     ___FILE_ONLY___   
2022-11-02 09:00:14,058 INFO     ___FILE_ONLY___ [1m Artifact Registry[m

2022-11-02 09:00:14,059 INFO     ___FILE_ONLY___       ▪
2022-11-02 09:00:14,059 INFO     ___FILE_ONLY___  
2022-11-02 09:00:14,059 INFO     ___FILE_ONLY___ Automatically
2022-11-02 09:00:14,059 INFO     ___FILE_ONLY___  
2022-11-02 09:00:14,059 INFO     ___FILE_ONLY___ creates
2022-11-02 09:00:14,060 INFO     ___FILE_ONLY___  
2022-11-02 09:00:14,060 INFO     ___FILE_ONLY___ missing
2022-11-02 09:00:14,060 INFO     ___FILE_ONLY___  
2022-11-02 09:00:14,060 INFO     ___FILE_ONLY___ repos
2022-11-02 09:00:14,060 INFO     ___FILE_ONLY___  
2022-11-02 09:00:14,060 INFO     ___FILE_ONLY___ for
2022-11-02 09:00:14,060 INFO     ___FILE_ONLY___  
2022-11-02 09:00:14,060 INFO     ___FILE_ONLY___ [1mgcloud
2022-11-02 09:00:14,060 INFO     ___FILE_ONLY___  
2022-11-02 09:00:14,061 INFO     ___FILE_ONLY___ beta
2022-11-02 09:00:14,061 INFO     ___FILE_ONLY___  
2022-11-02 09:00:14,061 INFO     ___FILE_ONLY___ artifacts
2022-11-02 09:00:14,061 INFO     ___FILE_ONLY___ 

2022-11-02 09:00:14,061 INFO     ___FILE_ONLY___         
2022-11-02 09:00:14,061 INFO     ___FILE_ONLY___ settings
2022-11-02 09:00:14,062 INFO     ___FILE_ONLY___  
2022-11-02 09:00:14,062 INFO     ___FILE_ONLY___ enable-upgrade-redirection[m
2022-11-02 09:00:14,062 INFO     ___FILE_ONLY___  
2022-11-02 09:00:14,062 INFO     ___FILE_ONLY___ command.
2022-11-02 09:00:14,062 INFO     ___FILE_ONLY___ 

2022-11-02 09:00:14,062 INFO     ___FILE_ONLY___ 

2022-11-02 09:00:14,063 INFO     ___FILE_ONLY___ [m
2022-11-02 09:00:14,063 INFO     ___FILE_ONLY___   
2022-11-02 09:00:14,063 INFO     ___FILE_ONLY___ [1mBatch[m

2022-11-02 09:00:14,063 INFO     ___FILE_ONLY___       ▪
2022-11-02 09:00:14,063 INFO     ___FILE_ONLY___  
2022-11-02 09:00:14,063 INFO     ___FILE_ONLY___ Promoted
2022-11-02 09:00:14,063 INFO     ___FILE_ONLY___  
2022-11-02 09:00:14,064 INFO     ___FILE_ONLY___ [1mgcloud
2022-11-02 09:00:14,064 INFO     ___FILE_ONLY___  
2022-11-02 09:00:14,064 INFO     ___FILE_ONLY___ batch[m
2022-11-02 09:00:14,064 INFO     ___FILE_ONLY___  
2022-11-02 09:00:14,064 INFO     ___FILE_ONLY___ to
2022-11-02 09:00:14,064 INFO     ___FILE_ONLY___  
2022-11-02 09:00:14,065 INFO     ___FILE_ONLY___ GA
2022-11-02 09:00:14,065 INFO     ___FILE_ONLY___  
2022-11-02 09:00:14,065 INFO     ___FILE_ONLY___ track.
2022-11-02 09:00:14,065 INFO     ___FILE_ONLY___ 

2022-11-02 09:00:14,065 INFO     ___FILE_ONLY___ 

2022-11-02 09:00:14,066 INFO     ___FILE_ONLY___ [m
2022-11-02 09:00:14,066 INFO     ___FILE_ONLY___   
2022-11-02 09:00:14,066 INFO     ___FILE_ONLY___ [1mCloud Dataplex[m

2022-11-02 09:00:14,066 INFO     ___FILE_ONLY___       ▪
2022-11-02 09:00:14,066 INFO     ___FILE_ONLY___  
2022-11-02 09:00:14,067 INFO     ___FILE_ONLY___ Updated
2022-11-02 09:00:14,067 INFO     ___FILE_ONLY___  
2022-11-02 09:00:14,067 INFO     ___FILE_ONLY___ [1mgcloud
2022-11-02 09:00:14,067 INFO     ___FILE_ONLY___  
2022-11-02 09:00:14,067 INFO     ___FILE_ONLY___ dataplex
2022-11-02 09:00:14,067 INFO     ___FILE_ONLY___  
2022-11-02 09:00:14,067 INFO     ___FILE_ONLY___ tasks
2022-11-02 09:00:14,068 INFO     ___FILE_ONLY___  
2022-11-02 09:00:14,068 INFO     ___FILE_ONLY___ create[m
2022-11-02 09:00:14,068 INFO     ___FILE_ONLY___  
2022-11-02 09:00:14,068 INFO     ___FILE_ONLY___ to
2022-11-02 09:00:14,068 INFO     ___FILE_ONLY___  
2022-11-02 09:00:14,068 INFO     ___FILE_ONLY___ support
2022-11-02 09:00:14,069 INFO     ___FILE_ONLY___  
2022-11-02 09:00:14,069 INFO     ___FILE_ONLY___ scheduling
2022-11-02 09:00:14,069 INFO     ___FILE_ONLY___  
2022-11-02 09:00:14,069 INFO     ___FILE_ONLY___ notebooks.
2022-11-02 09:00:14,069 INFO     ___FILE_ONLY___ 

2022-11-02 09:00:14,070 INFO     ___FILE_ONLY___ 

2022-11-02 09:00:14,070 INFO     ___FILE_ONLY___ [m
2022-11-02 09:00:14,070 INFO     ___FILE_ONLY___   
2022-11-02 09:00:14,070 INFO     ___FILE_ONLY___ [1mCloud Firestore[m

2022-11-02 09:00:14,070 INFO     ___FILE_ONLY___       ▪
2022-11-02 09:00:14,070 INFO     ___FILE_ONLY___  
2022-11-02 09:00:14,071 INFO     ___FILE_ONLY___ Promoted
2022-11-02 09:00:14,071 INFO     ___FILE_ONLY___  
2022-11-02 09:00:14,071 INFO     ___FILE_ONLY___ [1mgcloud
2022-11-02 09:00:14,071 INFO     ___FILE_ONLY___  
2022-11-02 09:00:14,071 INFO     ___FILE_ONLY___ firestore
2022-11-02 09:00:14,071 INFO     ___FILE_ONLY___  
2022-11-02 09:00:14,072 INFO     ___FILE_ONLY___ fields
2022-11-02 09:00:14,072 INFO     ___FILE_ONLY___  
2022-11-02 09:00:14,072 INFO     ___FILE_ONLY___ ttls[m
2022-11-02 09:00:14,072 INFO     ___FILE_ONLY___  
2022-11-02 09:00:14,072 INFO     ___FILE_ONLY___ command
2022-11-02 09:00:14,073 INFO     ___FILE_ONLY___  
2022-11-02 09:00:14,073 INFO     ___FILE_ONLY___ group
2022-11-02 09:00:14,073 INFO     ___FILE_ONLY___  
2022-11-02 09:00:14,073 INFO     ___FILE_ONLY___ to
2022-11-02 09:00:14,073 INFO     ___FILE_ONLY___  
2022-11-02 09:00:14,073 INFO     ___FILE_ONLY___ GA.
2022-11-02 09:00:14,073 INFO     ___FILE_ONLY___ 

2022-11-02 09:00:14,073 INFO     ___FILE_ONLY___ 

2022-11-02 09:00:14,074 INFO     ___FILE_ONLY___ [m
2022-11-02 09:00:14,074 INFO     ___FILE_ONLY___   
2022-11-02 09:00:14,074 INFO     ___FILE_ONLY___ [1m Cloud Spanner[m

2022-11-02 09:00:14,074 INFO     ___FILE_ONLY___       ▪
2022-11-02 09:00:14,074 INFO     ___FILE_ONLY___  
2022-11-02 09:00:14,075 INFO     ___FILE_ONLY___ Promoted
2022-11-02 09:00:14,075 INFO     ___FILE_ONLY___  
2022-11-02 09:00:14,075 INFO     ___FILE_ONLY___ [1mgcloud
2022-11-02 09:00:14,075 INFO     ___FILE_ONLY___  
2022-11-02 09:00:14,075 INFO     ___FILE_ONLY___ spanner
2022-11-02 09:00:14,075 INFO     ___FILE_ONLY___  
2022-11-02 09:00:14,076 INFO     ___FILE_ONLY___ instance-configs
2022-11-02 09:00:14,076 INFO     ___FILE_ONLY___  
2022-11-02 09:00:14,076 INFO     ___FILE_ONLY___ [create|update|delete][m
2022-11-02 09:00:14,076 INFO     ___FILE_ONLY___  
2022-11-02 09:00:14,076 INFO     ___FILE_ONLY___ to
2022-11-02 09:00:14,076 INFO     ___FILE_ONLY___ 

2022-11-02 09:00:14,076 INFO     ___FILE_ONLY___         
2022-11-02 09:00:14,076 INFO     ___FILE_ONLY___ GA.
2022-11-02 09:00:14,077 INFO     ___FILE_ONLY___ 

2022-11-02 09:00:14,077 INFO     ___FILE_ONLY___ 

2022-11-02 09:00:14,077 INFO     ___FILE_ONLY___ [m
2022-11-02 09:00:14,077 INFO     ___FILE_ONLY___   
2022-11-02 09:00:14,077 INFO     ___FILE_ONLY___ [1mCloud SQL[m

2022-11-02 09:00:14,077 INFO     ___FILE_ONLY___       ▪
2022-11-02 09:00:14,078 INFO     ___FILE_ONLY___  
2022-11-02 09:00:14,078 INFO     ___FILE_ONLY___ Promoted
2022-11-02 09:00:14,078 INFO     ___FILE_ONLY___  
2022-11-02 09:00:14,078 INFO     ___FILE_ONLY___ [1m--time-zone[m
2022-11-02 09:00:14,078 INFO     ___FILE_ONLY___  
2022-11-02 09:00:14,078 INFO     ___FILE_ONLY___ flag
2022-11-02 09:00:14,078 INFO     ___FILE_ONLY___  
2022-11-02 09:00:14,078 INFO     ___FILE_ONLY___ of
2022-11-02 09:00:14,079 INFO     ___FILE_ONLY___  
2022-11-02 09:00:14,079 INFO     ___FILE_ONLY___ [1mgcloud
2022-11-02 09:00:14,079 INFO     ___FILE_ONLY___  
2022-11-02 09:00:14,079 INFO     ___FILE_ONLY___ sql
2022-11-02 09:00:14,079 INFO     ___FILE_ONLY___  
2022-11-02 09:00:14,079 INFO     ___FILE_ONLY___ instances
2022-11-02 09:00:14,079 INFO     ___FILE_ONLY___  
2022-11-02 09:00:14,079 INFO     ___FILE_ONLY___ create[m
2022-11-02 09:00:14,080 INFO     ___FILE_ONLY___  
2022-11-02 09:00:14,080 INFO     ___FILE_ONLY___ command
2022-11-02 09:00:14,080 INFO     ___FILE_ONLY___  
2022-11-02 09:00:14,080 INFO     ___FILE_ONLY___ to
2022-11-02 09:00:14,080 INFO     ___FILE_ONLY___ 

2022-11-02 09:00:14,080 INFO     ___FILE_ONLY___         
2022-11-02 09:00:14,080 INFO     ___FILE_ONLY___ GA.
2022-11-02 09:00:14,080 INFO     ___FILE_ONLY___ 

2022-11-02 09:00:14,081 INFO     ___FILE_ONLY___       ▪
2022-11-02 09:00:14,081 INFO     ___FILE_ONLY___  
2022-11-02 09:00:14,081 INFO     ___FILE_ONLY___ Provided
2022-11-02 09:00:14,081 INFO     ___FILE_ONLY___  
2022-11-02 09:00:14,081 INFO     ___FILE_ONLY___ a
2022-11-02 09:00:14,081 INFO     ___FILE_ONLY___  
2022-11-02 09:00:14,082 INFO     ___FILE_ONLY___ helpful
2022-11-02 09:00:14,082 INFO     ___FILE_ONLY___  
2022-11-02 09:00:14,082 INFO     ___FILE_ONLY___ error
2022-11-02 09:00:14,082 INFO     ___FILE_ONLY___  
2022-11-02 09:00:14,082 INFO     ___FILE_ONLY___ message
2022-11-02 09:00:14,082 INFO     ___FILE_ONLY___  
2022-11-02 09:00:14,082 INFO     ___FILE_ONLY___ when
2022-11-02 09:00:14,082 INFO     ___FILE_ONLY___  
2022-11-02 09:00:14,083 INFO     ___FILE_ONLY___ Cloud
2022-11-02 09:00:14,083 INFO     ___FILE_ONLY___  
2022-11-02 09:00:14,083 INFO     ___FILE_ONLY___ SQL
2022-11-02 09:00:14,083 INFO     ___FILE_ONLY___  
2022-11-02 09:00:14,084 INFO     ___FILE_ONLY___ Proxy
2022-11-02 09:00:14,084 INFO     ___FILE_ONLY___  
2022-11-02 09:00:14,084 INFO     ___FILE_ONLY___ fails
2022-11-02 09:00:14,084 INFO     ___FILE_ONLY___  
2022-11-02 09:00:14,084 INFO     ___FILE_ONLY___ to
2022-11-02 09:00:14,084 INFO     ___FILE_ONLY___  
2022-11-02 09:00:14,084 INFO     ___FILE_ONLY___ start
2022-11-02 09:00:14,084 INFO     ___FILE_ONLY___ 

2022-11-02 09:00:14,085 INFO     ___FILE_ONLY___         
2022-11-02 09:00:14,085 INFO     ___FILE_ONLY___ during
2022-11-02 09:00:14,085 INFO     ___FILE_ONLY___  
2022-11-02 09:00:14,085 INFO     ___FILE_ONLY___ [1mgcloud
2022-11-02 09:00:14,085 INFO     ___FILE_ONLY___  
2022-11-02 09:00:14,085 INFO     ___FILE_ONLY___ sql
2022-11-02 09:00:14,085 INFO     ___FILE_ONLY___  
2022-11-02 09:00:14,110 INFO     ___FILE_ONLY___ connect[m
2022-11-02 09:00:14,115 INFO     ___FILE_ONLY___  
2022-11-02 09:00:14,116 INFO     ___FILE_ONLY___ command.
2022-11-02 09:00:14,117 INFO     ___FILE_ONLY___ 

2022-11-02 09:00:14,117 INFO     ___FILE_ONLY___ 

2022-11-02 09:00:14,117 INFO     ___FILE_ONLY___ [m
2022-11-02 09:00:14,117 INFO     ___FILE_ONLY___   
2022-11-02 09:00:14,117 INFO     ___FILE_ONLY___ [1mCloud Run[m

2022-11-02 09:00:14,117 INFO     ___FILE_ONLY___       ▪
2022-11-02 09:00:14,118 INFO     ___FILE_ONLY___  
2022-11-02 09:00:14,118 INFO     ___FILE_ONLY___ Added
2022-11-02 09:00:14,118 INFO     ___FILE_ONLY___  
2022-11-02 09:00:14,118 INFO     ___FILE_ONLY___ [1mgcloud
2022-11-02 09:00:14,118 INFO     ___FILE_ONLY___  
2022-11-02 09:00:14,118 INFO     ___FILE_ONLY___ beta
2022-11-02 09:00:14,118 INFO     ___FILE_ONLY___  
2022-11-02 09:00:14,118 INFO     ___FILE_ONLY___ run
2022-11-02 09:00:14,119 INFO     ___FILE_ONLY___  
2022-11-02 09:00:14,119 INFO     ___FILE_ONLY___ jobs
2022-11-02 09:00:14,119 INFO     ___FILE_ONLY___  
2022-11-02 09:00:14,119 INFO     ___FILE_ONLY___ replace[m
2022-11-02 09:00:14,119 INFO     ___FILE_ONLY___  
2022-11-02 09:00:14,119 INFO     ___FILE_ONLY___ to
2022-11-02 09:00:14,119 INFO     ___FILE_ONLY___  
2022-11-02 09:00:14,119 INFO     ___FILE_ONLY___ deploy
2022-11-02 09:00:14,120 INFO     ___FILE_ONLY___  
2022-11-02 09:00:14,120 INFO     ___FILE_ONLY___ a
2022-11-02 09:00:14,120 INFO     ___FILE_ONLY___  
2022-11-02 09:00:14,120 INFO     ___FILE_ONLY___ job
2022-11-02 09:00:14,120 INFO     ___FILE_ONLY___  
2022-11-02 09:00:14,120 INFO     ___FILE_ONLY___ from
2022-11-02 09:00:14,120 INFO     ___FILE_ONLY___  
2022-11-02 09:00:14,120 INFO     ___FILE_ONLY___ yaml.
2022-11-02 09:00:14,121 INFO     ___FILE_ONLY___ 

2022-11-02 09:00:14,121 INFO     ___FILE_ONLY___ 

2022-11-02 09:00:14,121 INFO     ___FILE_ONLY___ [m
2022-11-02 09:00:14,121 INFO     ___FILE_ONLY___   
2022-11-02 09:00:14,121 INFO     ___FILE_ONLY___ [1mCompute Engine[m

2022-11-02 09:00:14,121 INFO     ___FILE_ONLY___       ▪
2022-11-02 09:00:14,121 INFO     ___FILE_ONLY___  
2022-11-02 09:00:14,122 INFO     ___FILE_ONLY___ Added
2022-11-02 09:00:14,122 INFO     ___FILE_ONLY___  
2022-11-02 09:00:14,122 INFO     ___FILE_ONLY___ ubuntu-2204
2022-11-02 09:00:14,122 INFO     ___FILE_ONLY___  
2022-11-02 09:00:14,122 INFO     ___FILE_ONLY___ and
2022-11-02 09:00:14,122 INFO     ___FILE_ONLY___  
2022-11-02 09:00:14,122 INFO     ___FILE_ONLY___ windows-11-x64-byol
2022-11-02 09:00:14,123 INFO     ___FILE_ONLY___  
2022-11-02 09:00:14,123 INFO     ___FILE_ONLY___ options
2022-11-02 09:00:14,123 INFO     ___FILE_ONLY___  
2022-11-02 09:00:14,123 INFO     ___FILE_ONLY___ to
2022-11-02 09:00:14,123 INFO     ___FILE_ONLY___  
2022-11-02 09:00:14,123 INFO     ___FILE_ONLY___ [1m--os[m
2022-11-02 09:00:14,123 INFO     ___FILE_ONLY___  
2022-11-02 09:00:14,123 INFO     ___FILE_ONLY___ flag
2022-11-02 09:00:14,124 INFO     ___FILE_ONLY___  
2022-11-02 09:00:14,124 INFO     ___FILE_ONLY___ for:
2022-11-02 09:00:14,128 INFO     ___FILE_ONLY___ 

2022-11-02 09:00:14,128 INFO     ___FILE_ONLY___         ◆
2022-11-02 09:00:14,129 INFO     ___FILE_ONLY___  
2022-11-02 09:00:14,129 INFO     ___FILE_ONLY___ [1mgcloud
2022-11-02 09:00:14,129 INFO     ___FILE_ONLY___  
2022-11-02 09:00:14,129 INFO     ___FILE_ONLY___ compute
2022-11-02 09:00:14,129 INFO     ___FILE_ONLY___  
2022-11-02 09:00:14,129 INFO     ___FILE_ONLY___ images
2022-11-02 09:00:14,129 INFO     ___FILE_ONLY___  
2022-11-02 09:00:14,130 INFO     ___FILE_ONLY___ import[m
2022-11-02 09:00:14,130 INFO     ___FILE_ONLY___  
2022-11-02 09:00:14,159 INFO     ___FILE_ONLY___ in
2022-11-02 09:00:14,160 INFO     ___FILE_ONLY___  
2022-11-02 09:00:14,160 INFO     ___FILE_ONLY___ GA,
2022-11-02 09:00:14,160 INFO     ___FILE_ONLY___ 

2022-11-02 09:00:14,161 INFO     ___FILE_ONLY___         ◆
2022-11-02 09:00:14,161 INFO     ___FILE_ONLY___  
2022-11-02 09:00:14,162 INFO     ___FILE_ONLY___ [1mgcloud
2022-11-02 09:00:14,163 INFO     ___FILE_ONLY___  
2022-11-02 09:00:14,163 INFO     ___FILE_ONLY___ compute
2022-11-02 09:00:14,163 INFO     ___FILE_ONLY___  
2022-11-02 09:00:14,163 INFO     ___FILE_ONLY___ instances
2022-11-02 09:00:14,164 INFO     ___FILE_ONLY___  
2022-11-02 09:00:14,164 INFO     ___FILE_ONLY___ import[m
2022-11-02 09:00:14,165 INFO     ___FILE_ONLY___  
2022-11-02 09:00:14,166 INFO     ___FILE_ONLY___ in
2022-11-02 09:00:14,166 INFO     ___FILE_ONLY___  
2022-11-02 09:00:14,166 INFO     ___FILE_ONLY___ GA
2022-11-02 09:00:14,166 INFO     ___FILE_ONLY___ 

2022-11-02 09:00:14,166 INFO     ___FILE_ONLY___         ◆
2022-11-02 09:00:14,166 INFO     ___FILE_ONLY___  
2022-11-02 09:00:14,167 INFO     ___FILE_ONLY___ [1mgcloud
2022-11-02 09:00:14,167 INFO     ___FILE_ONLY___  
2022-11-02 09:00:14,167 INFO     ___FILE_ONLY___ compute
2022-11-02 09:00:14,167 INFO     ___FILE_ONLY___  
2022-11-02 09:00:14,167 INFO     ___FILE_ONLY___ machine-images
2022-11-02 09:00:14,167 INFO     ___FILE_ONLY___  
2022-11-02 09:00:14,168 INFO     ___FILE_ONLY___ import[m
2022-11-02 09:00:14,168 INFO     ___FILE_ONLY___  
2022-11-02 09:00:14,168 INFO     ___FILE_ONLY___ in
2022-11-02 09:00:14,168 INFO     ___FILE_ONLY___  
2022-11-02 09:00:14,168 INFO     ___FILE_ONLY___ GA
2022-11-02 09:00:14,168 INFO     ___FILE_ONLY___ 

2022-11-02 09:00:14,168 INFO     ___FILE_ONLY___       ▪
2022-11-02 09:00:14,169 INFO     ___FILE_ONLY___  
2022-11-02 09:00:14,169 INFO     ___FILE_ONLY___ Updated
2022-11-02 09:00:14,169 INFO     ___FILE_ONLY___  
2022-11-02 09:00:14,169 INFO     ___FILE_ONLY___ [1mgcloud
2022-11-02 09:00:14,169 INFO     ___FILE_ONLY___  
2022-11-02 09:00:14,169 INFO     ___FILE_ONLY___ compute
2022-11-02 09:00:14,169 INFO     ___FILE_ONLY___  
2022-11-02 09:00:14,169 INFO     ___FILE_ONLY___ instance-templates
2022-11-02 09:00:14,169 INFO     ___FILE_ONLY___  
2022-11-02 09:00:14,169 INFO     ___FILE_ONLY___ create[m
2022-11-02 09:00:14,169 INFO     ___FILE_ONLY___  
2022-11-02 09:00:14,170 INFO     ___FILE_ONLY___ not
2022-11-02 09:00:14,170 INFO     ___FILE_ONLY___  
2022-11-02 09:00:14,170 INFO     ___FILE_ONLY___ to
2022-11-02 09:00:14,170 INFO     ___FILE_ONLY___  
2022-11-02 09:00:14,170 INFO     ___FILE_ONLY___ crash
2022-11-02 09:00:14,171 INFO     ___FILE_ONLY___  
2022-11-02 09:00:14,171 INFO     ___FILE_ONLY___ if
2022-11-02 09:00:14,171 INFO     ___FILE_ONLY___ 

2022-11-02 09:00:14,171 INFO     ___FILE_ONLY___         
2022-11-02 09:00:14,171 INFO     ___FILE_ONLY___ [1minstantiate-from[m
2022-11-02 09:00:14,171 INFO     ___FILE_ONLY___  
2022-11-02 09:00:14,171 INFO     ___FILE_ONLY___ value
2022-11-02 09:00:14,172 INFO     ___FILE_ONLY___  
2022-11-02 09:00:14,172 INFO     ___FILE_ONLY___ is
2022-11-02 09:00:14,172 INFO     ___FILE_ONLY___  
2022-11-02 09:00:14,172 INFO     ___FILE_ONLY___ not
2022-11-02 09:00:14,172 INFO     ___FILE_ONLY___  
2022-11-02 09:00:14,172 INFO     ___FILE_ONLY___ specified
2022-11-02 09:00:14,174 INFO     ___FILE_ONLY___  
2022-11-02 09:00:14,174 INFO     ___FILE_ONLY___ in
2022-11-02 09:00:14,175 INFO     ___FILE_ONLY___  
2022-11-02 09:00:14,175 INFO     ___FILE_ONLY___ [1m--configure-disk[m
2022-11-02 09:00:14,175 INFO     ___FILE_ONLY___  
2022-11-02 09:00:14,175 INFO     ___FILE_ONLY___ when
2022-11-02 09:00:14,175 INFO     ___FILE_ONLY___  
2022-11-02 09:00:14,175 INFO     ___FILE_ONLY___ using
2022-11-02 09:00:14,176 INFO     ___FILE_ONLY___ 

2022-11-02 09:00:14,176 INFO     ___FILE_ONLY___         
2022-11-02 09:00:14,176 INFO     ___FILE_ONLY___ [1m--source-instance[m
2022-11-02 09:00:14,176 INFO     ___FILE_ONLY___  
2022-11-02 09:00:14,176 INFO     ___FILE_ONLY___ flag.
2022-11-02 09:00:14,177 INFO     ___FILE_ONLY___ 

2022-11-02 09:00:14,177 INFO     ___FILE_ONLY___       ▪
2022-11-02 09:00:14,178 INFO     ___FILE_ONLY___  
2022-11-02 09:00:14,178 INFO     ___FILE_ONLY___ Promoted
2022-11-02 09:00:14,178 INFO     ___FILE_ONLY___  
2022-11-02 09:00:14,179 INFO     ___FILE_ONLY___ [1m--md5-authentication-key[m
2022-11-02 09:00:14,179 INFO     ___FILE_ONLY___  
2022-11-02 09:00:14,179 INFO     ___FILE_ONLY___ flag
2022-11-02 09:00:14,179 INFO     ___FILE_ONLY___  
2022-11-02 09:00:14,179 INFO     ___FILE_ONLY___ of
2022-11-02 09:00:14,179 INFO     ___FILE_ONLY___  
2022-11-02 09:00:14,179 INFO     ___FILE_ONLY___ [1mgcloud
2022-11-02 09:00:14,180 INFO     ___FILE_ONLY___  
2022-11-02 09:00:14,180 INFO     ___FILE_ONLY___ compute
2022-11-02 09:00:14,180 INFO     ___FILE_ONLY___  
2022-11-02 09:00:14,180 INFO     ___FILE_ONLY___ routers
2022-11-02 09:00:14,180 INFO     ___FILE_ONLY___ 

2022-11-02 09:00:14,181 INFO     ___FILE_ONLY___         
2022-11-02 09:00:14,181 INFO     ___FILE_ONLY___ add-bgp-peer[m
2022-11-02 09:00:14,181 INFO     ___FILE_ONLY___  
2022-11-02 09:00:14,181 INFO     ___FILE_ONLY___ to
2022-11-02 09:00:14,181 INFO     ___FILE_ONLY___  
2022-11-02 09:00:14,182 INFO     ___FILE_ONLY___ GA.
2022-11-02 09:00:14,182 INFO     ___FILE_ONLY___ 

2022-11-02 09:00:14,182 INFO     ___FILE_ONLY___       ▪
2022-11-02 09:00:14,182 INFO     ___FILE_ONLY___  
2022-11-02 09:00:14,182 INFO     ___FILE_ONLY___ Promoted
2022-11-02 09:00:14,183 INFO     ___FILE_ONLY___  
2022-11-02 09:00:14,183 INFO     ___FILE_ONLY___ [1m--md5-authentication-key[m
2022-11-02 09:00:14,183 INFO     ___FILE_ONLY___  
2022-11-02 09:00:14,183 INFO     ___FILE_ONLY___ and
2022-11-02 09:00:14,184 INFO     ___FILE_ONLY___  
2022-11-02 09:00:14,184 INFO     ___FILE_ONLY___ [1m--clear-md5-authentication-key[m
2022-11-02 09:00:14,184 INFO     ___FILE_ONLY___ 

2022-11-02 09:00:14,184 INFO     ___FILE_ONLY___         
2022-11-02 09:00:14,184 INFO     ___FILE_ONLY___ flags
2022-11-02 09:00:14,184 INFO     ___FILE_ONLY___  
2022-11-02 09:00:14,184 INFO     ___FILE_ONLY___ of
2022-11-02 09:00:14,185 INFO     ___FILE_ONLY___  
2022-11-02 09:00:14,185 INFO     ___FILE_ONLY___ [1mgcloud
2022-11-02 09:00:14,185 INFO     ___FILE_ONLY___  
2022-11-02 09:00:14,185 INFO     ___FILE_ONLY___ compute
2022-11-02 09:00:14,185 INFO     ___FILE_ONLY___  
2022-11-02 09:00:14,185 INFO     ___FILE_ONLY___ routers
2022-11-02 09:00:14,185 INFO     ___FILE_ONLY___  
2022-11-02 09:00:14,185 INFO     ___FILE_ONLY___ update-bgp-peer[m
2022-11-02 09:00:14,186 INFO     ___FILE_ONLY___  
2022-11-02 09:00:14,186 INFO     ___FILE_ONLY___ to
2022-11-02 09:00:14,186 INFO     ___FILE_ONLY___  
2022-11-02 09:00:14,187 INFO     ___FILE_ONLY___ GA.
2022-11-02 09:00:14,187 INFO     ___FILE_ONLY___ 

2022-11-02 09:00:14,187 INFO     ___FILE_ONLY___ 

2022-11-02 09:00:14,187 INFO     ___FILE_ONLY___ [m
2022-11-02 09:00:14,188 INFO     ___FILE_ONLY___   
2022-11-02 09:00:14,188 INFO     ___FILE_ONLY___ [1mFirebase Test Lab[m

2022-11-02 09:00:14,188 INFO     ___FILE_ONLY___       ▪
2022-11-02 09:00:14,189 INFO     ___FILE_ONLY___  
2022-11-02 09:00:14,189 INFO     ___FILE_ONLY___ Delayed
2022-11-02 09:00:14,189 INFO     ___FILE_ONLY___  
2022-11-02 09:00:14,189 INFO     ___FILE_ONLY___ displaying
2022-11-02 09:00:14,189 INFO     ___FILE_ONLY___  
2022-11-02 09:00:14,189 INFO     ___FILE_ONLY___ information
2022-11-02 09:00:14,189 INFO     ___FILE_ONLY___  
2022-11-02 09:00:14,190 INFO     ___FILE_ONLY___ about
2022-11-02 09:00:14,190 INFO     ___FILE_ONLY___  
2022-11-02 09:00:14,190 INFO     ___FILE_ONLY___ the
2022-11-02 09:00:14,190 INFO     ___FILE_ONLY___  
2022-11-02 09:00:14,190 INFO     ___FILE_ONLY___ number
2022-11-02 09:00:14,190 INFO     ___FILE_ONLY___  
2022-11-02 09:00:14,190 INFO     ___FILE_ONLY___ of
2022-11-02 09:00:14,190 INFO     ___FILE_ONLY___  
2022-11-02 09:00:14,191 INFO     ___FILE_ONLY___ devices
2022-11-02 09:00:14,191 INFO     ___FILE_ONLY___  
2022-11-02 09:00:14,191 INFO     ___FILE_ONLY___ used
2022-11-02 09:00:14,191 INFO     ___FILE_ONLY___  
2022-11-02 09:00:14,191 INFO     ___FILE_ONLY___ until
2022-11-02 09:00:14,191 INFO     ___FILE_ONLY___ 

2022-11-02 09:00:14,191 INFO     ___FILE_ONLY___         
2022-11-02 09:00:14,191 INFO     ___FILE_ONLY___ after
2022-11-02 09:00:14,192 INFO     ___FILE_ONLY___  
2022-11-02 09:00:14,192 INFO     ___FILE_ONLY___ all
2022-11-02 09:00:14,192 INFO     ___FILE_ONLY___  
2022-11-02 09:00:14,192 INFO     ___FILE_ONLY___ executions
2022-11-02 09:00:14,192 INFO     ___FILE_ONLY___  
2022-11-02 09:00:14,192 INFO     ___FILE_ONLY___ are
2022-11-02 09:00:14,192 INFO     ___FILE_ONLY___  
2022-11-02 09:00:14,192 INFO     ___FILE_ONLY___ created.
2022-11-02 09:00:14,192 INFO     ___FILE_ONLY___ 

2022-11-02 09:00:14,193 INFO     ___FILE_ONLY___ 

2022-11-02 09:00:14,193 INFO     ___FILE_ONLY___ [m
2022-11-02 09:00:14,193 INFO     ___FILE_ONLY___   
2022-11-02 09:00:14,193 INFO     ___FILE_ONLY___ [1mIdentity and Access Management[m

2022-11-02 09:00:14,193 INFO     ___FILE_ONLY___       ▪
2022-11-02 09:00:14,194 INFO     ___FILE_ONLY___  
2022-11-02 09:00:14,194 INFO     ___FILE_ONLY___ Fixed
2022-11-02 09:00:14,194 INFO     ___FILE_ONLY___  
2022-11-02 09:00:14,194 INFO     ___FILE_ONLY___ an
2022-11-02 09:00:14,194 INFO     ___FILE_ONLY___  
2022-11-02 09:00:14,195 INFO     ___FILE_ONLY___ issue
2022-11-02 09:00:14,195 INFO     ___FILE_ONLY___  
2022-11-02 09:00:14,195 INFO     ___FILE_ONLY___ that
2022-11-02 09:00:14,195 INFO     ___FILE_ONLY___  
2022-11-02 09:00:14,195 INFO     ___FILE_ONLY___ would
2022-11-02 09:00:14,195 INFO     ___FILE_ONLY___  
2022-11-02 09:00:14,195 INFO     ___FILE_ONLY___ cause
2022-11-02 09:00:14,196 INFO     ___FILE_ONLY___  
2022-11-02 09:00:14,196 INFO     ___FILE_ONLY___ the
2022-11-02 09:00:14,196 INFO     ___FILE_ONLY___  
2022-11-02 09:00:14,197 INFO     ___FILE_ONLY___ Google
2022-11-02 09:00:14,197 INFO     ___FILE_ONLY___  
2022-11-02 09:00:14,197 INFO     ___FILE_ONLY___ Cloud
2022-11-02 09:00:14,197 INFO     ___FILE_ONLY___  
2022-11-02 09:00:14,197 INFO     ___FILE_ONLY___ CLI
2022-11-02 09:00:14,197 INFO     ___FILE_ONLY___  
2022-11-02 09:00:14,197 INFO     ___FILE_ONLY___ to
2022-11-02 09:00:14,197 INFO     ___FILE_ONLY___  
2022-11-02 09:00:14,198 INFO     ___FILE_ONLY___ crash
2022-11-02 09:00:14,198 INFO     ___FILE_ONLY___  
2022-11-02 09:00:14,198 INFO     ___FILE_ONLY___ when
2022-11-02 09:00:14,198 INFO     ___FILE_ONLY___ 

2022-11-02 09:00:14,198 INFO     ___FILE_ONLY___         
2022-11-02 09:00:14,198 INFO     ___FILE_ONLY___ using
2022-11-02 09:00:14,199 INFO     ___FILE_ONLY___  
2022-11-02 09:00:14,199 INFO     ___FILE_ONLY___ invalid
2022-11-02 09:00:14,199 INFO     ___FILE_ONLY___  
2022-11-02 09:00:14,199 INFO     ___FILE_ONLY___ External
2022-11-02 09:00:14,200 INFO     ___FILE_ONLY___  
2022-11-02 09:00:14,200 INFO     ___FILE_ONLY___ Account
2022-11-02 09:00:14,200 INFO     ___FILE_ONLY___  
2022-11-02 09:00:14,200 INFO     ___FILE_ONLY___ Credentials.
2022-11-02 09:00:14,200 INFO     ___FILE_ONLY___ 

2022-11-02 09:00:14,200 INFO     ___FILE_ONLY___ 

2022-11-02 09:00:14,201 INFO     ___FILE_ONLY___ [m
2022-11-02 09:00:14,201 INFO     ___FILE_ONLY___   
2022-11-02 09:00:14,202 INFO     ___FILE_ONLY___ [1mKubernetes Engine[m

2022-11-02 09:00:14,202 INFO     ___FILE_ONLY___       ▪
2022-11-02 09:00:14,203 INFO     ___FILE_ONLY___  
2022-11-02 09:00:14,203 INFO     ___FILE_ONLY___ Added
2022-11-02 09:00:14,203 INFO     ___FILE_ONLY___  
2022-11-02 09:00:14,203 INFO     ___FILE_ONLY___ a
2022-11-02 09:00:14,203 INFO     ___FILE_ONLY___  
2022-11-02 09:00:14,203 INFO     ___FILE_ONLY___ prompt
2022-11-02 09:00:14,204 INFO     ___FILE_ONLY___  
2022-11-02 09:00:14,204 INFO     ___FILE_ONLY___ when
2022-11-02 09:00:14,204 INFO     ___FILE_ONLY___  
2022-11-02 09:00:14,204 INFO     ___FILE_ONLY___ passing
2022-11-02 09:00:14,204 INFO     ___FILE_ONLY___  
2022-11-02 09:00:14,204 INFO     ___FILE_ONLY___ [1m--enable-binauthz[m
2022-11-02 09:00:14,204 INFO     ___FILE_ONLY___  
2022-11-02 09:00:14,204 INFO     ___FILE_ONLY___ to
2022-11-02 09:00:14,205 INFO     ___FILE_ONLY___  
2022-11-02 09:00:14,205 INFO     ___FILE_ONLY___ [1mgcloud
2022-11-02 09:00:14,207 INFO     ___FILE_ONLY___  
2022-11-02 09:00:14,208 INFO     ___FILE_ONLY___ container
2022-11-02 09:00:14,208 INFO     ___FILE_ONLY___ 

2022-11-02 09:00:14,208 INFO     ___FILE_ONLY___         
2022-11-02 09:00:14,208 INFO     ___FILE_ONLY___ clusters
2022-11-02 09:00:14,208 INFO     ___FILE_ONLY___  
2022-11-02 09:00:14,208 INFO     ___FILE_ONLY___ update[m
2022-11-02 09:00:14,208 INFO     ___FILE_ONLY___  
2022-11-02 09:00:14,209 INFO     ___FILE_ONLY___ that
2022-11-02 09:00:14,209 INFO     ___FILE_ONLY___  
2022-11-02 09:00:14,209 INFO     ___FILE_ONLY___ acknowledges
2022-11-02 09:00:14,209 INFO     ___FILE_ONLY___  
2022-11-02 09:00:14,209 INFO     ___FILE_ONLY___ the
2022-11-02 09:00:14,209 INFO     ___FILE_ONLY___  
2022-11-02 09:00:14,209 INFO     ___FILE_ONLY___ current
2022-11-02 09:00:14,209 INFO     ___FILE_ONLY___  
2022-11-02 09:00:14,210 INFO     ___FILE_ONLY___ version
2022-11-02 09:00:14,210 INFO     ___FILE_ONLY___  
2022-11-02 09:00:14,210 INFO     ___FILE_ONLY___ of
2022-11-02 09:00:14,210 INFO     ___FILE_ONLY___  
2022-11-02 09:00:14,210 INFO     ___FILE_ONLY___ Binary
2022-11-02 09:00:14,210 INFO     ___FILE_ONLY___ 

2022-11-02 09:00:14,210 INFO     ___FILE_ONLY___         
2022-11-02 09:00:14,210 INFO     ___FILE_ONLY___ Authorization
2022-11-02 09:00:14,211 INFO     ___FILE_ONLY___  
2022-11-02 09:00:14,211 INFO     ___FILE_ONLY___ will
2022-11-02 09:00:14,211 INFO     ___FILE_ONLY___  
2022-11-02 09:00:14,211 INFO     ___FILE_ONLY___ be
2022-11-02 09:00:14,211 INFO     ___FILE_ONLY___  
2022-11-02 09:00:14,211 INFO     ___FILE_ONLY___ downgraded.
2022-11-02 09:00:14,211 INFO     ___FILE_ONLY___ 

2022-11-02 09:00:14,211 INFO     ___FILE_ONLY___       ▪
2022-11-02 09:00:14,212 INFO     ___FILE_ONLY___  
2022-11-02 09:00:14,212 INFO     ___FILE_ONLY___ Promoted
2022-11-02 09:00:14,212 INFO     ___FILE_ONLY___  
2022-11-02 09:00:14,213 INFO     ___FILE_ONLY___ [1m--enable-cost-allocation[m
2022-11-02 09:00:14,213 INFO     ___FILE_ONLY___  
2022-11-02 09:00:14,214 INFO     ___FILE_ONLY___ flag
2022-11-02 09:00:14,214 INFO     ___FILE_ONLY___  
2022-11-02 09:00:14,214 INFO     ___FILE_ONLY___ of
2022-11-02 09:00:14,214 INFO     ___FILE_ONLY___  
2022-11-02 09:00:14,214 INFO     ___FILE_ONLY___ [1mgcloud
2022-11-02 09:00:14,214 INFO     ___FILE_ONLY___  
2022-11-02 09:00:14,215 INFO     ___FILE_ONLY___ container
2022-11-02 09:00:14,215 INFO     ___FILE_ONLY___  
2022-11-02 09:00:14,215 INFO     ___FILE_ONLY___ clusters
2022-11-02 09:00:14,215 INFO     ___FILE_ONLY___ 

2022-11-02 09:00:14,215 INFO     ___FILE_ONLY___         
2022-11-02 09:00:14,217 INFO     ___FILE_ONLY___ create[m
2022-11-02 09:00:14,217 INFO     ___FILE_ONLY___  
2022-11-02 09:00:14,218 INFO     ___FILE_ONLY___ to
2022-11-02 09:00:14,218 INFO     ___FILE_ONLY___  
2022-11-02 09:00:14,218 INFO     ___FILE_ONLY___ GA.
2022-11-02 09:00:14,218 INFO     ___FILE_ONLY___ 

2022-11-02 09:00:14,219 INFO     ___FILE_ONLY___       ▪
2022-11-02 09:00:14,219 INFO     ___FILE_ONLY___  
2022-11-02 09:00:14,219 INFO     ___FILE_ONLY___ Promoted
2022-11-02 09:00:14,219 INFO     ___FILE_ONLY___  
2022-11-02 09:00:14,220 INFO     ___FILE_ONLY___ [1m--enable-cost-allocation[m
2022-11-02 09:00:14,220 INFO     ___FILE_ONLY___  
2022-11-02 09:00:14,220 INFO     ___FILE_ONLY___ flag
2022-11-02 09:00:14,220 INFO     ___FILE_ONLY___  
2022-11-02 09:00:14,220 INFO     ___FILE_ONLY___ of
2022-11-02 09:00:14,220 INFO     ___FILE_ONLY___  
2022-11-02 09:00:14,220 INFO     ___FILE_ONLY___ [1mgcloud
2022-11-02 09:00:14,221 INFO     ___FILE_ONLY___  
2022-11-02 09:00:14,221 INFO     ___FILE_ONLY___ container
2022-11-02 09:00:14,221 INFO     ___FILE_ONLY___  
2022-11-02 09:00:14,221 INFO     ___FILE_ONLY___ clusters
2022-11-02 09:00:14,229 INFO     ___FILE_ONLY___ 

2022-11-02 09:00:14,229 INFO     ___FILE_ONLY___         
2022-11-02 09:00:14,229 INFO     ___FILE_ONLY___ update[m
2022-11-02 09:00:14,229 INFO     ___FILE_ONLY___  
2022-11-02 09:00:14,235 INFO     ___FILE_ONLY___ to
2022-11-02 09:00:14,235 INFO     ___FILE_ONLY___  
2022-11-02 09:00:14,235 INFO     ___FILE_ONLY___ GA.
2022-11-02 09:00:14,235 INFO     ___FILE_ONLY___ 

2022-11-02 09:00:14,235 INFO     ___FILE_ONLY___ 

2022-11-02 09:00:14,236 INFO     ___FILE_ONLY___    
2022-11-02 09:00:14,236 INFO     ___FILE_ONLY___  
2022-11-02 09:00:14,236 INFO     ___FILE_ONLY___ Subscribe
2022-11-02 09:00:14,236 INFO     ___FILE_ONLY___  
2022-11-02 09:00:14,236 INFO     ___FILE_ONLY___ to
2022-11-02 09:00:14,237 INFO     ___FILE_ONLY___  
2022-11-02 09:00:14,237 INFO     ___FILE_ONLY___ these
2022-11-02 09:00:14,237 INFO     ___FILE_ONLY___  
2022-11-02 09:00:14,237 INFO     ___FILE_ONLY___ release
2022-11-02 09:00:14,237 INFO     ___FILE_ONLY___  
2022-11-02 09:00:14,237 INFO     ___FILE_ONLY___ notes
2022-11-02 09:00:14,237 INFO     ___FILE_ONLY___  
2022-11-02 09:00:14,237 INFO     ___FILE_ONLY___ at
2022-11-02 09:00:14,238 INFO     ___FILE_ONLY___ 

2022-11-02 09:00:14,238 INFO     ___FILE_ONLY___     
2022-11-02 09:00:14,238 INFO     ___FILE_ONLY___ https://groups.google.com/forum/#!forum/google-cloud-sdk-announce
2022-11-02 09:00:14,238 INFO     ___FILE_ONLY___ 

2022-11-02 09:00:14,238 INFO     ___FILE_ONLY___     
2022-11-02 09:00:14,238 INFO     ___FILE_ONLY___ (https://groups.google.com/forum/#!forum/google-cloud-sdk-announce).
2022-11-02 09:00:14,238 INFO     ___FILE_ONLY___ 

2022-11-02 09:00:14,238 INFO     ___FILE_ONLY___ 

2022-11-02 09:00:14,239 INFO     ___FILE_ONLY___ [m
2022-11-02 09:00:14,239 INFO     ___FILE_ONLY___ [1m404.0.0 (2022-09-27)[m

2022-11-02 09:00:14,239 INFO     ___FILE_ONLY___ [m
2022-11-02 09:00:14,239 INFO     ___FILE_ONLY___   
2022-11-02 09:00:14,291 INFO     ___FILE_ONLY___ [1mApp Engine[m

2022-11-02 09:00:14,291 INFO     ___FILE_ONLY___       ▪
2022-11-02 09:00:14,292 INFO     ___FILE_ONLY___  
2022-11-02 09:00:14,292 INFO     ___FILE_ONLY___ Updated
2022-11-02 09:00:14,294 INFO     ___FILE_ONLY___  
2022-11-02 09:00:14,294 INFO     ___FILE_ONLY___ the
2022-11-02 09:00:14,294 INFO     ___FILE_ONLY___  
2022-11-02 09:00:14,294 INFO     ___FILE_ONLY___ Java
2022-11-02 09:00:14,294 INFO     ___FILE_ONLY___  
2022-11-02 09:00:14,294 INFO     ___FILE_ONLY___ SDK
2022-11-02 09:00:14,295 INFO     ___FILE_ONLY___  
2022-11-02 09:00:14,295 INFO     ___FILE_ONLY___ to
2022-11-02 09:00:14,295 INFO     ___FILE_ONLY___  
2022-11-02 09:00:14,295 INFO     ___FILE_ONLY___ version
2022-11-02 09:00:14,295 INFO     ___FILE_ONLY___  
2022-11-02 09:00:14,295 INFO     ___FILE_ONLY___ 2.0.8
2022-11-02 09:00:14,295 INFO     ___FILE_ONLY___  
2022-11-02 09:00:14,295 INFO     ___FILE_ONLY___ build
2022-11-02 09:00:14,296 INFO     ___FILE_ONLY___  
2022-11-02 09:00:14,296 INFO     ___FILE_ONLY___ from
2022-11-02 09:00:14,296 INFO     ___FILE_ONLY___  
2022-11-02 09:00:14,296 INFO     ___FILE_ONLY___ the
2022-11-02 09:00:14,296 INFO     ___FILE_ONLY___  
2022-11-02 09:00:14,296 INFO     ___FILE_ONLY___ open
2022-11-02 09:00:14,296 INFO     ___FILE_ONLY___  
2022-11-02 09:00:14,297 INFO     ___FILE_ONLY___ source
2022-11-02 09:00:14,297 INFO     ___FILE_ONLY___ 

2022-11-02 09:00:14,297 INFO     ___FILE_ONLY___         
2022-11-02 09:00:14,297 INFO     ___FILE_ONLY___ project
2022-11-02 09:00:14,297 INFO     ___FILE_ONLY___ 

2022-11-02 09:00:14,297 INFO     ___FILE_ONLY___         
2022-11-02 09:00:14,297 INFO     ___FILE_ONLY___ <https://github.com/GoogleCloudPlatform/appengine-java-standard>.
2022-11-02 09:00:14,297 INFO     ___FILE_ONLY___ 

2022-11-02 09:00:14,298 INFO     ___FILE_ONLY___       ▪
2022-11-02 09:00:14,298 INFO     ___FILE_ONLY___  
2022-11-02 09:00:14,298 INFO     ___FILE_ONLY___ Updated
2022-11-02 09:00:14,298 INFO     ___FILE_ONLY___  
2022-11-02 09:00:14,298 INFO     ___FILE_ONLY___ [1mgcloud
2022-11-02 09:00:14,298 INFO     ___FILE_ONLY___  
2022-11-02 09:00:14,299 INFO     ___FILE_ONLY___ app
2022-11-02 09:00:14,299 INFO     ___FILE_ONLY___  
2022-11-02 09:00:14,299 INFO     ___FILE_ONLY___ instances
2022-11-02 09:00:14,299 INFO     ___FILE_ONLY___  
2022-11-02 09:00:14,299 INFO     ___FILE_ONLY___ ssh[m
2022-11-02 09:00:14,299 INFO     ___FILE_ONLY___  
2022-11-02 09:00:14,299 INFO     ___FILE_ONLY___ to
2022-11-02 09:00:14,300 INFO     ___FILE_ONLY___  
2022-11-02 09:00:14,300 INFO     ___FILE_ONLY___ explicitly
2022-11-02 09:00:14,300 INFO     ___FILE_ONLY___  
2022-11-02 09:00:14,300 INFO     ___FILE_ONLY___ error
2022-11-02 09:00:14,300 INFO     ___FILE_ONLY___  
2022-11-02 09:00:14,300 INFO     ___FILE_ONLY___ when
2022-11-02 09:00:14,300 INFO     ___FILE_ONLY___  
2022-11-02 09:00:14,301 INFO     ___FILE_ONLY___ attempting
2022-11-02 09:00:14,301 INFO     ___FILE_ONLY___ 

2022-11-02 09:00:14,301 INFO     ___FILE_ONLY___         
2022-11-02 09:00:14,301 INFO     ___FILE_ONLY___ to
2022-11-02 09:00:14,301 INFO     ___FILE_ONLY___  
2022-11-02 09:00:14,301 INFO     ___FILE_ONLY___ SSH
2022-11-02 09:00:14,301 INFO     ___FILE_ONLY___  
2022-11-02 09:00:14,302 INFO     ___FILE_ONLY___ to
2022-11-02 09:00:14,302 INFO     ___FILE_ONLY___  
2022-11-02 09:00:14,302 INFO     ___FILE_ONLY___ an
2022-11-02 09:00:14,302 INFO     ___FILE_ONLY___  
2022-11-02 09:00:14,302 INFO     ___FILE_ONLY___ instance
2022-11-02 09:00:14,302 INFO     ___FILE_ONLY___  
2022-11-02 09:00:14,302 INFO     ___FILE_ONLY___ without
2022-11-02 09:00:14,302 INFO     ___FILE_ONLY___  
2022-11-02 09:00:14,303 INFO     ___FILE_ONLY___ an
2022-11-02 09:00:14,308 INFO     ___FILE_ONLY___  
2022-11-02 09:00:14,308 INFO     ___FILE_ONLY___ external
2022-11-02 09:00:14,308 INFO     ___FILE_ONLY___  
2022-11-02 09:00:14,308 INFO     ___FILE_ONLY___ IP.
2022-11-02 09:00:14,308 INFO     ___FILE_ONLY___ 

2022-11-02 09:00:14,309 INFO     ___FILE_ONLY___ 

2022-11-02 09:00:14,310 INFO     ___FILE_ONLY___ [m
2022-11-02 09:00:14,310 INFO     ___FILE_ONLY___   
2022-11-02 09:00:14,311 INFO     ___FILE_ONLY___ [1mAssured Workloads[m

2022-11-02 09:00:14,311 INFO     ___FILE_ONLY___       ▪
2022-11-02 09:00:14,311 INFO     ___FILE_ONLY___  
2022-11-02 09:00:14,311 INFO     ___FILE_ONLY___ Promoted
2022-11-02 09:00:14,311 INFO     ___FILE_ONLY___  
2022-11-02 09:00:14,311 INFO     ___FILE_ONLY___ [1mgcloud
2022-11-02 09:00:14,312 INFO     ___FILE_ONLY___  
2022-11-02 09:00:14,312 INFO     ___FILE_ONLY___ assured
2022-11-02 09:00:14,312 INFO     ___FILE_ONLY___  
2022-11-02 09:00:14,312 INFO     ___FILE_ONLY___ workloads
2022-11-02 09:00:14,312 INFO     ___FILE_ONLY___  
2022-11-02 09:00:14,312 INFO     ___FILE_ONLY___ violations[m
2022-11-02 09:00:14,312 INFO     ___FILE_ONLY___  
2022-11-02 09:00:14,312 INFO     ___FILE_ONLY___ commands
2022-11-02 09:00:14,313 INFO     ___FILE_ONLY___  
2022-11-02 09:00:14,313 INFO     ___FILE_ONLY___ to
2022-11-02 09:00:14,313 INFO     ___FILE_ONLY___  
2022-11-02 09:00:14,313 INFO     ___FILE_ONLY___ GA.
2022-11-02 09:00:14,313 INFO     ___FILE_ONLY___  
2022-11-02 09:00:14,313 INFO     ___FILE_ONLY___ This
2022-11-02 09:00:14,313 INFO     ___FILE_ONLY___ 

2022-11-02 09:00:14,313 INFO     ___FILE_ONLY___         
2022-11-02 09:00:14,314 INFO     ___FILE_ONLY___ command
2022-11-02 09:00:14,314 INFO     ___FILE_ONLY___  
2022-11-02 09:00:14,314 INFO     ___FILE_ONLY___ provides
2022-11-02 09:00:14,314 INFO     ___FILE_ONLY___  
2022-11-02 09:00:14,314 INFO     ___FILE_ONLY___ the
2022-11-02 09:00:14,314 INFO     ___FILE_ONLY___  
2022-11-02 09:00:14,314 INFO     ___FILE_ONLY___ ability
2022-11-02 09:00:14,314 INFO     ___FILE_ONLY___  
2022-11-02 09:00:14,315 INFO     ___FILE_ONLY___ to
2022-11-02 09:00:14,315 INFO     ___FILE_ONLY___  
2022-11-02 09:00:14,315 INFO     ___FILE_ONLY___ create
2022-11-02 09:00:14,315 INFO     ___FILE_ONLY___  
2022-11-02 09:00:14,315 INFO     ___FILE_ONLY___ new
2022-11-02 09:00:14,315 INFO     ___FILE_ONLY___  
2022-11-02 09:00:14,315 INFO     ___FILE_ONLY___ Assured
2022-11-02 09:00:14,315 INFO     ___FILE_ONLY___  
2022-11-02 09:00:14,316 INFO     ___FILE_ONLY___ Workloads
2022-11-02 09:00:14,316 INFO     ___FILE_ONLY___ 

2022-11-02 09:00:14,316 INFO     ___FILE_ONLY___         
2022-11-02 09:00:14,316 INFO     ___FILE_ONLY___ environment
2022-11-02 09:00:14,317 INFO     ___FILE_ONLY___  
2022-11-02 09:00:14,317 INFO     ___FILE_ONLY___ resources.
2022-11-02 09:00:14,317 INFO     ___FILE_ONLY___ 

2022-11-02 09:00:14,317 INFO     ___FILE_ONLY___ 

2022-11-02 09:00:14,317 INFO     ___FILE_ONLY___ [m
2022-11-02 09:00:14,317 INFO     ___FILE_ONLY___   
2022-11-02 09:00:14,317 INFO     ___FILE_ONLY___ [1mBatch[m

2022-11-02 09:00:14,318 INFO     ___FILE_ONLY___       ▪
2022-11-02 09:00:14,318 INFO     ___FILE_ONLY___  
2022-11-02 09:00:14,318 INFO     ___FILE_ONLY___ Improved
2022-11-02 09:00:14,318 INFO     ___FILE_ONLY___  
2022-11-02 09:00:14,318 INFO     ___FILE_ONLY___ error
2022-11-02 09:00:14,318 INFO     ___FILE_ONLY___  
2022-11-02 09:00:14,319 INFO     ___FILE_ONLY___ message
2022-11-02 09:00:14,319 INFO     ___FILE_ONLY___  
2022-11-02 09:00:14,319 INFO     ___FILE_ONLY___ formats
2022-11-02 09:00:14,319 INFO     ___FILE_ONLY___  
2022-11-02 09:00:14,319 INFO     ___FILE_ONLY___ for
2022-11-02 09:00:14,319 INFO     ___FILE_ONLY___  
2022-11-02 09:00:14,319 INFO     ___FILE_ONLY___ [1mgcloud
2022-11-02 09:00:14,320 INFO     ___FILE_ONLY___  
2022-11-02 09:00:14,320 INFO     ___FILE_ONLY___ batch
2022-11-02 09:00:14,320 INFO     ___FILE_ONLY___  
2022-11-02 09:00:14,320 INFO     ___FILE_ONLY___ jobs
2022-11-02 09:00:14,320 INFO     ___FILE_ONLY___  
2022-11-02 09:00:14,320 INFO     ___FILE_ONLY___ submit[m
2022-11-02 09:00:14,321 INFO     ___FILE_ONLY___ 

2022-11-02 09:00:14,321 INFO     ___FILE_ONLY___         
2022-11-02 09:00:14,321 INFO     ___FILE_ONLY___ unparsable
2022-11-02 09:00:14,322 INFO     ___FILE_ONLY___  
2022-11-02 09:00:14,322 INFO     ___FILE_ONLY___ json
2022-11-02 09:00:14,322 INFO     ___FILE_ONLY___  
2022-11-02 09:00:14,322 INFO     ___FILE_ONLY___ config
2022-11-02 09:00:14,322 INFO     ___FILE_ONLY___  
2022-11-02 09:00:14,322 INFO     ___FILE_ONLY___ file,
2022-11-02 09:00:14,322 INFO     ___FILE_ONLY___  
2022-11-02 09:00:14,322 INFO     ___FILE_ONLY___ [1mgcloud
2022-11-02 09:00:14,323 INFO     ___FILE_ONLY___  
2022-11-02 09:00:14,323 INFO     ___FILE_ONLY___ batch
2022-11-02 09:00:14,323 INFO     ___FILE_ONLY___  
2022-11-02 09:00:14,323 INFO     ___FILE_ONLY___ jobs
2022-11-02 09:00:14,323 INFO     ___FILE_ONLY___  
2022-11-02 09:00:14,323 INFO     ___FILE_ONLY___ describe[m
2022-11-02 09:00:14,323 INFO     ___FILE_ONLY___  
2022-11-02 09:00:14,323 INFO     ___FILE_ONLY___ job
2022-11-02 09:00:14,323 INFO     ___FILE_ONLY___  
2022-11-02 09:00:14,323 INFO     ___FILE_ONLY___ and
2022-11-02 09:00:14,324 INFO     ___FILE_ONLY___  
2022-11-02 09:00:14,327 INFO     ___FILE_ONLY___ [1mgcloud
2022-11-02 09:00:14,329 INFO     ___FILE_ONLY___ 

2022-11-02 09:00:14,329 INFO     ___FILE_ONLY___         
2022-11-02 09:00:14,329 INFO     ___FILE_ONLY___ batch
2022-11-02 09:00:14,330 INFO     ___FILE_ONLY___  
2022-11-02 09:00:14,330 INFO     ___FILE_ONLY___ tasks
2022-11-02 09:00:14,330 INFO     ___FILE_ONLY___  
2022-11-02 09:00:14,330 INFO     ___FILE_ONLY___ describe[m
2022-11-02 09:00:14,330 INFO     ___FILE_ONLY___  
2022-11-02 09:00:14,330 INFO     ___FILE_ONLY___ task
2022-11-02 09:00:14,330 INFO     ___FILE_ONLY___  
2022-11-02 09:00:14,330 INFO     ___FILE_ONLY___ that
2022-11-02 09:00:14,331 INFO     ___FILE_ONLY___  
2022-11-02 09:00:14,331 INFO     ___FILE_ONLY___ does
2022-11-02 09:00:14,331 INFO     ___FILE_ONLY___  
2022-11-02 09:00:14,332 INFO     ___FILE_ONLY___ not
2022-11-02 09:00:14,332 INFO     ___FILE_ONLY___  
2022-11-02 09:00:14,332 INFO     ___FILE_ONLY___ exist.
2022-11-02 09:00:14,333 INFO     ___FILE_ONLY___ 

2022-11-02 09:00:14,333 INFO     ___FILE_ONLY___       ▪
2022-11-02 09:00:14,334 INFO     ___FILE_ONLY___  
2022-11-02 09:00:14,334 INFO     ___FILE_ONLY___ Added
2022-11-02 09:00:14,334 INFO     ___FILE_ONLY___  
2022-11-02 09:00:14,334 INFO     ___FILE_ONLY___ new
2022-11-02 09:00:14,334 INFO     ___FILE_ONLY___  
2022-11-02 09:00:14,334 INFO     ___FILE_ONLY___ [1mbatch/location[m
2022-11-02 09:00:14,334 INFO     ___FILE_ONLY___  
2022-11-02 09:00:14,334 INFO     ___FILE_ONLY___ property
2022-11-02 09:00:14,335 INFO     ___FILE_ONLY___  
2022-11-02 09:00:14,335 INFO     ___FILE_ONLY___ that
2022-11-02 09:00:14,335 INFO     ___FILE_ONLY___  
2022-11-02 09:00:14,335 INFO     ___FILE_ONLY___ can
2022-11-02 09:00:14,335 INFO     ___FILE_ONLY___  
2022-11-02 09:00:14,335 INFO     ___FILE_ONLY___ be
2022-11-02 09:00:14,336 INFO     ___FILE_ONLY___  
2022-11-02 09:00:14,336 INFO     ___FILE_ONLY___ used
2022-11-02 09:00:14,336 INFO     ___FILE_ONLY___  
2022-11-02 09:00:14,336 INFO     ___FILE_ONLY___ to
2022-11-02 09:00:14,336 INFO     ___FILE_ONLY___  
2022-11-02 09:00:14,336 INFO     ___FILE_ONLY___ set
2022-11-02 09:00:14,336 INFO     ___FILE_ONLY___  
2022-11-02 09:00:14,337 INFO     ___FILE_ONLY___ a
2022-11-02 09:00:14,337 INFO     ___FILE_ONLY___  
2022-11-02 09:00:14,337 INFO     ___FILE_ONLY___ default
2022-11-02 09:00:14,337 INFO     ___FILE_ONLY___ 

2022-11-02 09:00:14,337 INFO     ___FILE_ONLY___         
2022-11-02 09:00:14,337 INFO     ___FILE_ONLY___ location.
2022-11-02 09:00:14,337 INFO     ___FILE_ONLY___  
2022-11-02 09:00:14,337 INFO     ___FILE_ONLY___ To
2022-11-02 09:00:14,337 INFO     ___FILE_ONLY___  
2022-11-02 09:00:14,338 INFO     ___FILE_ONLY___ set
2022-11-02 09:00:14,338 INFO     ___FILE_ONLY___  
2022-11-02 09:00:14,338 INFO     ___FILE_ONLY___ the
2022-11-02 09:00:14,338 INFO     ___FILE_ONLY___  
2022-11-02 09:00:14,338 INFO     ___FILE_ONLY___ properties,
2022-11-02 09:00:14,338 INFO     ___FILE_ONLY___  
2022-11-02 09:00:14,338 INFO     ___FILE_ONLY___ run
2022-11-02 09:00:14,338 INFO     ___FILE_ONLY___  
2022-11-02 09:00:14,338 INFO     ___FILE_ONLY___ [1mgcloud
2022-11-02 09:00:14,339 INFO     ___FILE_ONLY___  
2022-11-02 09:00:14,339 INFO     ___FILE_ONLY___ config
2022-11-02 09:00:14,339 INFO     ___FILE_ONLY___  
2022-11-02 09:00:14,339 INFO     ___FILE_ONLY___ set
2022-11-02 09:00:14,339 INFO     ___FILE_ONLY___  
2022-11-02 09:00:14,339 INFO     ___FILE_ONLY___ batch/location
2022-11-02 09:00:14,339 INFO     ___FILE_ONLY___ 

2022-11-02 09:00:14,339 INFO     ___FILE_ONLY___         
2022-11-02 09:00:14,339 INFO     ___FILE_ONLY___ LOCATION[m.
2022-11-02 09:00:14,340 INFO     ___FILE_ONLY___ 

2022-11-02 09:00:14,340 INFO     ___FILE_ONLY___ 

2022-11-02 09:00:14,340 INFO     ___FILE_ONLY___ [m
2022-11-02 09:00:14,340 INFO     ___FILE_ONLY___   
2022-11-02 09:00:14,340 INFO     ___FILE_ONLY___ [1mBigQuery[m

2022-11-02 09:00:14,340 INFO     ___FILE_ONLY___       ▪
2022-11-02 09:00:14,340 INFO     ___FILE_ONLY___  
2022-11-02 09:00:14,341 INFO     ___FILE_ONLY___ Add
2022-11-02 09:00:14,341 INFO     ___FILE_ONLY___  
2022-11-02 09:00:14,341 INFO     ___FILE_ONLY___ support
2022-11-02 09:00:14,341 INFO     ___FILE_ONLY___  
2022-11-02 09:00:14,341 INFO     ___FILE_ONLY___ for
2022-11-02 09:00:14,341 INFO     ___FILE_ONLY___  
2022-11-02 09:00:14,341 INFO     ___FILE_ONLY___ storage_billing_model
2022-11-02 09:00:14,342 INFO     ___FILE_ONLY___  
2022-11-02 09:00:14,342 INFO     ___FILE_ONLY___ flag
2022-11-02 09:00:14,342 INFO     ___FILE_ONLY___  
2022-11-02 09:00:14,342 INFO     ___FILE_ONLY___ for
2022-11-02 09:00:14,342 INFO     ___FILE_ONLY___  
2022-11-02 09:00:14,342 INFO     ___FILE_ONLY___ datasets.
2022-11-02 09:00:14,342 INFO     ___FILE_ONLY___ 

2022-11-02 09:00:14,342 INFO     ___FILE_ONLY___       ▪
2022-11-02 09:00:14,343 INFO     ___FILE_ONLY___  
2022-11-02 09:00:14,343 INFO     ___FILE_ONLY___ Allow
2022-11-02 09:00:14,343 INFO     ___FILE_ONLY___  
2022-11-02 09:00:14,343 INFO     ___FILE_ONLY___ users
2022-11-02 09:00:14,359 INFO     ___FILE_ONLY___  
2022-11-02 09:00:14,359 INFO     ___FILE_ONLY___ to
2022-11-02 09:00:14,359 INFO     ___FILE_ONLY___  
2022-11-02 09:00:14,359 INFO     ___FILE_ONLY___ log
2022-11-02 09:00:14,360 INFO     ___FILE_ONLY___  
2022-11-02 09:00:14,360 INFO     ___FILE_ONLY___ in
2022-11-02 09:00:14,360 INFO     ___FILE_ONLY___  
2022-11-02 09:00:14,360 INFO     ___FILE_ONLY___ with
2022-11-02 09:00:14,360 INFO     ___FILE_ONLY___  
2022-11-02 09:00:14,360 INFO     ___FILE_ONLY___ pluggable-auth
2022-11-02 09:00:14,361 INFO     ___FILE_ONLY___  
2022-11-02 09:00:14,361 INFO     ___FILE_ONLY___ based
2022-11-02 09:00:14,361 INFO     ___FILE_ONLY___  
2022-11-02 09:00:14,361 INFO     ___FILE_ONLY___ external
2022-11-02 09:00:14,361 INFO     ___FILE_ONLY___  
2022-11-02 09:00:14,361 INFO     ___FILE_ONLY___ account
2022-11-02 09:00:14,361 INFO     ___FILE_ONLY___ 

2022-11-02 09:00:14,361 INFO     ___FILE_ONLY___         
2022-11-02 09:00:14,362 INFO     ___FILE_ONLY___ credentials.
2022-11-02 09:00:14,362 INFO     ___FILE_ONLY___ 

2022-11-02 09:00:14,362 INFO     ___FILE_ONLY___       ▪
2022-11-02 09:00:14,362 INFO     ___FILE_ONLY___  
2022-11-02 09:00:14,362 INFO     ___FILE_ONLY___ Add
2022-11-02 09:00:14,362 INFO     ___FILE_ONLY___  
2022-11-02 09:00:14,363 INFO     ___FILE_ONLY___ support
2022-11-02 09:00:14,363 INFO     ___FILE_ONLY___  
2022-11-02 09:00:14,363 INFO     ___FILE_ONLY___ for
2022-11-02 09:00:14,363 INFO     ___FILE_ONLY___  
2022-11-02 09:00:14,363 INFO     ___FILE_ONLY___ configuring
2022-11-02 09:00:14,363 INFO     ___FILE_ONLY___  
2022-11-02 09:00:14,363 INFO     ___FILE_ONLY___ the
2022-11-02 09:00:14,363 INFO     ___FILE_ONLY___  
2022-11-02 09:00:14,364 INFO     ___FILE_ONLY___ access
2022-11-02 09:00:14,364 INFO     ___FILE_ONLY___  
2022-11-02 09:00:14,364 INFO     ___FILE_ONLY___ token
2022-11-02 09:00:14,364 INFO     ___FILE_ONLY___  
2022-11-02 09:00:14,364 INFO     ___FILE_ONLY___ lifetime
2022-11-02 09:00:14,364 INFO     ___FILE_ONLY___  
2022-11-02 09:00:14,364 INFO     ___FILE_ONLY___ for
2022-11-02 09:00:14,364 INFO     ___FILE_ONLY___  
2022-11-02 09:00:14,365 INFO     ___FILE_ONLY___ service
2022-11-02 09:00:14,365 INFO     ___FILE_ONLY___ 

2022-11-02 09:00:14,365 INFO     ___FILE_ONLY___         
2022-11-02 09:00:14,365 INFO     ___FILE_ONLY___ account
2022-11-02 09:00:14,365 INFO     ___FILE_ONLY___  
2022-11-02 09:00:14,365 INFO     ___FILE_ONLY___ impersonation
2022-11-02 09:00:14,365 INFO     ___FILE_ONLY___  
2022-11-02 09:00:14,366 INFO     ___FILE_ONLY___ when
2022-11-02 09:00:14,366 INFO     ___FILE_ONLY___  
2022-11-02 09:00:14,366 INFO     ___FILE_ONLY___ using
2022-11-02 09:00:14,366 INFO     ___FILE_ONLY___  
2022-11-02 09:00:14,366 INFO     ___FILE_ONLY___ external
2022-11-02 09:00:14,366 INFO     ___FILE_ONLY___  
2022-11-02 09:00:14,366 INFO     ___FILE_ONLY___ account
2022-11-02 09:00:14,371 INFO     ___FILE_ONLY___  
2022-11-02 09:00:14,371 INFO     ___FILE_ONLY___ credentials.
2022-11-02 09:00:14,371 INFO     ___FILE_ONLY___ 

2022-11-02 09:00:14,371 INFO     ___FILE_ONLY___       ▪
2022-11-02 09:00:14,372 INFO     ___FILE_ONLY___  
2022-11-02 09:00:14,372 INFO     ___FILE_ONLY___ Add
2022-11-02 09:00:14,372 INFO     ___FILE_ONLY___  
2022-11-02 09:00:14,372 INFO     ___FILE_ONLY___ session
2022-11-02 09:00:14,372 INFO     ___FILE_ONLY___  
2022-11-02 09:00:14,372 INFO     ___FILE_ONLY___ support
2022-11-02 09:00:14,373 INFO     ___FILE_ONLY___  
2022-11-02 09:00:14,374 INFO     ___FILE_ONLY___ for
2022-11-02 09:00:14,385 INFO     ___FILE_ONLY___  
2022-11-02 09:00:14,404 INFO     ___FILE_ONLY___ load
2022-11-02 09:00:14,405 INFO     ___FILE_ONLY___  
2022-11-02 09:00:14,405 INFO     ___FILE_ONLY___ jobs.
2022-11-02 09:00:14,405 INFO     ___FILE_ONLY___ 

2022-11-02 09:00:14,405 INFO     ___FILE_ONLY___ 

2022-11-02 09:00:14,406 INFO     ___FILE_ONLY___ [m
2022-11-02 09:00:14,406 INFO     ___FILE_ONLY___   
2022-11-02 09:00:14,406 INFO     ___FILE_ONLY___ [1mCloud Asset Inventory[m

2022-11-02 09:00:14,406 INFO     ___FILE_ONLY___       ▪
2022-11-02 09:00:14,406 INFO     ___FILE_ONLY___  
2022-11-02 09:00:14,406 INFO     ___FILE_ONLY___ Added
2022-11-02 09:00:14,407 INFO     ___FILE_ONLY___  
2022-11-02 09:00:14,407 INFO     ___FILE_ONLY___ [1m--saved-analysis-query[m
2022-11-02 09:00:14,407 INFO     ___FILE_ONLY___  
2022-11-02 09:00:14,407 INFO     ___FILE_ONLY___ option
2022-11-02 09:00:14,407 INFO     ___FILE_ONLY___  
2022-11-02 09:00:14,407 INFO     ___FILE_ONLY___ to
2022-11-02 09:00:14,407 INFO     ___FILE_ONLY___  
2022-11-02 09:00:14,407 INFO     ___FILE_ONLY___ [1mgcloud
2022-11-02 09:00:14,407 INFO     ___FILE_ONLY___  
2022-11-02 09:00:14,408 INFO     ___FILE_ONLY___ asset
2022-11-02 09:00:14,408 INFO     ___FILE_ONLY___ 

2022-11-02 09:00:14,408 INFO     ___FILE_ONLY___         
2022-11-02 09:00:14,408 INFO     ___FILE_ONLY___ analyze-iam-policy[m,
2022-11-02 09:00:14,408 INFO     ___FILE_ONLY___  
2022-11-02 09:00:14,408 INFO     ___FILE_ONLY___ which
2022-11-02 09:00:14,408 INFO     ___FILE_ONLY___  
2022-11-02 09:00:14,408 INFO     ___FILE_ONLY___ runs
2022-11-02 09:00:14,409 INFO     ___FILE_ONLY___  
2022-11-02 09:00:14,409 INFO     ___FILE_ONLY___ a
2022-11-02 09:00:14,409 INFO     ___FILE_ONLY___  
2022-11-02 09:00:14,409 INFO     ___FILE_ONLY___ saved
2022-11-02 09:00:14,409 INFO     ___FILE_ONLY___  
2022-11-02 09:00:14,409 INFO     ___FILE_ONLY___ analysis
2022-11-02 09:00:14,409 INFO     ___FILE_ONLY___  
2022-11-02 09:00:14,409 INFO     ___FILE_ONLY___ query
2022-11-02 09:00:14,409 INFO     ___FILE_ONLY___  
2022-11-02 09:00:14,410 INFO     ___FILE_ONLY___ when
2022-11-02 09:00:14,410 INFO     ___FILE_ONLY___  
2022-11-02 09:00:14,410 INFO     ___FILE_ONLY___ specified.
2022-11-02 09:00:14,410 INFO     ___FILE_ONLY___ 

2022-11-02 09:00:14,410 INFO     ___FILE_ONLY___       ▪
2022-11-02 09:00:14,410 INFO     ___FILE_ONLY___  
2022-11-02 09:00:14,410 INFO     ___FILE_ONLY___ Added
2022-11-02 09:00:14,411 INFO     ___FILE_ONLY___  
2022-11-02 09:00:14,411 INFO     ___FILE_ONLY___ [1mgcloud
2022-11-02 09:00:14,411 INFO     ___FILE_ONLY___  
2022-11-02 09:00:14,411 INFO     ___FILE_ONLY___ asset
2022-11-02 09:00:14,411 INFO     ___FILE_ONLY___  
2022-11-02 09:00:14,411 INFO     ___FILE_ONLY___ saved-queries[m
2022-11-02 09:00:14,411 INFO     ___FILE_ONLY___  
2022-11-02 09:00:14,411 INFO     ___FILE_ONLY___ commands,
2022-11-02 09:00:14,411 INFO     ___FILE_ONLY___  
2022-11-02 09:00:14,412 INFO     ___FILE_ONLY___ which
2022-11-02 09:00:14,412 INFO     ___FILE_ONLY___  
2022-11-02 09:00:14,412 INFO     ___FILE_ONLY___ creates,
2022-11-02 09:00:14,412 INFO     ___FILE_ONLY___  
2022-11-02 09:00:14,412 INFO     ___FILE_ONLY___ retrieves,
2022-11-02 09:00:14,412 INFO     ___FILE_ONLY___ 

2022-11-02 09:00:14,412 INFO     ___FILE_ONLY___         
2022-11-02 09:00:14,412 INFO     ___FILE_ONLY___ updates
2022-11-02 09:00:14,413 INFO     ___FILE_ONLY___  
2022-11-02 09:00:14,413 INFO     ___FILE_ONLY___ and
2022-11-02 09:00:14,413 INFO     ___FILE_ONLY___  
2022-11-02 09:00:14,413 INFO     ___FILE_ONLY___ deletes
2022-11-02 09:00:14,413 INFO     ___FILE_ONLY___  
2022-11-02 09:00:14,413 INFO     ___FILE_ONLY___ saved
2022-11-02 09:00:14,413 INFO     ___FILE_ONLY___  
2022-11-02 09:00:14,413 INFO     ___FILE_ONLY___ queries
2022-11-02 09:00:14,413 INFO     ___FILE_ONLY___  
2022-11-02 09:00:14,414 INFO     ___FILE_ONLY___ in
2022-11-02 09:00:14,414 INFO     ___FILE_ONLY___  
2022-11-02 09:00:14,414 INFO     ___FILE_ONLY___ a
2022-11-02 09:00:14,414 INFO     ___FILE_ONLY___  
2022-11-02 09:00:14,414 INFO     ___FILE_ONLY___ specified
2022-11-02 09:00:14,414 INFO     ___FILE_ONLY___  
2022-11-02 09:00:14,414 INFO     ___FILE_ONLY___ project,
2022-11-02 09:00:14,414 INFO     ___FILE_ONLY___  
2022-11-02 09:00:14,415 INFO     ___FILE_ONLY___ folder
2022-11-02 09:00:14,415 INFO     ___FILE_ONLY___  
2022-11-02 09:00:14,415 INFO     ___FILE_ONLY___ or
2022-11-02 09:00:14,415 INFO     ___FILE_ONLY___ 

2022-11-02 09:00:14,415 INFO     ___FILE_ONLY___         
2022-11-02 09:00:14,416 INFO     ___FILE_ONLY___ organization.
2022-11-02 09:00:14,416 INFO     ___FILE_ONLY___ 

2022-11-02 09:00:14,416 INFO     ___FILE_ONLY___ 

2022-11-02 09:00:14,416 INFO     ___FILE_ONLY___ [m
2022-11-02 09:00:14,417 INFO     ___FILE_ONLY___   
2022-11-02 09:00:14,417 INFO     ___FILE_ONLY___ [1mCloud Memorystore[m

2022-11-02 09:00:14,417 INFO     ___FILE_ONLY___       ▪
2022-11-02 09:00:14,417 INFO     ___FILE_ONLY___  
2022-11-02 09:00:14,417 INFO     ___FILE_ONLY___ Added
2022-11-02 09:00:14,418 INFO     ___FILE_ONLY___  
2022-11-02 09:00:14,418 INFO     ___FILE_ONLY___ [1m--maintenance-version[m
2022-11-02 09:00:14,418 INFO     ___FILE_ONLY___  
2022-11-02 09:00:14,418 INFO     ___FILE_ONLY___ flag
2022-11-02 09:00:14,418 INFO     ___FILE_ONLY___  
2022-11-02 09:00:14,418 INFO     ___FILE_ONLY___ to
2022-11-02 09:00:14,418 INFO     ___FILE_ONLY___  
2022-11-02 09:00:14,418 INFO     ___FILE_ONLY___ [1mgcloud
2022-11-02 09:00:14,418 INFO     ___FILE_ONLY___  
2022-11-02 09:00:14,418 INFO     ___FILE_ONLY___ beta
2022-11-02 09:00:14,419 INFO     ___FILE_ONLY___  
2022-11-02 09:00:14,419 INFO     ___FILE_ONLY___ redis
2022-11-02 09:00:14,419 INFO     ___FILE_ONLY___  
2022-11-02 09:00:14,419 INFO     ___FILE_ONLY___ instances
2022-11-02 09:00:14,419 INFO     ___FILE_ONLY___ 

2022-11-02 09:00:14,419 INFO     ___FILE_ONLY___         
2022-11-02 09:00:14,419 INFO     ___FILE_ONLY___ update[m
2022-11-02 09:00:14,419 INFO     ___FILE_ONLY___  
2022-11-02 09:00:14,419 INFO     ___FILE_ONLY___ to
2022-11-02 09:00:14,419 INFO     ___FILE_ONLY___  
2022-11-02 09:00:14,419 INFO     ___FILE_ONLY___ allow
2022-11-02 09:00:14,419 INFO     ___FILE_ONLY___  
2022-11-02 09:00:14,419 INFO     ___FILE_ONLY___ updating
2022-11-02 09:00:14,419 INFO     ___FILE_ONLY___  
2022-11-02 09:00:14,420 INFO     ___FILE_ONLY___ a
2022-11-02 09:00:14,420 INFO     ___FILE_ONLY___  
2022-11-02 09:00:14,420 INFO     ___FILE_ONLY___ maintenance
2022-11-02 09:00:14,421 INFO     ___FILE_ONLY___  
2022-11-02 09:00:14,421 INFO     ___FILE_ONLY___ version
2022-11-02 09:00:14,421 INFO     ___FILE_ONLY___  
2022-11-02 09:00:14,421 INFO     ___FILE_ONLY___ when
2022-11-02 09:00:14,421 INFO     ___FILE_ONLY___  
2022-11-02 09:00:14,421 INFO     ___FILE_ONLY___ updating
2022-11-02 09:00:14,421 INFO     ___FILE_ONLY___  
2022-11-02 09:00:14,421 INFO     ___FILE_ONLY___ an
2022-11-02 09:00:14,422 INFO     ___FILE_ONLY___ 

2022-11-02 09:00:14,422 INFO     ___FILE_ONLY___         
2022-11-02 09:00:14,422 INFO     ___FILE_ONLY___ instance.
2022-11-02 09:00:14,422 INFO     ___FILE_ONLY___ 

2022-11-02 09:00:14,422 INFO     ___FILE_ONLY___ 

2022-11-02 09:00:14,422 INFO     ___FILE_ONLY___ [m
2022-11-02 09:00:14,422 INFO     ___FILE_ONLY___   
2022-11-02 09:00:14,422 INFO     ___FILE_ONLY___ [1mCloud Storage[m

2022-11-02 09:00:14,423 INFO     ___FILE_ONLY___       ▪
2022-11-02 09:00:14,423 INFO     ___FILE_ONLY___  
2022-11-02 09:00:14,423 INFO     ___FILE_ONLY___ Added
2022-11-02 09:00:14,423 INFO     ___FILE_ONLY___  
2022-11-02 09:00:14,423 INFO     ___FILE_ONLY___ [1mstorage/key_store_path[m
2022-11-02 09:00:14,424 INFO     ___FILE_ONLY___  
2022-11-02 09:00:14,424 INFO     ___FILE_ONLY___ property
2022-11-02 09:00:14,424 INFO     ___FILE_ONLY___  
2022-11-02 09:00:14,424 INFO     ___FILE_ONLY___ for
2022-11-02 09:00:14,424 INFO     ___FILE_ONLY___  
2022-11-02 09:00:14,424 INFO     ___FILE_ONLY___ encryption/decryption
2022-11-02 09:00:14,425 INFO     ___FILE_ONLY___  
2022-11-02 09:00:14,425 INFO     ___FILE_ONLY___ keys.
2022-11-02 09:00:14,425 INFO     ___FILE_ONLY___ 

2022-11-02 09:00:14,425 INFO     ___FILE_ONLY___       ▪
2022-11-02 09:00:14,425 INFO     ___FILE_ONLY___  
2022-11-02 09:00:14,426 INFO     ___FILE_ONLY___ Updated
2022-11-02 09:00:14,426 INFO     ___FILE_ONLY___  
2022-11-02 09:00:14,426 INFO     ___FILE_ONLY___ gsutil
2022-11-02 09:00:14,426 INFO     ___FILE_ONLY___  
2022-11-02 09:00:14,426 INFO     ___FILE_ONLY___ component
2022-11-02 09:00:14,426 INFO     ___FILE_ONLY___  
2022-11-02 09:00:14,427 INFO     ___FILE_ONLY___ to
2022-11-02 09:00:14,427 INFO     ___FILE_ONLY___  
2022-11-02 09:00:14,427 INFO     ___FILE_ONLY___ 5.14.
2022-11-02 09:00:14,427 INFO     ___FILE_ONLY___ 

2022-11-02 09:00:14,427 INFO     ___FILE_ONLY___ 

2022-11-02 09:00:14,427 INFO     ___FILE_ONLY___ [m
2022-11-02 09:00:14,427 INFO     ___FILE_ONLY___   
2022-11-02 09:00:14,428 INFO     ___FILE_ONLY___ [1mCompute Engine[m

2022-11-02 09:00:14,428 INFO     ___FILE_ONLY___       ▪
2022-11-02 09:00:14,428 INFO     ___FILE_ONLY___  
2022-11-02 09:00:14,428 INFO     ___FILE_ONLY___ Promoted
2022-11-02 09:00:14,428 INFO     ___FILE_ONLY___  
2022-11-02 09:00:14,428 INFO     ___FILE_ONLY___ [1m--region[m
2022-11-02 09:00:14,429 INFO     ___FILE_ONLY___  
2022-11-02 09:00:14,429 INFO     ___FILE_ONLY___ for
2022-11-02 09:00:14,429 INFO     ___FILE_ONLY___  
2022-11-02 09:00:14,429 INFO     ___FILE_ONLY___ [1mgcloud
2022-11-02 09:00:14,429 INFO     ___FILE_ONLY___  
2022-11-02 09:00:14,429 INFO     ___FILE_ONLY___ compute
2022-11-02 09:00:14,429 INFO     ___FILE_ONLY___  
2022-11-02 09:00:14,429 INFO     ___FILE_ONLY___ ssl-policies[m
2022-11-02 09:00:14,430 INFO     ___FILE_ONLY___  
2022-11-02 09:00:14,430 INFO     ___FILE_ONLY___ to
2022-11-02 09:00:14,430 INFO     ___FILE_ONLY___  
2022-11-02 09:00:14,430 INFO     ___FILE_ONLY___ GA.
2022-11-02 09:00:14,445 INFO     ___FILE_ONLY___ 

2022-11-02 09:00:14,445 INFO     ___FILE_ONLY___ 

2022-11-02 09:00:14,446 INFO     ___FILE_ONLY___ [m
2022-11-02 09:00:14,446 INFO     ___FILE_ONLY___   
2022-11-02 09:00:14,446 INFO     ___FILE_ONLY___ [1mEventarc[m

2022-11-02 09:00:14,446 INFO     ___FILE_ONLY___       ▪
2022-11-02 09:00:14,446 INFO     ___FILE_ONLY___  
2022-11-02 09:00:14,446 INFO     ___FILE_ONLY___ Updated
2022-11-02 09:00:14,447 INFO     ___FILE_ONLY___  
2022-11-02 09:00:14,447 INFO     ___FILE_ONLY___ [1mgcloud
2022-11-02 09:00:14,447 INFO     ___FILE_ONLY___  
2022-11-02 09:00:14,447 INFO     ___FILE_ONLY___ eventarc
2022-11-02 09:00:14,447 INFO     ___FILE_ONLY___  
2022-11-02 09:00:14,447 INFO     ___FILE_ONLY___ triggers
2022-11-02 09:00:14,447 INFO     ___FILE_ONLY___  
2022-11-02 09:00:14,447 INFO     ___FILE_ONLY___ list[m
2022-11-02 09:00:14,448 INFO     ___FILE_ONLY___  
2022-11-02 09:00:14,448 INFO     ___FILE_ONLY___ to
2022-11-02 09:00:14,448 INFO     ___FILE_ONLY___  
2022-11-02 09:00:14,448 INFO     ___FILE_ONLY___ return
2022-11-02 09:00:14,448 INFO     ___FILE_ONLY___  
2022-11-02 09:00:14,448 INFO     ___FILE_ONLY___ the
2022-11-02 09:00:14,448 INFO     ___FILE_ONLY___  
2022-11-02 09:00:14,449 INFO     ___FILE_ONLY___ locations
2022-11-02 09:00:14,449 INFO     ___FILE_ONLY___  
2022-11-02 09:00:14,449 INFO     ___FILE_ONLY___ of
2022-11-02 09:00:14,449 INFO     ___FILE_ONLY___ 

2022-11-02 09:00:14,450 INFO     ___FILE_ONLY___         
2022-11-02 09:00:14,450 INFO     ___FILE_ONLY___ triggers.
2022-11-02 09:00:14,450 INFO     ___FILE_ONLY___ 

2022-11-02 09:00:14,450 INFO     ___FILE_ONLY___ 

2022-11-02 09:00:14,450 INFO     ___FILE_ONLY___ [m
2022-11-02 09:00:14,450 INFO     ___FILE_ONLY___   
2022-11-02 09:00:14,452 INFO     ___FILE_ONLY___ [1mIdentity and Access Management[m

2022-11-02 09:00:14,452 INFO     ___FILE_ONLY___       ▪
2022-11-02 09:00:14,452 INFO     ___FILE_ONLY___  
2022-11-02 09:00:14,452 INFO     ___FILE_ONLY___ Fixed
2022-11-02 09:00:14,452 INFO     ___FILE_ONLY___  
2022-11-02 09:00:14,453 INFO     ___FILE_ONLY___ bug
2022-11-02 09:00:14,453 INFO     ___FILE_ONLY___  
2022-11-02 09:00:14,453 INFO     ___FILE_ONLY___ that
2022-11-02 09:00:14,453 INFO     ___FILE_ONLY___  
2022-11-02 09:00:14,453 INFO     ___FILE_ONLY___ occurs
2022-11-02 09:00:14,453 INFO     ___FILE_ONLY___  
2022-11-02 09:00:14,453 INFO     ___FILE_ONLY___ when
2022-11-02 09:00:14,453 INFO     ___FILE_ONLY___  
2022-11-02 09:00:14,454 INFO     ___FILE_ONLY___ switching
2022-11-02 09:00:14,454 INFO     ___FILE_ONLY___  
2022-11-02 09:00:14,454 INFO     ___FILE_ONLY___ external
2022-11-02 09:00:14,458 INFO     ___FILE_ONLY___  
2022-11-02 09:00:14,458 INFO     ___FILE_ONLY___ account
2022-11-02 09:00:14,458 INFO     ___FILE_ONLY___  
2022-11-02 09:00:14,458 INFO     ___FILE_ONLY___ credentials.
2022-11-02 09:00:14,458 INFO     ___FILE_ONLY___ 

2022-11-02 09:00:14,459 INFO     ___FILE_ONLY___ 

2022-11-02 09:00:14,459 INFO     ___FILE_ONLY___ [m
2022-11-02 09:00:14,459 INFO     ___FILE_ONLY___   
2022-11-02 09:00:14,459 INFO     ___FILE_ONLY___ [1mKubernetes Engine[m

2022-11-02 09:00:14,460 INFO     ___FILE_ONLY___       ▪
2022-11-02 09:00:14,460 INFO     ___FILE_ONLY___  
2022-11-02 09:00:14,460 INFO     ___FILE_ONLY___ Adds
2022-11-02 09:00:14,460 INFO     ___FILE_ONLY___  
2022-11-02 09:00:14,460 INFO     ___FILE_ONLY___ new
2022-11-02 09:00:14,460 INFO     ___FILE_ONLY___  
2022-11-02 09:00:14,460 INFO     ___FILE_ONLY___ kubectl
2022-11-02 09:00:14,461 INFO     ___FILE_ONLY___  
2022-11-02 09:00:14,461 INFO     ___FILE_ONLY___ v1.25
2022-11-02 09:00:14,461 INFO     ___FILE_ONLY___  
2022-11-02 09:00:14,461 INFO     ___FILE_ONLY___ for
2022-11-02 09:00:14,461 INFO     ___FILE_ONLY___  
2022-11-02 09:00:14,462 INFO     ___FILE_ONLY___ GKE
2022-11-02 09:00:14,462 INFO     ___FILE_ONLY___  
2022-11-02 09:00:14,462 INFO     ___FILE_ONLY___ rapid
2022-11-02 09:00:14,462 INFO     ___FILE_ONLY___  
2022-11-02 09:00:14,462 INFO     ___FILE_ONLY___ channel.
2022-11-02 09:00:14,463 INFO     ___FILE_ONLY___ 

2022-11-02 09:00:14,463 INFO     ___FILE_ONLY___       ▪
2022-11-02 09:00:14,463 INFO     ___FILE_ONLY___  
2022-11-02 09:00:14,465 INFO     ___FILE_ONLY___ Removes
2022-11-02 09:00:14,466 INFO     ___FILE_ONLY___  
2022-11-02 09:00:14,466 INFO     ___FILE_ONLY___ old
2022-11-02 09:00:14,467 INFO     ___FILE_ONLY___  
2022-11-02 09:00:14,467 INFO     ___FILE_ONLY___ kubectl
2022-11-02 09:00:14,467 INFO     ___FILE_ONLY___  
2022-11-02 09:00:14,467 INFO     ___FILE_ONLY___ v1.19.
2022-11-02 09:00:14,467 INFO     ___FILE_ONLY___ 

2022-11-02 09:00:14,467 INFO     ___FILE_ONLY___       ▪
2022-11-02 09:00:14,468 INFO     ___FILE_ONLY___  
2022-11-02 09:00:14,468 INFO     ___FILE_ONLY___ Updates
2022-11-02 09:00:14,468 INFO     ___FILE_ONLY___  
2022-11-02 09:00:14,468 INFO     ___FILE_ONLY___ default
2022-11-02 09:00:14,468 INFO     ___FILE_ONLY___  
2022-11-02 09:00:14,469 INFO     ___FILE_ONLY___ kubectl
2022-11-02 09:00:14,469 INFO     ___FILE_ONLY___  
2022-11-02 09:00:14,469 INFO     ___FILE_ONLY___ from
2022-11-02 09:00:14,469 INFO     ___FILE_ONLY___  
2022-11-02 09:00:14,470 INFO     ___FILE_ONLY___ 1.22.12
2022-11-02 09:00:14,470 INFO     ___FILE_ONLY___  
2022-11-02 09:00:14,470 INFO     ___FILE_ONLY___ to
2022-11-02 09:00:14,470 INFO     ___FILE_ONLY___  
2022-11-02 09:00:14,470 INFO     ___FILE_ONLY___ 1.22.14.
2022-11-02 09:00:14,470 INFO     ___FILE_ONLY___ 

2022-11-02 09:00:14,471 INFO     ___FILE_ONLY___       ▪
2022-11-02 09:00:14,471 INFO     ___FILE_ONLY___  
2022-11-02 09:00:14,471 INFO     ___FILE_ONLY___ Additional
2022-11-02 09:00:14,471 INFO     ___FILE_ONLY___  
2022-11-02 09:00:14,471 INFO     ___FILE_ONLY___ kubectl
2022-11-02 09:00:14,471 INFO     ___FILE_ONLY___  
2022-11-02 09:00:14,471 INFO     ___FILE_ONLY___ versions:
2022-11-02 09:00:14,472 INFO     ___FILE_ONLY___ 

2022-11-02 09:00:14,472 INFO     ___FILE_ONLY___         ◆
2022-11-02 09:00:14,472 INFO     ___FILE_ONLY___  
2022-11-02 09:00:14,472 INFO     ___FILE_ONLY___ kubectl.1.20
2022-11-02 09:00:14,472 INFO     ___FILE_ONLY___  
2022-11-02 09:00:14,472 INFO     ___FILE_ONLY___ (1.20.15)
2022-11-02 09:00:14,472 INFO     ___FILE_ONLY___ 

2022-11-02 09:00:14,473 INFO     ___FILE_ONLY___         ◆
2022-11-02 09:00:14,473 INFO     ___FILE_ONLY___  
2022-11-02 09:00:14,473 INFO     ___FILE_ONLY___ kubectl.1.21
2022-11-02 09:00:14,473 INFO     ___FILE_ONLY___  
2022-11-02 09:00:14,473 INFO     ___FILE_ONLY___ (1.21.14)
2022-11-02 09:00:14,473 INFO     ___FILE_ONLY___ 

2022-11-02 09:00:14,473 INFO     ___FILE_ONLY___         ◆
2022-11-02 09:00:14,474 INFO     ___FILE_ONLY___  
2022-11-02 09:00:14,474 INFO     ___FILE_ONLY___ kubectl.1.22
2022-11-02 09:00:14,474 INFO     ___FILE_ONLY___  
2022-11-02 09:00:14,474 INFO     ___FILE_ONLY___ (1.22.14)
2022-11-02 09:00:14,474 INFO     ___FILE_ONLY___ 

2022-11-02 09:00:14,475 INFO     ___FILE_ONLY___         ◆
2022-11-02 09:00:14,475 INFO     ___FILE_ONLY___  
2022-11-02 09:00:14,475 INFO     ___FILE_ONLY___ kubectl.1.23
2022-11-02 09:00:14,475 INFO     ___FILE_ONLY___  
2022-11-02 09:00:14,475 INFO     ___FILE_ONLY___ (1.23.11)
2022-11-02 09:00:14,475 INFO     ___FILE_ONLY___ 

2022-11-02 09:00:14,476 INFO     ___FILE_ONLY___         ◆
2022-11-02 09:00:14,477 INFO     ___FILE_ONLY___  
2022-11-02 09:00:14,477 INFO     ___FILE_ONLY___ kubectl.1.24
2022-11-02 09:00:14,477 INFO     ___FILE_ONLY___  
2022-11-02 09:00:14,478 INFO     ___FILE_ONLY___ (1.24.5)
2022-11-02 09:00:14,478 INFO     ___FILE_ONLY___ 

2022-11-02 09:00:14,478 INFO     ___FILE_ONLY___         ◆
2022-11-02 09:00:14,478 INFO     ___FILE_ONLY___  
2022-11-02 09:00:14,478 INFO     ___FILE_ONLY___ kubectl.1.25
2022-11-02 09:00:14,478 INFO     ___FILE_ONLY___  
2022-11-02 09:00:14,478 INFO     ___FILE_ONLY___ (1.25.1)
2022-11-02 09:00:14,479 INFO     ___FILE_ONLY___ 

2022-11-02 09:00:14,479 INFO     ___FILE_ONLY___ 

2022-11-02 09:00:14,479 INFO     ___FILE_ONLY___ [m
2022-11-02 09:00:14,479 INFO     ___FILE_ONLY___   
2022-11-02 09:00:14,479 INFO     ___FILE_ONLY___ [1mManaged Active Directory[m

2022-11-02 09:00:14,479 INFO     ___FILE_ONLY___       ▪
2022-11-02 09:00:14,480 INFO     ___FILE_ONLY___  
2022-11-02 09:00:14,486 INFO     ___FILE_ONLY___ Added
2022-11-02 09:00:14,486 INFO     ___FILE_ONLY___  
2022-11-02 09:00:14,486 INFO     ___FILE_ONLY___ support
2022-11-02 09:00:14,487 INFO     ___FILE_ONLY___  
2022-11-02 09:00:14,487 INFO     ___FILE_ONLY___ for
2022-11-02 09:00:14,487 INFO     ___FILE_ONLY___  
2022-11-02 09:00:14,487 INFO     ___FILE_ONLY___ [1mgcloud
2022-11-02 09:00:14,487 INFO     ___FILE_ONLY___  
2022-11-02 09:00:14,488 INFO     ___FILE_ONLY___ beta
2022-11-02 09:00:14,488 INFO     ___FILE_ONLY___  
2022-11-02 09:00:14,488 INFO     ___FILE_ONLY___ active-directory
2022-11-02 09:00:14,488 INFO     ___FILE_ONLY___  
2022-11-02 09:00:14,488 INFO     ___FILE_ONLY___ domains
2022-11-02 09:00:14,488 INFO     ___FILE_ONLY___  
2022-11-02 09:00:14,489 INFO     ___FILE_ONLY___ migration[m
2022-11-02 09:00:14,489 INFO     ___FILE_ONLY___  
2022-11-02 09:00:14,489 INFO     ___FILE_ONLY___ for
2022-11-02 09:00:14,489 INFO     ___FILE_ONLY___ 

2022-11-02 09:00:14,489 INFO     ___FILE_ONLY___         
2022-11-02 09:00:14,489 INFO     ___FILE_ONLY___ enabling
2022-11-02 09:00:14,489 INFO     ___FILE_ONLY___  
2022-11-02 09:00:14,489 INFO     ___FILE_ONLY___ existing
2022-11-02 09:00:14,490 INFO     ___FILE_ONLY___  
2022-11-02 09:00:14,490 INFO     ___FILE_ONLY___ domain
2022-11-02 09:00:14,490 INFO     ___FILE_ONLY___  
2022-11-02 09:00:14,490 INFO     ___FILE_ONLY___ migration.
2022-11-02 09:00:14,491 INFO     ___FILE_ONLY___ 

2022-11-02 09:00:14,491 INFO     ___FILE_ONLY___ 

2022-11-02 09:00:14,491 INFO     ___FILE_ONLY___ [m
2022-11-02 09:00:14,491 INFO     ___FILE_ONLY___   
2022-11-02 09:00:14,492 INFO     ___FILE_ONLY___ [1mPolicy Troubleshooter[m

2022-11-02 09:00:14,492 INFO     ___FILE_ONLY___       ▪
2022-11-02 09:00:14,492 INFO     ___FILE_ONLY___  
2022-11-02 09:00:14,493 INFO     ___FILE_ONLY___ Updated
2022-11-02 09:00:14,493 INFO     ___FILE_ONLY___  
2022-11-02 09:00:14,493 INFO     ___FILE_ONLY___ [1mgcloud
2022-11-02 09:00:14,493 INFO     ___FILE_ONLY___  
2022-11-02 09:00:14,493 INFO     ___FILE_ONLY___ policy-troubleshoot
2022-11-02 09:00:14,493 INFO     ___FILE_ONLY___  
2022-11-02 09:00:14,494 INFO     ___FILE_ONLY___ iam[m
2022-11-02 09:00:14,494 INFO     ___FILE_ONLY___  
2022-11-02 09:00:14,494 INFO     ___FILE_ONLY___ beta
2022-11-02 09:00:14,494 INFO     ___FILE_ONLY___  
2022-11-02 09:00:14,494 INFO     ___FILE_ONLY___ and
2022-11-02 09:00:14,494 INFO     ___FILE_ONLY___  
2022-11-02 09:00:14,494 INFO     ___FILE_ONLY___ GA
2022-11-02 09:00:14,495 INFO     ___FILE_ONLY___  
2022-11-02 09:00:14,495 INFO     ___FILE_ONLY___ Command
2022-11-02 09:00:14,495 INFO     ___FILE_ONLY___  
2022-11-02 09:00:14,495 INFO     ___FILE_ONLY___ to
2022-11-02 09:00:14,495 INFO     ___FILE_ONLY___  
2022-11-02 09:00:14,495 INFO     ___FILE_ONLY___ use
2022-11-02 09:00:14,495 INFO     ___FILE_ONLY___ 

2022-11-02 09:00:14,495 INFO     ___FILE_ONLY___         
2022-11-02 09:00:14,496 INFO     ___FILE_ONLY___ V2Alpha1
2022-11-02 09:00:14,496 INFO     ___FILE_ONLY___  
2022-11-02 09:00:14,496 INFO     ___FILE_ONLY___ API.
2022-11-02 09:00:14,496 INFO     ___FILE_ONLY___ 

2022-11-02 09:00:14,496 INFO     ___FILE_ONLY___ 

2022-11-02 09:00:14,497 INFO     ___FILE_ONLY___ [m
2022-11-02 09:00:14,497 INFO     ___FILE_ONLY___   
2022-11-02 09:00:14,497 INFO     ___FILE_ONLY___ [1mStackdriver Monitoring[m

2022-11-02 09:00:14,497 INFO     ___FILE_ONLY___       ▪
2022-11-02 09:00:14,497 INFO     ___FILE_ONLY___  
2022-11-02 09:00:14,498 INFO     ___FILE_ONLY___ Added
2022-11-02 09:00:14,498 INFO     ___FILE_ONLY___  
2022-11-02 09:00:14,498 INFO     ___FILE_ONLY___ [1m--validate-only[m
2022-11-02 09:00:14,498 INFO     ___FILE_ONLY___  
2022-11-02 09:00:14,498 INFO     ___FILE_ONLY___ flag
2022-11-02 09:00:14,499 INFO     ___FILE_ONLY___  
2022-11-02 09:00:14,499 INFO     ___FILE_ONLY___ to
2022-11-02 09:00:14,499 INFO     ___FILE_ONLY___  
2022-11-02 09:00:14,499 INFO     ___FILE_ONLY___ [1mgcloud
2022-11-02 09:00:14,499 INFO     ___FILE_ONLY___  
2022-11-02 09:00:14,499 INFO     ___FILE_ONLY___ monitoring
2022-11-02 09:00:14,499 INFO     ___FILE_ONLY___  
2022-11-02 09:00:14,500 INFO     ___FILE_ONLY___ dashboards
2022-11-02 09:00:14,500 INFO     ___FILE_ONLY___  
2022-11-02 09:00:14,500 INFO     ___FILE_ONLY___ create[m
2022-11-02 09:00:14,500 INFO     ___FILE_ONLY___  
2022-11-02 09:00:14,500 INFO     ___FILE_ONLY___ to
2022-11-02 09:00:14,500 INFO     ___FILE_ONLY___ 

2022-11-02 09:00:14,500 INFO     ___FILE_ONLY___         
2022-11-02 09:00:14,500 INFO     ___FILE_ONLY___ allow
2022-11-02 09:00:14,501 INFO     ___FILE_ONLY___  
2022-11-02 09:00:14,501 INFO     ___FILE_ONLY___ validating
2022-11-02 09:00:14,501 INFO     ___FILE_ONLY___  
2022-11-02 09:00:14,501 INFO     ___FILE_ONLY___ dashboards
2022-11-02 09:00:14,501 INFO     ___FILE_ONLY___  
2022-11-02 09:00:14,501 INFO     ___FILE_ONLY___ without
2022-11-02 09:00:14,501 INFO     ___FILE_ONLY___  
2022-11-02 09:00:14,502 INFO     ___FILE_ONLY___ saving.
2022-11-02 09:00:14,502 INFO     ___FILE_ONLY___ 

2022-11-02 09:00:14,502 INFO     ___FILE_ONLY___ 

2022-11-02 09:00:14,502 INFO     ___FILE_ONLY___ [m
2022-11-02 09:00:14,502 INFO     ___FILE_ONLY___   
2022-11-02 09:00:14,502 INFO     ___FILE_ONLY___ [1mTerraform[m

2022-11-02 09:00:14,502 INFO     ___FILE_ONLY___       ▪
2022-11-02 09:00:14,503 INFO     ___FILE_ONLY___  
2022-11-02 09:00:14,503 INFO     ___FILE_ONLY___ Fixed
2022-11-02 09:00:14,503 INFO     ___FILE_ONLY___  
2022-11-02 09:00:14,503 INFO     ___FILE_ONLY___ issue
2022-11-02 09:00:14,503 INFO     ___FILE_ONLY___  
2022-11-02 09:00:14,503 INFO     ___FILE_ONLY___ where
2022-11-02 09:00:14,503 INFO     ___FILE_ONLY___  
2022-11-02 09:00:14,504 INFO     ___FILE_ONLY___ http
2022-11-02 09:00:14,504 INFO     ___FILE_ONLY___  
2022-11-02 09:00:14,504 INFO     ___FILE_ONLY___ proxy
2022-11-02 09:00:14,504 INFO     ___FILE_ONLY___  
2022-11-02 09:00:14,504 INFO     ___FILE_ONLY___ environment
2022-11-02 09:00:14,504 INFO     ___FILE_ONLY___  
2022-11-02 09:00:14,504 INFO     ___FILE_ONLY___ variables
2022-11-02 09:00:14,504 INFO     ___FILE_ONLY___  
2022-11-02 09:00:14,505 INFO     ___FILE_ONLY___ were
2022-11-02 09:00:14,505 INFO     ___FILE_ONLY___  
2022-11-02 09:00:14,505 INFO     ___FILE_ONLY___ not
2022-11-02 09:00:14,505 INFO     ___FILE_ONLY___  
2022-11-02 09:00:14,505 INFO     ___FILE_ONLY___ used
2022-11-02 09:00:14,505 INFO     ___FILE_ONLY___  
2022-11-02 09:00:14,506 INFO     ___FILE_ONLY___ in
2022-11-02 09:00:14,506 INFO     ___FILE_ONLY___ 

2022-11-02 09:00:14,506 INFO     ___FILE_ONLY___         
2022-11-02 09:00:14,506 INFO     ___FILE_ONLY___ [1mgcloud
2022-11-02 09:00:14,507 INFO     ___FILE_ONLY___  
2022-11-02 09:00:14,507 INFO     ___FILE_ONLY___ beta
2022-11-02 09:00:14,507 INFO     ___FILE_ONLY___  
2022-11-02 09:00:14,507 INFO     ___FILE_ONLY___ terraform
2022-11-02 09:00:14,508 INFO     ___FILE_ONLY___  
2022-11-02 09:00:14,508 INFO     ___FILE_ONLY___ vet[m.
2022-11-02 09:00:14,508 INFO     ___FILE_ONLY___ 

2022-11-02 09:00:14,508 INFO     ___FILE_ONLY___ 

2022-11-02 09:00:14,509 INFO     ___FILE_ONLY___    
2022-11-02 09:00:14,509 INFO     ___FILE_ONLY___  
2022-11-02 09:00:14,509 INFO     ___FILE_ONLY___ Subscribe
2022-11-02 09:00:14,509 INFO     ___FILE_ONLY___  
2022-11-02 09:00:14,509 INFO     ___FILE_ONLY___ to
2022-11-02 09:00:14,509 INFO     ___FILE_ONLY___  
2022-11-02 09:00:14,510 INFO     ___FILE_ONLY___ these
2022-11-02 09:00:14,510 INFO     ___FILE_ONLY___  
2022-11-02 09:00:14,510 INFO     ___FILE_ONLY___ release
2022-11-02 09:00:14,511 INFO     ___FILE_ONLY___  
2022-11-02 09:00:14,511 INFO     ___FILE_ONLY___ notes
2022-11-02 09:00:14,560 INFO     ___FILE_ONLY___  
2022-11-02 09:00:14,560 INFO     ___FILE_ONLY___ at
2022-11-02 09:00:14,561 INFO     ___FILE_ONLY___ 

2022-11-02 09:00:14,561 INFO     ___FILE_ONLY___     
2022-11-02 09:00:14,561 INFO     ___FILE_ONLY___ https://groups.google.com/forum/#!forum/google-cloud-sdk-announce
2022-11-02 09:00:14,562 INFO     ___FILE_ONLY___ 

2022-11-02 09:00:14,564 INFO     ___FILE_ONLY___     
2022-11-02 09:00:14,565 INFO     ___FILE_ONLY___ (https://groups.google.com/forum/#!forum/google-cloud-sdk-announce).
2022-11-02 09:00:14,565 INFO     ___FILE_ONLY___ 

2022-11-02 09:00:14,565 INFO     ___FILE_ONLY___ 

2022-11-02 09:00:14,565 INFO     ___FILE_ONLY___ [m
2022-11-02 09:00:14,565 INFO     ___FILE_ONLY___ [1m403.0.0 (2022-09-20)[m

2022-11-02 09:00:14,566 INFO     ___FILE_ONLY___ [m
2022-11-02 09:00:14,566 INFO     ___FILE_ONLY___   
2022-11-02 09:00:14,566 INFO     ___FILE_ONLY___ [1mBreaking Changes[m

2022-11-02 09:00:14,566 INFO     ___FILE_ONLY___       ▪
2022-11-02 09:00:14,567 INFO     ___FILE_ONLY___  
2022-11-02 09:00:14,567 INFO     ___FILE_ONLY___ **(Assured
2022-11-02 09:00:14,567 INFO     ___FILE_ONLY___  
2022-11-02 09:00:14,567 INFO     ___FILE_ONLY___ Workloads)**
2022-11-02 09:00:14,567 INFO     ___FILE_ONLY___  
2022-11-02 09:00:14,568 INFO     ___FILE_ONLY___ Removed
2022-11-02 09:00:14,569 INFO     ___FILE_ONLY___  
2022-11-02 09:00:14,569 INFO     ___FILE_ONLY___ AU_REGIONS_AND_US_SUPPORT
2022-11-02 09:00:14,569 INFO     ___FILE_ONLY___  
2022-11-02 09:00:14,569 INFO     ___FILE_ONLY___ as
2022-11-02 09:00:14,569 INFO     ___FILE_ONLY___ 

2022-11-02 09:00:14,570 INFO     ___FILE_ONLY___         
2022-11-02 09:00:14,570 INFO     ___FILE_ONLY___ compliance
2022-11-02 09:00:14,570 INFO     ___FILE_ONLY___  
2022-11-02 09:00:14,570 INFO     ___FILE_ONLY___ regime
2022-11-02 09:00:14,570 INFO     ___FILE_ONLY___  
2022-11-02 09:00:14,570 INFO     ___FILE_ONLY___ options
2022-11-02 09:00:14,570 INFO     ___FILE_ONLY___  
2022-11-02 09:00:14,571 INFO     ___FILE_ONLY___ for
2022-11-02 09:00:14,571 INFO     ___FILE_ONLY___  
2022-11-02 09:00:14,571 INFO     ___FILE_ONLY___ [1mgcloud
2022-11-02 09:00:14,571 INFO     ___FILE_ONLY___  
2022-11-02 09:00:14,571 INFO     ___FILE_ONLY___ assured
2022-11-02 09:00:14,571 INFO     ___FILE_ONLY___  
2022-11-02 09:00:14,571 INFO     ___FILE_ONLY___ workloads
2022-11-02 09:00:14,572 INFO     ___FILE_ONLY___  
2022-11-02 09:00:14,572 INFO     ___FILE_ONLY___ create[m
2022-11-02 09:00:14,572 INFO     ___FILE_ONLY___  
2022-11-02 09:00:14,572 INFO     ___FILE_ONLY___ command.
2022-11-02 09:00:14,572 INFO     ___FILE_ONLY___ 

2022-11-02 09:00:14,573 INFO     ___FILE_ONLY___       ▪
2022-11-02 09:00:14,573 INFO     ___FILE_ONLY___  
2022-11-02 09:00:14,573 INFO     ___FILE_ONLY___ **(Assured
2022-11-02 09:00:14,573 INFO     ___FILE_ONLY___  
2022-11-02 09:00:14,573 INFO     ___FILE_ONLY___ Workloads)**
2022-11-02 09:00:14,573 INFO     ___FILE_ONLY___  
2022-11-02 09:00:14,573 INFO     ___FILE_ONLY___ Removed
2022-11-02 09:00:14,573 INFO     ___FILE_ONLY___  
2022-11-02 09:00:14,574 INFO     ___FILE_ONLY___ messages
2022-11-02 09:00:14,576 INFO     ___FILE_ONLY___  
2022-11-02 09:00:14,577 INFO     ___FILE_ONLY___ related
2022-11-02 09:00:14,577 INFO     ___FILE_ONLY___  
2022-11-02 09:00:14,577 INFO     ___FILE_ONLY___ to
2022-11-02 09:00:14,578 INFO     ___FILE_ONLY___  
2022-11-02 09:00:14,578 INFO     ___FILE_ONLY___ 'Versioning'
2022-11-02 09:00:14,578 INFO     ___FILE_ONLY___  
2022-11-02 09:00:14,578 INFO     ___FILE_ONLY___ as
2022-11-02 09:00:14,578 INFO     ___FILE_ONLY___ 

2022-11-02 09:00:14,578 INFO     ___FILE_ONLY___         
2022-11-02 09:00:14,578 INFO     ___FILE_ONLY___ they
2022-11-02 09:00:14,579 INFO     ___FILE_ONLY___  
2022-11-02 09:00:14,579 INFO     ___FILE_ONLY___ should
2022-11-02 09:00:14,579 INFO     ___FILE_ONLY___  
2022-11-02 09:00:14,579 INFO     ___FILE_ONLY___ not
2022-11-02 09:00:14,579 INFO     ___FILE_ONLY___  
2022-11-02 09:00:14,579 INFO     ___FILE_ONLY___ be
2022-11-02 09:00:14,579 INFO     ___FILE_ONLY___  
2022-11-02 09:00:14,579 INFO     ___FILE_ONLY___ used
2022-11-02 09:00:14,580 INFO     ___FILE_ONLY___  
2022-11-02 09:00:14,580 INFO     ___FILE_ONLY___ externally.
2022-11-02 09:00:14,580 INFO     ___FILE_ONLY___ 

2022-11-02 09:00:14,580 INFO     ___FILE_ONLY___       ▪
2022-11-02 09:00:14,580 INFO     ___FILE_ONLY___  
2022-11-02 09:00:14,582 INFO     ___FILE_ONLY___ **(Assured
2022-11-02 09:00:14,582 INFO     ___FILE_ONLY___  
2022-11-02 09:00:14,582 INFO     ___FILE_ONLY___ Workloads)**
2022-11-02 09:00:14,582 INFO     ___FILE_ONLY___  
2022-11-02 09:00:14,582 INFO     ___FILE_ONLY___ Removed
2022-11-02 09:00:14,583 INFO     ___FILE_ONLY___  
2022-11-02 09:00:14,583 INFO     ___FILE_ONLY___ v1beta1
2022-11-02 09:00:14,584 INFO     ___FILE_ONLY___  
2022-11-02 09:00:14,584 INFO     ___FILE_ONLY___ messages
2022-11-02 09:00:14,584 INFO     ___FILE_ONLY___  
2022-11-02 09:00:14,584 INFO     ___FILE_ONLY___ from
2022-11-02 09:00:14,584 INFO     ___FILE_ONLY___  
2022-11-02 09:00:14,584 INFO     ___FILE_ONLY___ v1
2022-11-02 09:00:14,584 INFO     ___FILE_ONLY___  
2022-11-02 09:00:14,584 INFO     ___FILE_ONLY___ api
2022-11-02 09:00:14,584 INFO     ___FILE_ONLY___  
2022-11-02 09:00:14,584 INFO     ___FILE_ONLY___ and
2022-11-02 09:00:14,584 INFO     ___FILE_ONLY___ 

2022-11-02 09:00:14,585 INFO     ___FILE_ONLY___         
2022-11-02 09:00:14,585 INFO     ___FILE_ONLY___ vice-versa.
2022-11-02 09:00:14,585 INFO     ___FILE_ONLY___ 

2022-11-02 09:00:14,585 INFO     ___FILE_ONLY___       ▪
2022-11-02 09:00:14,586 INFO     ___FILE_ONLY___  
2022-11-02 09:00:14,586 INFO     ___FILE_ONLY___ **(Assured
2022-11-02 09:00:14,586 INFO     ___FILE_ONLY___  
2022-11-02 09:00:14,586 INFO     ___FILE_ONLY___ Workloads)**
2022-11-02 09:00:14,586 INFO     ___FILE_ONLY___  
2022-11-02 09:00:14,586 INFO     ___FILE_ONLY___ Updated
2022-11-02 09:00:14,586 INFO     ___FILE_ONLY___  
2022-11-02 09:00:14,586 INFO     ___FILE_ONLY___ violation
2022-11-02 09:00:14,587 INFO     ___FILE_ONLY___  
2022-11-02 09:00:14,587 INFO     ___FILE_ONLY___ acknowledge
2022-11-02 09:00:14,587 INFO     ___FILE_ONLY___  
2022-11-02 09:00:14,587 INFO     ___FILE_ONLY___ api
2022-11-02 09:00:14,587 INFO     ___FILE_ONLY___  
2022-11-02 09:00:14,587 INFO     ___FILE_ONLY___ to
2022-11-02 09:00:14,587 INFO     ___FILE_ONLY___  
2022-11-02 09:00:14,587 INFO     ___FILE_ONLY___ POST
2022-11-02 09:00:14,587 INFO     ___FILE_ONLY___ 

2022-11-02 09:00:14,588 INFO     ___FILE_ONLY___         
2022-11-02 09:00:14,588 INFO     ___FILE_ONLY___ Request.
2022-11-02 09:00:14,588 INFO     ___FILE_ONLY___ 

2022-11-02 09:00:14,588 INFO     ___FILE_ONLY___ 

2022-11-02 09:00:14,588 INFO     ___FILE_ONLY___ [m
2022-11-02 09:00:14,588 INFO     ___FILE_ONLY___   
2022-11-02 09:00:14,588 INFO     ___FILE_ONLY___ [1mGoogle Cloud CLI[m

2022-11-02 09:00:14,589 INFO     ___FILE_ONLY___       ▪
2022-11-02 09:00:14,589 INFO     ___FILE_ONLY___  
2022-11-02 09:00:14,589 INFO     ___FILE_ONLY___ Fixed
2022-11-02 09:00:14,589 INFO     ___FILE_ONLY___  
2022-11-02 09:00:14,589 INFO     ___FILE_ONLY___ issue
2022-11-02 09:00:14,589 INFO     ___FILE_ONLY___  
2022-11-02 09:00:14,589 INFO     ___FILE_ONLY___ where
2022-11-02 09:00:14,590 INFO     ___FILE_ONLY___  
2022-11-02 09:00:14,590 INFO     ___FILE_ONLY___ MTLS
2022-11-02 09:00:14,590 INFO     ___FILE_ONLY___  
2022-11-02 09:00:14,590 INFO     ___FILE_ONLY___ endpoints
2022-11-02 09:00:14,590 INFO     ___FILE_ONLY___  
2022-11-02 09:00:14,590 INFO     ___FILE_ONLY___ were
2022-11-02 09:00:14,590 INFO     ___FILE_ONLY___  
2022-11-02 09:00:14,591 INFO     ___FILE_ONLY___ not
2022-11-02 09:00:14,591 INFO     ___FILE_ONLY___  
2022-11-02 09:00:14,591 INFO     ___FILE_ONLY___ used
2022-11-02 09:00:14,591 INFO     ___FILE_ONLY___  
2022-11-02 09:00:14,591 INFO     ___FILE_ONLY___ when
2022-11-02 09:00:14,591 INFO     ___FILE_ONLY___ 

2022-11-02 09:00:14,591 INFO     ___FILE_ONLY___         
2022-11-02 09:00:14,591 INFO     ___FILE_ONLY___ [1muse_client_certificate[m
2022-11-02 09:00:14,591 INFO     ___FILE_ONLY___  
2022-11-02 09:00:14,592 INFO     ___FILE_ONLY___ was
2022-11-02 09:00:14,592 INFO     ___FILE_ONLY___  
2022-11-02 09:00:14,592 INFO     ___FILE_ONLY___ true.
2022-11-02 09:00:14,592 INFO     ___FILE_ONLY___ 

2022-11-02 09:00:14,592 INFO     ___FILE_ONLY___       ▪
2022-11-02 09:00:14,592 INFO     ___FILE_ONLY___  
2022-11-02 09:00:14,593 INFO     ___FILE_ONLY___ Fixed
2022-11-02 09:00:14,593 INFO     ___FILE_ONLY___  
2022-11-02 09:00:14,667 INFO     ___FILE_ONLY___ issue
2022-11-02 09:00:14,667 INFO     ___FILE_ONLY___  
2022-11-02 09:00:14,667 INFO     ___FILE_ONLY___ where
2022-11-02 09:00:14,667 INFO     ___FILE_ONLY___  
2022-11-02 09:00:14,667 INFO     ___FILE_ONLY___ [1mgcloud
2022-11-02 09:00:14,667 INFO     ___FILE_ONLY___  
2022-11-02 09:00:14,668 INFO     ___FILE_ONLY___ auth
2022-11-02 09:00:14,668 INFO     ___FILE_ONLY___  
2022-11-02 09:00:14,668 INFO     ___FILE_ONLY___ application-default
2022-11-02 09:00:14,668 INFO     ___FILE_ONLY___  
2022-11-02 09:00:14,668 INFO     ___FILE_ONLY___ set-quota-project[m
2022-11-02 09:00:14,669 INFO     ___FILE_ONLY___ 

2022-11-02 09:00:14,669 INFO     ___FILE_ONLY___         
2022-11-02 09:00:14,669 INFO     ___FILE_ONLY___ would
2022-11-02 09:00:14,669 INFO     ___FILE_ONLY___  
2022-11-02 09:00:14,669 INFO     ___FILE_ONLY___ fail
2022-11-02 09:00:14,670 INFO     ___FILE_ONLY___  
2022-11-02 09:00:14,670 INFO     ___FILE_ONLY___ if
2022-11-02 09:00:14,670 INFO     ___FILE_ONLY___  
2022-11-02 09:00:14,670 INFO     ___FILE_ONLY___ [1mserviceusage.services.use[m
2022-11-02 09:00:14,671 INFO     ___FILE_ONLY___  
2022-11-02 09:00:14,671 INFO     ___FILE_ONLY___ permission
2022-11-02 09:00:14,671 INFO     ___FILE_ONLY___  
2022-11-02 09:00:14,671 INFO     ___FILE_ONLY___ was
2022-11-02 09:00:14,671 INFO     ___FILE_ONLY___  
2022-11-02 09:00:14,672 INFO     ___FILE_ONLY___ revoked
2022-11-02 09:00:14,672 INFO     ___FILE_ONLY___  
2022-11-02 09:00:14,672 INFO     ___FILE_ONLY___ from
2022-11-02 09:00:14,672 INFO     ___FILE_ONLY___  
2022-11-02 09:00:14,672 INFO     ___FILE_ONLY___ the
2022-11-02 09:00:14,672 INFO     ___FILE_ONLY___ 

2022-11-02 09:00:14,673 INFO     ___FILE_ONLY___         
2022-11-02 09:00:14,673 INFO     ___FILE_ONLY___ active
2022-11-02 09:00:14,673 INFO     ___FILE_ONLY___  
2022-11-02 09:00:14,673 INFO     ___FILE_ONLY___ project.
2022-11-02 09:00:14,673 INFO     ___FILE_ONLY___ 

2022-11-02 09:00:14,673 INFO     ___FILE_ONLY___       ▪
2022-11-02 09:00:14,674 INFO     ___FILE_ONLY___  
2022-11-02 09:00:14,674 INFO     ___FILE_ONLY___ Added
2022-11-02 09:00:14,674 INFO     ___FILE_ONLY___  
2022-11-02 09:00:14,674 INFO     ___FILE_ONLY___ bundled
2022-11-02 09:00:14,674 INFO     ___FILE_ONLY___  
2022-11-02 09:00:14,675 INFO     ___FILE_ONLY___ Python
2022-11-02 09:00:14,675 INFO     ___FILE_ONLY___  
2022-11-02 09:00:14,675 INFO     ___FILE_ONLY___ 3
2022-11-02 09:00:14,675 INFO     ___FILE_ONLY___  
2022-11-02 09:00:14,675 INFO     ___FILE_ONLY___ as
2022-11-02 09:00:14,675 INFO     ___FILE_ONLY___  
2022-11-02 09:00:14,675 INFO     ___FILE_ONLY___ a
2022-11-02 09:00:14,675 INFO     ___FILE_ONLY___  
2022-11-02 09:00:14,676 INFO     ___FILE_ONLY___ default
2022-11-02 09:00:14,676 INFO     ___FILE_ONLY___  
2022-11-02 09:00:14,676 INFO     ___FILE_ONLY___ component
2022-11-02 09:00:14,676 INFO     ___FILE_ONLY___  
2022-11-02 09:00:14,676 INFO     ___FILE_ONLY___ on
2022-11-02 09:00:14,676 INFO     ___FILE_ONLY___  
2022-11-02 09:00:14,676 INFO     ___FILE_ONLY___ [1mx86_64[m
2022-11-02 09:00:14,676 INFO     ___FILE_ONLY___ 

2022-11-02 09:00:14,677 INFO     ___FILE_ONLY___         
2022-11-02 09:00:14,677 INFO     ___FILE_ONLY___ component-based
2022-11-02 09:00:14,677 INFO     ___FILE_ONLY___  
2022-11-02 09:00:14,677 INFO     ___FILE_ONLY___ Linux
2022-11-02 09:00:14,677 INFO     ___FILE_ONLY___  
2022-11-02 09:00:14,677 INFO     ___FILE_ONLY___ installs.
2022-11-02 09:00:14,677 INFO     ___FILE_ONLY___  
2022-11-02 09:00:14,677 INFO     ___FILE_ONLY___ The
2022-11-02 09:00:14,678 INFO     ___FILE_ONLY___  
2022-11-02 09:00:14,678 INFO     ___FILE_ONLY___ bundled
2022-11-02 09:00:14,678 INFO     ___FILE_ONLY___  
2022-11-02 09:00:14,678 INFO     ___FILE_ONLY___ Python
2022-11-02 09:00:14,678 INFO     ___FILE_ONLY___  
2022-11-02 09:00:14,678 INFO     ___FILE_ONLY___ 3
2022-11-02 09:00:14,678 INFO     ___FILE_ONLY___  
2022-11-02 09:00:14,678 INFO     ___FILE_ONLY___ interpreter
2022-11-02 09:00:14,679 INFO     ___FILE_ONLY___  
2022-11-02 09:00:14,679 INFO     ___FILE_ONLY___ will
2022-11-02 09:00:14,679 INFO     ___FILE_ONLY___ 

2022-11-02 09:00:14,679 INFO     ___FILE_ONLY___         
2022-11-02 09:00:14,679 INFO     ___FILE_ONLY___ be
2022-11-02 09:00:14,679 INFO     ___FILE_ONLY___  
2022-11-02 09:00:14,679 INFO     ___FILE_ONLY___ preferred
2022-11-02 09:00:14,680 INFO     ___FILE_ONLY___  
2022-11-02 09:00:14,680 INFO     ___FILE_ONLY___ over
2022-11-02 09:00:14,680 INFO     ___FILE_ONLY___  
2022-11-02 09:00:14,680 INFO     ___FILE_ONLY___ the
2022-11-02 09:00:14,681 INFO     ___FILE_ONLY___  
2022-11-02 09:00:14,681 INFO     ___FILE_ONLY___ system
2022-11-02 09:00:14,681 INFO     ___FILE_ONLY___  
2022-11-02 09:00:14,681 INFO     ___FILE_ONLY___ Python
2022-11-02 09:00:14,681 INFO     ___FILE_ONLY___  
2022-11-02 09:00:14,682 INFO     ___FILE_ONLY___ interpreter
2022-11-02 09:00:14,682 INFO     ___FILE_ONLY___  
2022-11-02 09:00:14,682 INFO     ___FILE_ONLY___ when
2022-11-02 09:00:14,682 INFO     ___FILE_ONLY___  
2022-11-02 09:00:14,683 INFO     ___FILE_ONLY___ invoking
2022-11-02 09:00:14,683 INFO     ___FILE_ONLY___  
2022-11-02 09:00:14,683 INFO     ___FILE_ONLY___ the
2022-11-02 09:00:14,683 INFO     ___FILE_ONLY___ 

2022-11-02 09:00:14,683 INFO     ___FILE_ONLY___         
2022-11-02 09:00:14,683 INFO     ___FILE_ONLY___ gcloud
2022-11-02 09:00:14,684 INFO     ___FILE_ONLY___  
2022-11-02 09:00:14,684 INFO     ___FILE_ONLY___ command-line
2022-11-02 09:00:14,684 INFO     ___FILE_ONLY___  
2022-11-02 09:00:14,684 INFO     ___FILE_ONLY___ tool.
2022-11-02 09:00:14,684 INFO     ___FILE_ONLY___ 

2022-11-02 09:00:14,684 INFO     ___FILE_ONLY___         ◆
2022-11-02 09:00:14,685 INFO     ___FILE_ONLY___  
2022-11-02 09:00:14,685 INFO     ___FILE_ONLY___ The
2022-11-02 09:00:14,685 INFO     ___FILE_ONLY___  
2022-11-02 09:00:14,685 INFO     ___FILE_ONLY___ bundled
2022-11-02 09:00:14,685 INFO     ___FILE_ONLY___  
2022-11-02 09:00:14,685 INFO     ___FILE_ONLY___ Python
2022-11-02 09:00:14,685 INFO     ___FILE_ONLY___  
2022-11-02 09:00:14,686 INFO     ___FILE_ONLY___ 3
2022-11-02 09:00:14,686 INFO     ___FILE_ONLY___  
2022-11-02 09:00:14,686 INFO     ___FILE_ONLY___ interpreter
2022-11-02 09:00:14,686 INFO     ___FILE_ONLY___  
2022-11-02 09:00:14,686 INFO     ___FILE_ONLY___ should
2022-11-02 09:00:14,686 INFO     ___FILE_ONLY___  
2022-11-02 09:00:14,686 INFO     ___FILE_ONLY___ work
2022-11-02 09:00:14,686 INFO     ___FILE_ONLY___  
2022-11-02 09:00:14,686 INFO     ___FILE_ONLY___ on
2022-11-02 09:00:14,687 INFO     ___FILE_ONLY___  
2022-11-02 09:00:14,687 INFO     ___FILE_ONLY___ supported
2022-11-02 09:00:14,687 INFO     ___FILE_ONLY___  
2022-11-02 09:00:14,687 INFO     ___FILE_ONLY___ Linux
2022-11-02 09:00:14,687 INFO     ___FILE_ONLY___ 

2022-11-02 09:00:14,688 INFO     ___FILE_ONLY___           
2022-11-02 09:00:14,688 INFO     ___FILE_ONLY___ systems,
2022-11-02 09:00:14,688 INFO     ___FILE_ONLY___  
2022-11-02 09:00:14,688 INFO     ___FILE_ONLY___ but
2022-11-02 09:00:14,688 INFO     ___FILE_ONLY___  
2022-11-02 09:00:14,688 INFO     ___FILE_ONLY___ a
2022-11-02 09:00:14,688 INFO     ___FILE_ONLY___  
2022-11-02 09:00:14,688 INFO     ___FILE_ONLY___ different
2022-11-02 09:00:14,689 INFO     ___FILE_ONLY___  
2022-11-02 09:00:14,689 INFO     ___FILE_ONLY___ interpreter
2022-11-02 09:00:14,689 INFO     ___FILE_ONLY___  
2022-11-02 09:00:14,689 INFO     ___FILE_ONLY___ can
2022-11-02 09:00:14,689 INFO     ___FILE_ONLY___  
2022-11-02 09:00:14,689 INFO     ___FILE_ONLY___ be
2022-11-02 09:00:14,689 INFO     ___FILE_ONLY___  
2022-11-02 09:00:14,689 INFO     ___FILE_ONLY___ specified
2022-11-02 09:00:14,689 INFO     ___FILE_ONLY___  
2022-11-02 09:00:14,690 INFO     ___FILE_ONLY___ by
2022-11-02 09:00:14,690 INFO     ___FILE_ONLY___  
2022-11-02 09:00:14,690 INFO     ___FILE_ONLY___ setting
2022-11-02 09:00:14,690 INFO     ___FILE_ONLY___  
2022-11-02 09:00:14,690 INFO     ___FILE_ONLY___ the
2022-11-02 09:00:14,690 INFO     ___FILE_ONLY___ 

2022-11-02 09:00:14,690 INFO     ___FILE_ONLY___           
2022-11-02 09:00:14,690 INFO     ___FILE_ONLY___ [1mCLOUDSDK_PYTHON[m
2022-11-02 09:00:14,690 INFO     ___FILE_ONLY___  
2022-11-02 09:00:14,691 INFO     ___FILE_ONLY___ environment
2022-11-02 09:00:14,691 INFO     ___FILE_ONLY___  
2022-11-02 09:00:14,691 INFO     ___FILE_ONLY___ variable.
2022-11-02 09:00:14,691 INFO     ___FILE_ONLY___  
2022-11-02 09:00:14,691 INFO     ___FILE_ONLY___ See
2022-11-02 09:00:14,691 INFO     ___FILE_ONLY___  
2022-11-02 09:00:14,691 INFO     ___FILE_ONLY___ [1mgcloud
2022-11-02 09:00:14,691 INFO     ___FILE_ONLY___  
2022-11-02 09:00:14,692 INFO     ___FILE_ONLY___ topic
2022-11-02 09:00:14,692 INFO     ___FILE_ONLY___  
2022-11-02 09:00:14,692 INFO     ___FILE_ONLY___ startup[m
2022-11-02 09:00:14,692 INFO     ___FILE_ONLY___  
2022-11-02 09:00:14,692 INFO     ___FILE_ONLY___ and
2022-11-02 09:00:14,692 INFO     ___FILE_ONLY___ 

2022-11-02 09:00:14,692 INFO     ___FILE_ONLY___           
2022-11-02 09:00:14,693 INFO     ___FILE_ONLY___ <https://cloud.google.com/sdk/docs/install#linux>
2022-11-02 09:00:14,693 INFO     ___FILE_ONLY___  
2022-11-02 09:00:14,693 INFO     ___FILE_ONLY___ for
2022-11-02 09:00:14,693 INFO     ___FILE_ONLY___  
2022-11-02 09:00:14,722 INFO     ___FILE_ONLY___ more
2022-11-02 09:00:14,758 INFO     ___FILE_ONLY___ 

2022-11-02 09:00:14,758 INFO     ___FILE_ONLY___           
2022-11-02 09:00:14,759 INFO     ___FILE_ONLY___ information.
2022-11-02 09:00:14,759 INFO     ___FILE_ONLY___ 

2022-11-02 09:00:14,759 INFO     ___FILE_ONLY___ 

2022-11-02 09:00:14,759 INFO     ___FILE_ONLY___ [m
2022-11-02 09:00:14,759 INFO     ___FILE_ONLY___   
2022-11-02 09:00:14,759 INFO     ___FILE_ONLY___ [1mAI[m

2022-11-02 09:00:14,760 INFO     ___FILE_ONLY___       ▪
2022-11-02 09:00:14,760 INFO     ___FILE_ONLY___  
2022-11-02 09:00:14,760 INFO     ___FILE_ONLY___ Added
2022-11-02 09:00:14,760 INFO     ___FILE_ONLY___  
2022-11-02 09:00:14,760 INFO     ___FILE_ONLY___ [1mgcloud
2022-11-02 09:00:14,761 INFO     ___FILE_ONLY___  
2022-11-02 09:00:14,761 INFO     ___FILE_ONLY___ beta
2022-11-02 09:00:14,761 INFO     ___FILE_ONLY___  
2022-11-02 09:00:14,761 INFO     ___FILE_ONLY___ api
2022-11-02 09:00:14,761 INFO     ___FILE_ONLY___  
2022-11-02 09:00:14,761 INFO     ___FILE_ONLY___ indexes
2022-11-02 09:00:14,761 INFO     ___FILE_ONLY___  
2022-11-02 09:00:14,761 INFO     ___FILE_ONLY___ remove-datapoints[m
2022-11-02 09:00:14,762 INFO     ___FILE_ONLY___  
2022-11-02 09:00:14,762 INFO     ___FILE_ONLY___ and
2022-11-02 09:00:14,762 INFO     ___FILE_ONLY___  
2022-11-02 09:00:14,762 INFO     ___FILE_ONLY___ [1mgcloud
2022-11-02 09:00:14,762 INFO     ___FILE_ONLY___  
2022-11-02 09:00:14,762 INFO     ___FILE_ONLY___ beta
2022-11-02 09:00:14,762 INFO     ___FILE_ONLY___  
2022-11-02 09:00:14,762 INFO     ___FILE_ONLY___ api
2022-11-02 09:00:14,762 INFO     ___FILE_ONLY___ 

2022-11-02 09:00:14,763 INFO     ___FILE_ONLY___         
2022-11-02 09:00:14,763 INFO     ___FILE_ONLY___ indexes
2022-11-02 09:00:14,763 INFO     ___FILE_ONLY___  
2022-11-02 09:00:14,763 INFO     ___FILE_ONLY___ upsert-datapoints[m
2022-11-02 09:00:14,763 INFO     ___FILE_ONLY___  
2022-11-02 09:00:14,763 INFO     ___FILE_ONLY___ to
2022-11-02 09:00:14,763 INFO     ___FILE_ONLY___  
2022-11-02 09:00:14,764 INFO     ___FILE_ONLY___ support
2022-11-02 09:00:14,764 INFO     ___FILE_ONLY___  
2022-11-02 09:00:14,764 INFO     ___FILE_ONLY___ Matching
2022-11-02 09:00:14,764 INFO     ___FILE_ONLY___  
2022-11-02 09:00:14,764 INFO     ___FILE_ONLY___ Engine
2022-11-02 09:00:14,764 INFO     ___FILE_ONLY___  
2022-11-02 09:00:14,765 INFO     ___FILE_ONLY___ steaming
2022-11-02 09:00:14,765 INFO     ___FILE_ONLY___  
2022-11-02 09:00:14,765 INFO     ___FILE_ONLY___ update.
2022-11-02 09:00:14,765 INFO     ___FILE_ONLY___ 

2022-11-02 09:00:14,765 INFO     ___FILE_ONLY___ 

2022-11-02 09:00:14,765 INFO     ___FILE_ONLY___ [m
2022-11-02 09:00:14,766 INFO     ___FILE_ONLY___   
2022-11-02 09:00:14,766 INFO     ___FILE_ONLY___ [1mAlloyDB[m

2022-11-02 09:00:14,766 INFO     ___FILE_ONLY___       ▪
2022-11-02 09:00:14,766 INFO     ___FILE_ONLY___  
2022-11-02 09:00:14,766 INFO     ___FILE_ONLY___ Added
2022-11-02 09:00:14,766 INFO     ___FILE_ONLY___  
2022-11-02 09:00:14,767 INFO     ___FILE_ONLY___ support
2022-11-02 09:00:14,767 INFO     ___FILE_ONLY___  
2022-11-02 09:00:14,767 INFO     ___FILE_ONLY___ to
2022-11-02 09:00:14,767 INFO     ___FILE_ONLY___  
2022-11-02 09:00:14,767 INFO     ___FILE_ONLY___ specify
2022-11-02 09:00:14,767 INFO     ___FILE_ONLY___  
2022-11-02 09:00:14,767 INFO     ___FILE_ONLY___ automated
2022-11-02 09:00:14,768 INFO     ___FILE_ONLY___  
2022-11-02 09:00:14,768 INFO     ___FILE_ONLY___ backup
2022-11-02 09:00:14,768 INFO     ___FILE_ONLY___  
2022-11-02 09:00:14,768 INFO     ___FILE_ONLY___ policy
2022-11-02 09:00:14,768 INFO     ___FILE_ONLY___  
2022-11-02 09:00:14,768 INFO     ___FILE_ONLY___ in
2022-11-02 09:00:14,768 INFO     ___FILE_ONLY___  
2022-11-02 09:00:14,768 INFO     ___FILE_ONLY___ [1mgcloud
2022-11-02 09:00:14,768 INFO     ___FILE_ONLY___  
2022-11-02 09:00:14,768 INFO     ___FILE_ONLY___ beta
2022-11-02 09:00:14,769 INFO     ___FILE_ONLY___ 

2022-11-02 09:00:14,769 INFO     ___FILE_ONLY___         
2022-11-02 09:00:14,769 INFO     ___FILE_ONLY___ alloydb
2022-11-02 09:00:14,769 INFO     ___FILE_ONLY___  
2022-11-02 09:00:14,769 INFO     ___FILE_ONLY___ clusters
2022-11-02 09:00:14,769 INFO     ___FILE_ONLY___  
2022-11-02 09:00:14,769 INFO     ___FILE_ONLY___ create[m.
2022-11-02 09:00:14,769 INFO     ___FILE_ONLY___ 

2022-11-02 09:00:14,770 INFO     ___FILE_ONLY___       ▪
2022-11-02 09:00:14,770 INFO     ___FILE_ONLY___  
2022-11-02 09:00:14,770 INFO     ___FILE_ONLY___ Updated
2022-11-02 09:00:14,770 INFO     ___FILE_ONLY___  
2022-11-02 09:00:14,771 INFO     ___FILE_ONLY___ [1mgcloud
2022-11-02 09:00:14,771 INFO     ___FILE_ONLY___  
2022-11-02 09:00:14,771 INFO     ___FILE_ONLY___ beta
2022-11-02 09:00:14,771 INFO     ___FILE_ONLY___  
2022-11-02 09:00:14,771 INFO     ___FILE_ONLY___ alloydb
2022-11-02 09:00:14,771 INFO     ___FILE_ONLY___  
2022-11-02 09:00:14,771 INFO     ___FILE_ONLY___ clusters
2022-11-02 09:00:14,772 INFO     ___FILE_ONLY___  
2022-11-02 09:00:14,772 INFO     ___FILE_ONLY___ create[m
2022-11-02 09:00:14,772 INFO     ___FILE_ONLY___  
2022-11-02 09:00:14,772 INFO     ___FILE_ONLY___ to
2022-11-02 09:00:14,772 INFO     ___FILE_ONLY___  
2022-11-02 09:00:14,772 INFO     ___FILE_ONLY___ support
2022-11-02 09:00:14,773 INFO     ___FILE_ONLY___  
2022-11-02 09:00:14,773 INFO     ___FILE_ONLY___ PITR
2022-11-02 09:00:14,773 INFO     ___FILE_ONLY___  
2022-11-02 09:00:14,773 INFO     ___FILE_ONLY___ (point
2022-11-02 09:00:14,773 INFO     ___FILE_ONLY___  
2022-11-02 09:00:14,773 INFO     ___FILE_ONLY___ in
2022-11-02 09:00:14,774 INFO     ___FILE_ONLY___ 

2022-11-02 09:00:14,774 INFO     ___FILE_ONLY___         
2022-11-02 09:00:14,775 INFO     ___FILE_ONLY___ time
2022-11-02 09:00:14,776 INFO     ___FILE_ONLY___  
2022-11-02 09:00:14,776 INFO     ___FILE_ONLY___ recovery)
2022-11-02 09:00:14,776 INFO     ___FILE_ONLY___  
2022-11-02 09:00:14,777 INFO     ___FILE_ONLY___ configuration
2022-11-02 09:00:14,777 INFO     ___FILE_ONLY___  
2022-11-02 09:00:14,777 INFO     ___FILE_ONLY___ via
2022-11-02 09:00:14,777 INFO     ___FILE_ONLY___  
2022-11-02 09:00:14,778 INFO     ___FILE_ONLY___ new
2022-11-02 09:00:14,778 INFO     ___FILE_ONLY___  
2022-11-02 09:00:14,778 INFO     ___FILE_ONLY___ [1m--disable-pitr[m
2022-11-02 09:00:14,778 INFO     ___FILE_ONLY___  
2022-11-02 09:00:14,778 INFO     ___FILE_ONLY___ and
2022-11-02 09:00:14,778 INFO     ___FILE_ONLY___ 

2022-11-02 09:00:14,779 INFO     ___FILE_ONLY___         
2022-11-02 09:00:14,779 INFO     ___FILE_ONLY___ [1m--pitr-log-retention-window[m
2022-11-02 09:00:14,779 INFO     ___FILE_ONLY___  
2022-11-02 09:00:14,779 INFO     ___FILE_ONLY___ flags.
2022-11-02 09:00:14,779 INFO     ___FILE_ONLY___ 

2022-11-02 09:00:14,779 INFO     ___FILE_ONLY___ 

2022-11-02 09:00:14,780 INFO     ___FILE_ONLY___ [m
2022-11-02 09:00:14,780 INFO     ___FILE_ONLY___   
2022-11-02 09:00:14,780 INFO     ___FILE_ONLY___ [1mArtifact Registry[m

2022-11-02 09:00:14,780 INFO     ___FILE_ONLY___       ▪
2022-11-02 09:00:14,780 INFO     ___FILE_ONLY___  
2022-11-02 09:00:14,781 INFO     ___FILE_ONLY___ Fixed
2022-11-02 09:00:14,781 INFO     ___FILE_ONLY___  
2022-11-02 09:00:14,781 INFO     ___FILE_ONLY___ a
2022-11-02 09:00:14,781 INFO     ___FILE_ONLY___  
2022-11-02 09:00:14,781 INFO     ___FILE_ONLY___ bug
2022-11-02 09:00:14,781 INFO     ___FILE_ONLY___  
2022-11-02 09:00:14,781 INFO     ___FILE_ONLY___ where
2022-11-02 09:00:14,781 INFO     ___FILE_ONLY___  
2022-11-02 09:00:14,782 INFO     ___FILE_ONLY___ the
2022-11-02 09:00:14,782 INFO     ___FILE_ONLY___  
2022-11-02 09:00:14,782 INFO     ___FILE_ONLY___ plus
2022-11-02 09:00:14,782 INFO     ___FILE_ONLY___  
2022-11-02 09:00:14,783 INFO     ___FILE_ONLY___ sign
2022-11-02 09:00:14,783 INFO     ___FILE_ONLY___  
2022-11-02 09:00:14,783 INFO     ___FILE_ONLY___ ("+")
2022-11-02 09:00:14,783 INFO     ___FILE_ONLY___  
2022-11-02 09:00:14,783 INFO     ___FILE_ONLY___ was
2022-11-02 09:00:14,784 INFO     ___FILE_ONLY___  
2022-11-02 09:00:14,784 INFO     ___FILE_ONLY___ not
2022-11-02 09:00:14,784 INFO     ___FILE_ONLY___  
2022-11-02 09:00:14,785 INFO     ___FILE_ONLY___ escaped
2022-11-02 09:00:14,785 INFO     ___FILE_ONLY___  
2022-11-02 09:00:14,785 INFO     ___FILE_ONLY___ properly,
2022-11-02 09:00:14,785 INFO     ___FILE_ONLY___ 

2022-11-02 09:00:14,785 INFO     ___FILE_ONLY___         
2022-11-02 09:00:14,785 INFO     ___FILE_ONLY___ making
2022-11-02 09:00:14,785 INFO     ___FILE_ONLY___  
2022-11-02 09:00:14,785 INFO     ___FILE_ONLY___ it
2022-11-02 09:00:14,786 INFO     ___FILE_ONLY___  
2022-11-02 09:00:14,786 INFO     ___FILE_ONLY___ impossible
2022-11-02 09:00:14,786 INFO     ___FILE_ONLY___  
2022-11-02 09:00:14,786 INFO     ___FILE_ONLY___ to
2022-11-02 09:00:14,786 INFO     ___FILE_ONLY___  
2022-11-02 09:00:14,786 INFO     ___FILE_ONLY___ delete
2022-11-02 09:00:14,787 INFO     ___FILE_ONLY___  
2022-11-02 09:00:14,787 INFO     ___FILE_ONLY___ artifacts
2022-11-02 09:00:14,787 INFO     ___FILE_ONLY___  
2022-11-02 09:00:14,787 INFO     ___FILE_ONLY___ with
2022-11-02 09:00:14,787 INFO     ___FILE_ONLY___  
2022-11-02 09:00:14,787 INFO     ___FILE_ONLY___ a
2022-11-02 09:00:14,787 INFO     ___FILE_ONLY___  
2022-11-02 09:00:14,788 INFO     ___FILE_ONLY___ plus
2022-11-02 09:00:14,788 INFO     ___FILE_ONLY___  
2022-11-02 09:00:14,788 INFO     ___FILE_ONLY___ sign
2022-11-02 09:00:14,788 INFO     ___FILE_ONLY___  
2022-11-02 09:00:14,789 INFO     ___FILE_ONLY___ in
2022-11-02 09:00:14,789 INFO     ___FILE_ONLY___  
2022-11-02 09:00:14,789 INFO     ___FILE_ONLY___ their
2022-11-02 09:00:14,789 INFO     ___FILE_ONLY___ 

2022-11-02 09:00:14,789 INFO     ___FILE_ONLY___         
2022-11-02 09:00:14,790 INFO     ___FILE_ONLY___ version.
2022-11-02 09:00:14,790 INFO     ___FILE_ONLY___ 

2022-11-02 09:00:14,790 INFO     ___FILE_ONLY___ 

2022-11-02 09:00:14,790 INFO     ___FILE_ONLY___ [m
2022-11-02 09:00:14,790 INFO     ___FILE_ONLY___   
2022-11-02 09:00:14,791 INFO     ___FILE_ONLY___ [1mBatch[m

2022-11-02 09:00:14,791 INFO     ___FILE_ONLY___       ▪
2022-11-02 09:00:14,805 INFO     ___FILE_ONLY___  
2022-11-02 09:00:14,805 INFO     ___FILE_ONLY___ Improved
2022-11-02 09:00:14,805 INFO     ___FILE_ONLY___  
2022-11-02 09:00:14,806 INFO     ___FILE_ONLY___ error
2022-11-02 09:00:14,806 INFO     ___FILE_ONLY___  
2022-11-02 09:00:14,806 INFO     ___FILE_ONLY___ message
2022-11-02 09:00:14,806 INFO     ___FILE_ONLY___  
2022-11-02 09:00:14,806 INFO     ___FILE_ONLY___ formats
2022-11-02 09:00:14,806 INFO     ___FILE_ONLY___  
2022-11-02 09:00:14,806 INFO     ___FILE_ONLY___ for
2022-11-02 09:00:14,806 INFO     ___FILE_ONLY___  
2022-11-02 09:00:14,807 INFO     ___FILE_ONLY___ [1mgcloud
2022-11-02 09:00:14,807 INFO     ___FILE_ONLY___  
2022-11-02 09:00:14,807 INFO     ___FILE_ONLY___ batch
2022-11-02 09:00:14,823 INFO     ___FILE_ONLY___  
2022-11-02 09:00:14,823 INFO     ___FILE_ONLY___ jobs
2022-11-02 09:00:14,823 INFO     ___FILE_ONLY___  
2022-11-02 09:00:14,823 INFO     ___FILE_ONLY___ submit[m
2022-11-02 09:00:14,823 INFO     ___FILE_ONLY___ 

2022-11-02 09:00:14,824 INFO     ___FILE_ONLY___         
2022-11-02 09:00:14,829 INFO     ___FILE_ONLY___ unparsable
2022-11-02 09:00:14,829 INFO     ___FILE_ONLY___  
2022-11-02 09:00:14,829 INFO     ___FILE_ONLY___ json
2022-11-02 09:00:14,829 INFO     ___FILE_ONLY___  
2022-11-02 09:00:14,829 INFO     ___FILE_ONLY___ config
2022-11-02 09:00:14,829 INFO     ___FILE_ONLY___  
2022-11-02 09:00:14,830 INFO     ___FILE_ONLY___ file,
2022-11-02 09:00:14,830 INFO     ___FILE_ONLY___  
2022-11-02 09:00:14,830 INFO     ___FILE_ONLY___ [1mgcloud
2022-11-02 09:00:14,830 INFO     ___FILE_ONLY___  
2022-11-02 09:00:14,833 INFO     ___FILE_ONLY___ batch
2022-11-02 09:00:14,833 INFO     ___FILE_ONLY___  
2022-11-02 09:00:14,833 INFO     ___FILE_ONLY___ jobs
2022-11-02 09:00:14,834 INFO     ___FILE_ONLY___  
2022-11-02 09:00:14,834 INFO     ___FILE_ONLY___ describe[m
2022-11-02 09:00:14,834 INFO     ___FILE_ONLY___  
2022-11-02 09:00:14,835 INFO     ___FILE_ONLY___ job
2022-11-02 09:00:14,835 INFO     ___FILE_ONLY___  
2022-11-02 09:00:14,835 INFO     ___FILE_ONLY___ and
2022-11-02 09:00:14,835 INFO     ___FILE_ONLY___  
2022-11-02 09:00:14,835 INFO     ___FILE_ONLY___ [1mgcloud
2022-11-02 09:00:14,835 INFO     ___FILE_ONLY___ 

2022-11-02 09:00:14,836 INFO     ___FILE_ONLY___         
2022-11-02 09:00:14,836 INFO     ___FILE_ONLY___ batch
2022-11-02 09:00:14,836 INFO     ___FILE_ONLY___  
2022-11-02 09:00:14,836 INFO     ___FILE_ONLY___ tasks
2022-11-02 09:00:14,837 INFO     ___FILE_ONLY___  
2022-11-02 09:00:14,837 INFO     ___FILE_ONLY___ describe[m
2022-11-02 09:00:14,837 INFO     ___FILE_ONLY___  
2022-11-02 09:00:14,838 INFO     ___FILE_ONLY___ task
2022-11-02 09:00:14,838 INFO     ___FILE_ONLY___  
2022-11-02 09:00:14,838 INFO     ___FILE_ONLY___ that
2022-11-02 09:00:14,838 INFO     ___FILE_ONLY___  
2022-11-02 09:00:14,838 INFO     ___FILE_ONLY___ does
2022-11-02 09:00:14,838 INFO     ___FILE_ONLY___  
2022-11-02 09:00:14,838 INFO     ___FILE_ONLY___ not
2022-11-02 09:00:14,839 INFO     ___FILE_ONLY___  
2022-11-02 09:00:14,839 INFO     ___FILE_ONLY___ exist.
2022-11-02 09:00:14,839 INFO     ___FILE_ONLY___ 

2022-11-02 09:00:14,839 INFO     ___FILE_ONLY___ 

2022-11-02 09:00:14,839 INFO     ___FILE_ONLY___ [m
2022-11-02 09:00:14,840 INFO     ___FILE_ONLY___   
2022-11-02 09:00:14,840 INFO     ___FILE_ONLY___ [1mBigQuery[m

2022-11-02 09:00:14,840 INFO     ___FILE_ONLY___       ▪
2022-11-02 09:00:14,841 INFO     ___FILE_ONLY___  
2022-11-02 09:00:14,841 INFO     ___FILE_ONLY___ Expose
2022-11-02 09:00:14,841 INFO     ___FILE_ONLY___  
2022-11-02 09:00:14,841 INFO     ___FILE_ONLY___ object_metadata
2022-11-02 09:00:14,841 INFO     ___FILE_ONLY___  
2022-11-02 09:00:14,842 INFO     ___FILE_ONLY___ for
2022-11-02 09:00:14,842 INFO     ___FILE_ONLY___  
2022-11-02 09:00:14,842 INFO     ___FILE_ONLY___ private
2022-11-02 09:00:14,842 INFO     ___FILE_ONLY___  
2022-11-02 09:00:14,842 INFO     ___FILE_ONLY___ preview.
2022-11-02 09:00:14,843 INFO     ___FILE_ONLY___ 

2022-11-02 09:00:14,843 INFO     ___FILE_ONLY___       ▪
2022-11-02 09:00:14,844 INFO     ___FILE_ONLY___  
2022-11-02 09:00:14,845 INFO     ___FILE_ONLY___ Improve
2022-11-02 09:00:14,847 INFO     ___FILE_ONLY___  
2022-11-02 09:00:14,857 INFO     ___FILE_ONLY___ error
2022-11-02 09:00:14,857 INFO     ___FILE_ONLY___  
2022-11-02 09:00:14,857 INFO     ___FILE_ONLY___ message
2022-11-02 09:00:14,857 INFO     ___FILE_ONLY___  
2022-11-02 09:00:14,857 INFO     ___FILE_ONLY___ for
2022-11-02 09:00:14,860 INFO     ___FILE_ONLY___  
2022-11-02 09:00:14,860 INFO     ___FILE_ONLY___ unparseable
2022-11-02 09:00:14,860 INFO     ___FILE_ONLY___  
2022-11-02 09:00:14,861 INFO     ___FILE_ONLY___ parameters.
2022-11-02 09:00:14,861 INFO     ___FILE_ONLY___ 

2022-11-02 09:00:14,861 INFO     ___FILE_ONLY___ 

2022-11-02 09:00:14,861 INFO     ___FILE_ONLY___ [m
2022-11-02 09:00:14,861 INFO     ___FILE_ONLY___   
2022-11-02 09:00:14,861 INFO     ___FILE_ONLY___ [1mBinauthz[m

2022-11-02 09:00:14,861 INFO     ___FILE_ONLY___       ▪
2022-11-02 09:00:14,862 INFO     ___FILE_ONLY___  
2022-11-02 09:00:14,862 INFO     ___FILE_ONLY___ Updated
2022-11-02 09:00:14,862 INFO     ___FILE_ONLY___  
2022-11-02 09:00:14,862 INFO     ___FILE_ONLY___ [1mgcloud
2022-11-02 09:00:14,862 INFO     ___FILE_ONLY___  
2022-11-02 09:00:14,862 INFO     ___FILE_ONLY___ container
2022-11-02 09:00:14,862 INFO     ___FILE_ONLY___  
2022-11-02 09:00:14,863 INFO     ___FILE_ONLY___ binauthz
2022-11-02 09:00:14,863 INFO     ___FILE_ONLY___  
2022-11-02 09:00:14,863 INFO     ___FILE_ONLY___ attestations
2022-11-02 09:00:14,863 INFO     ___FILE_ONLY___  
2022-11-02 09:00:14,863 INFO     ___FILE_ONLY___ list[m
2022-11-02 09:00:14,863 INFO     ___FILE_ONLY___  
2022-11-02 09:00:14,863 INFO     ___FILE_ONLY___ to
2022-11-02 09:00:14,863 INFO     ___FILE_ONLY___  
2022-11-02 09:00:14,864 INFO     ___FILE_ONLY___ also
2022-11-02 09:00:14,864 INFO     ___FILE_ONLY___  
2022-11-02 09:00:14,864 INFO     ___FILE_ONLY___ return
2022-11-02 09:00:14,864 INFO     ___FILE_ONLY___ 

2022-11-02 09:00:14,864 INFO     ___FILE_ONLY___         
2022-11-02 09:00:14,864 INFO     ___FILE_ONLY___ occurrences
2022-11-02 09:00:14,865 INFO     ___FILE_ONLY___  
2022-11-02 09:00:14,865 INFO     ___FILE_ONLY___ in
2022-11-02 09:00:14,865 INFO     ___FILE_ONLY___  
2022-11-02 09:00:14,865 INFO     ___FILE_ONLY___ cases
2022-11-02 09:00:14,865 INFO     ___FILE_ONLY___  
2022-11-02 09:00:14,865 INFO     ___FILE_ONLY___ where
2022-11-02 09:00:14,866 INFO     ___FILE_ONLY___  
2022-11-02 09:00:14,866 INFO     ___FILE_ONLY___ the
2022-11-02 09:00:14,866 INFO     ___FILE_ONLY___  
2022-11-02 09:00:14,866 INFO     ___FILE_ONLY___ artifact-url
2022-11-02 09:00:14,866 INFO     ___FILE_ONLY___  
2022-11-02 09:00:14,866 INFO     ___FILE_ONLY___ does
2022-11-02 09:00:14,867 INFO     ___FILE_ONLY___  
2022-11-02 09:00:14,867 INFO     ___FILE_ONLY___ not
2022-11-02 09:00:14,867 INFO     ___FILE_ONLY___  
2022-11-02 09:00:14,867 INFO     ___FILE_ONLY___ begin
2022-11-02 09:00:14,867 INFO     ___FILE_ONLY___  
2022-11-02 09:00:14,867 INFO     ___FILE_ONLY___ with
2022-11-02 09:00:14,867 INFO     ___FILE_ONLY___  
2022-11-02 09:00:14,868 INFO     ___FILE_ONLY___ https.
2022-11-02 09:00:14,868 INFO     ___FILE_ONLY___ 

2022-11-02 09:00:14,868 INFO     ___FILE_ONLY___ 

2022-11-02 09:00:14,869 INFO     ___FILE_ONLY___ [m
2022-11-02 09:00:14,869 INFO     ___FILE_ONLY___   
2022-11-02 09:00:14,869 INFO     ___FILE_ONLY___ [1mCloud DNS[m

2022-11-02 09:00:14,870 INFO     ___FILE_ONLY___       ▪
2022-11-02 09:00:14,870 INFO     ___FILE_ONLY___  
2022-11-02 09:00:14,871 INFO     ___FILE_ONLY___ Added
2022-11-02 09:00:14,871 INFO     ___FILE_ONLY___  
2022-11-02 09:00:14,871 INFO     ___FILE_ONLY___ Location
2022-11-02 09:00:14,871 INFO     ___FILE_ONLY___  
2022-11-02 09:00:14,871 INFO     ___FILE_ONLY___ flag
2022-11-02 09:00:14,871 INFO     ___FILE_ONLY___  
2022-11-02 09:00:14,871 INFO     ___FILE_ONLY___ to
2022-11-02 09:00:14,872 INFO     ___FILE_ONLY___  
2022-11-02 09:00:14,873 INFO     ___FILE_ONLY___ Cloud
2022-11-02 09:00:14,873 INFO     ___FILE_ONLY___  
2022-11-02 09:00:14,873 INFO     ___FILE_ONLY___ DNS
2022-11-02 09:00:14,873 INFO     ___FILE_ONLY___  
2022-11-02 09:00:14,873 INFO     ___FILE_ONLY___ Managed
2022-11-02 09:00:14,873 INFO     ___FILE_ONLY___  
2022-11-02 09:00:14,873 INFO     ___FILE_ONLY___ Zones,
2022-11-02 09:00:14,874 INFO     ___FILE_ONLY___  
2022-11-02 09:00:14,874 INFO     ___FILE_ONLY___ Response
2022-11-02 09:00:14,874 INFO     ___FILE_ONLY___  
2022-11-02 09:00:14,874 INFO     ___FILE_ONLY___ Policies
2022-11-02 09:00:14,875 INFO     ___FILE_ONLY___  
2022-11-02 09:00:14,875 INFO     ___FILE_ONLY___ GA
2022-11-02 09:00:14,875 INFO     ___FILE_ONLY___ 

2022-11-02 09:00:14,875 INFO     ___FILE_ONLY___         
2022-11-02 09:00:14,875 INFO     ___FILE_ONLY___ commands.
2022-11-02 09:00:14,875 INFO     ___FILE_ONLY___  
2022-11-02 09:00:14,876 INFO     ___FILE_ONLY___ This
2022-11-02 09:00:14,877 INFO     ___FILE_ONLY___  
2022-11-02 09:00:14,878 INFO     ___FILE_ONLY___ flag
2022-11-02 09:00:14,878 INFO     ___FILE_ONLY___  
2022-11-02 09:00:14,878 INFO     ___FILE_ONLY___ can
2022-11-02 09:00:14,878 INFO     ___FILE_ONLY___  
2022-11-02 09:00:14,879 INFO     ___FILE_ONLY___ be
2022-11-02 09:00:14,879 INFO     ___FILE_ONLY___  
2022-11-02 09:00:14,880 INFO     ___FILE_ONLY___ specified
2022-11-02 09:00:14,880 INFO     ___FILE_ONLY___  
2022-11-02 09:00:14,880 INFO     ___FILE_ONLY___ to
2022-11-02 09:00:14,880 INFO     ___FILE_ONLY___  
2022-11-02 09:00:14,880 INFO     ___FILE_ONLY___ target
2022-11-02 09:00:14,881 INFO     ___FILE_ONLY___  
2022-11-02 09:00:14,881 INFO     ___FILE_ONLY___ Cloud
2022-11-02 09:00:14,881 INFO     ___FILE_ONLY___  
2022-11-02 09:00:14,882 INFO     ___FILE_ONLY___ DNS
2022-11-02 09:00:14,882 INFO     ___FILE_ONLY___  
2022-11-02 09:00:14,882 INFO     ___FILE_ONLY___ Zonal
2022-11-02 09:00:14,883 INFO     ___FILE_ONLY___  
2022-11-02 09:00:14,883 INFO     ___FILE_ONLY___ Servers.
2022-11-02 09:00:14,883 INFO     ___FILE_ONLY___ 

2022-11-02 09:00:14,884 INFO     ___FILE_ONLY___ 

2022-11-02 09:00:14,884 INFO     ___FILE_ONLY___ [m
2022-11-02 09:00:14,884 INFO     ___FILE_ONLY___   
2022-11-02 09:00:14,885 INFO     ___FILE_ONLY___ [1mCloud Dataproc[m

2022-11-02 09:00:14,885 INFO     ___FILE_ONLY___       ▪
2022-11-02 09:00:14,886 INFO     ___FILE_ONLY___  
2022-11-02 09:00:14,886 INFO     ___FILE_ONLY___ Fixed
2022-11-02 09:00:14,886 INFO     ___FILE_ONLY___  
2022-11-02 09:00:14,886 INFO     ___FILE_ONLY___ issue
2022-11-02 09:00:14,886 INFO     ___FILE_ONLY___  
2022-11-02 09:00:14,886 INFO     ___FILE_ONLY___ where
2022-11-02 09:00:14,887 INFO     ___FILE_ONLY___  
2022-11-02 09:00:14,887 INFO     ___FILE_ONLY___ [1mgcloud
2022-11-02 09:00:14,887 INFO     ___FILE_ONLY___  
2022-11-02 09:00:14,887 INFO     ___FILE_ONLY___ beta
2022-11-02 09:00:14,888 INFO     ___FILE_ONLY___  
2022-11-02 09:00:14,888 INFO     ___FILE_ONLY___ dataproc
2022-11-02 09:00:14,888 INFO     ___FILE_ONLY___  
2022-11-02 09:00:14,888 INFO     ___FILE_ONLY___ sessions
2022-11-02 09:00:14,889 INFO     ___FILE_ONLY___  
2022-11-02 09:00:14,889 INFO     ___FILE_ONLY___ list[m
2022-11-02 09:00:14,889 INFO     ___FILE_ONLY___  
2022-11-02 09:00:14,889 INFO     ___FILE_ONLY___ would
2022-11-02 09:00:14,889 INFO     ___FILE_ONLY___  
2022-11-02 09:00:14,890 INFO     ___FILE_ONLY___ hang
2022-11-02 09:00:14,890 INFO     ___FILE_ONLY___  
2022-11-02 09:00:14,890 INFO     ___FILE_ONLY___ when
2022-11-02 09:00:14,891 INFO     ___FILE_ONLY___ 

2022-11-02 09:00:14,891 INFO     ___FILE_ONLY___         
2022-11-02 09:00:14,891 INFO     ___FILE_ONLY___ large
2022-11-02 09:00:14,891 INFO     ___FILE_ONLY___  
2022-11-02 09:00:14,891 INFO     ___FILE_ONLY___ numbers
2022-11-02 09:00:14,891 INFO     ___FILE_ONLY___  
2022-11-02 09:00:14,891 INFO     ___FILE_ONLY___ of
2022-11-02 09:00:14,892 INFO     ___FILE_ONLY___  
2022-11-02 09:00:14,892 INFO     ___FILE_ONLY___ sessions
2022-11-02 09:00:14,892 INFO     ___FILE_ONLY___  
2022-11-02 09:00:14,892 INFO     ___FILE_ONLY___ are
2022-11-02 09:00:14,892 INFO     ___FILE_ONLY___  
2022-11-02 09:00:14,892 INFO     ___FILE_ONLY___ present.
2022-11-02 09:00:14,893 INFO     ___FILE_ONLY___ 

2022-11-02 09:00:14,893 INFO     ___FILE_ONLY___ 

2022-11-02 09:00:14,893 INFO     ___FILE_ONLY___ [m
2022-11-02 09:00:14,893 INFO     ___FILE_ONLY___   
2022-11-02 09:00:14,894 INFO     ___FILE_ONLY___ [1mCloud Deploy[m

2022-11-02 09:00:14,894 INFO     ___FILE_ONLY___       ▪
2022-11-02 09:00:14,895 INFO     ___FILE_ONLY___  
2022-11-02 09:00:14,895 INFO     ___FILE_ONLY___ Added
2022-11-02 09:00:14,896 INFO     ___FILE_ONLY___  
2022-11-02 09:00:14,896 INFO     ___FILE_ONLY___ new
2022-11-02 09:00:14,896 INFO     ___FILE_ONLY___  
2022-11-02 09:00:14,897 INFO     ___FILE_ONLY___ [1m--from-run-manifest[m
2022-11-02 09:00:14,897 INFO     ___FILE_ONLY___  
2022-11-02 09:00:14,897 INFO     ___FILE_ONLY___ to
2022-11-02 09:00:14,897 INFO     ___FILE_ONLY___  
2022-11-02 09:00:14,897 INFO     ___FILE_ONLY___ [1mgcloud
2022-11-02 09:00:14,898 INFO     ___FILE_ONLY___  
2022-11-02 09:00:14,898 INFO     ___FILE_ONLY___ deploy
2022-11-02 09:00:14,898 INFO     ___FILE_ONLY___  
2022-11-02 09:00:14,898 INFO     ___FILE_ONLY___ releases
2022-11-02 09:00:14,898 INFO     ___FILE_ONLY___  
2022-11-02 09:00:14,899 INFO     ___FILE_ONLY___ create[m
2022-11-02 09:00:14,899 INFO     ___FILE_ONLY___ 

2022-11-02 09:00:14,900 INFO     ___FILE_ONLY___         
2022-11-02 09:00:14,900 INFO     ___FILE_ONLY___ command.
2022-11-02 09:00:14,900 INFO     ___FILE_ONLY___  
2022-11-02 09:00:14,901 INFO     ___FILE_ONLY___ When
2022-11-02 09:00:14,901 INFO     ___FILE_ONLY___  
2022-11-02 09:00:14,901 INFO     ___FILE_ONLY___ used,
2022-11-02 09:00:14,901 INFO     ___FILE_ONLY___  
2022-11-02 09:00:14,901 INFO     ___FILE_ONLY___ a
2022-11-02 09:00:14,902 INFO     ___FILE_ONLY___  
2022-11-02 09:00:14,902 INFO     ___FILE_ONLY___ Skaffold
2022-11-02 09:00:14,902 INFO     ___FILE_ONLY___  
2022-11-02 09:00:14,902 INFO     ___FILE_ONLY___ file
2022-11-02 09:00:14,902 INFO     ___FILE_ONLY___  
2022-11-02 09:00:14,902 INFO     ___FILE_ONLY___ will
2022-11-02 09:00:14,903 INFO     ___FILE_ONLY___  
2022-11-02 09:00:14,903 INFO     ___FILE_ONLY___ be
2022-11-02 09:00:14,903 INFO     ___FILE_ONLY___  
2022-11-02 09:00:14,903 INFO     ___FILE_ONLY___ generated
2022-11-02 09:00:14,904 INFO     ___FILE_ONLY___  
2022-11-02 09:00:14,904 INFO     ___FILE_ONLY___ using
2022-11-02 09:00:14,904 INFO     ___FILE_ONLY___  
2022-11-02 09:00:14,904 INFO     ___FILE_ONLY___ the
2022-11-02 09:00:14,904 INFO     ___FILE_ONLY___  
2022-11-02 09:00:14,905 INFO     ___FILE_ONLY___ Cloud
2022-11-02 09:00:14,905 INFO     ___FILE_ONLY___ 

2022-11-02 09:00:14,905 INFO     ___FILE_ONLY___         
2022-11-02 09:00:14,905 INFO     ___FILE_ONLY___ Run
2022-11-02 09:00:14,905 INFO     ___FILE_ONLY___  
2022-11-02 09:00:14,906 INFO     ___FILE_ONLY___ manifest.
2022-11-02 09:00:14,906 INFO     ___FILE_ONLY___ 

2022-11-02 09:00:14,906 INFO     ___FILE_ONLY___ 

2022-11-02 09:00:14,906 INFO     ___FILE_ONLY___ [m
2022-11-02 09:00:14,907 INFO     ___FILE_ONLY___   
2022-11-02 09:00:14,907 INFO     ___FILE_ONLY___ [1mCloud Run[m

2022-11-02 09:00:14,907 INFO     ___FILE_ONLY___       ▪
2022-11-02 09:00:14,908 INFO     ___FILE_ONLY___  
2022-11-02 09:00:14,908 INFO     ___FILE_ONLY___ Added
2022-11-02 09:00:14,909 INFO     ___FILE_ONLY___  
2022-11-02 09:00:14,909 INFO     ___FILE_ONLY___ [1m--encryption-key-shutdown-hours[m
2022-11-02 09:00:14,909 INFO     ___FILE_ONLY___  
2022-11-02 09:00:14,909 INFO     ___FILE_ONLY___ flag
2022-11-02 09:00:14,909 INFO     ___FILE_ONLY___  
2022-11-02 09:00:14,910 INFO     ___FILE_ONLY___ to
2022-11-02 09:00:14,910 INFO     ___FILE_ONLY___  
2022-11-02 09:00:14,910 INFO     ___FILE_ONLY___ [1mgcloud
2022-11-02 09:00:14,910 INFO     ___FILE_ONLY___  
2022-11-02 09:00:14,910 INFO     ___FILE_ONLY___ beta
2022-11-02 09:00:14,910 INFO     ___FILE_ONLY___  
2022-11-02 09:00:14,911 INFO     ___FILE_ONLY___ run
2022-11-02 09:00:14,911 INFO     ___FILE_ONLY___  
2022-11-02 09:00:14,911 INFO     ___FILE_ONLY___ deploy[m
2022-11-02 09:00:14,911 INFO     ___FILE_ONLY___ 

2022-11-02 09:00:14,912 INFO     ___FILE_ONLY___         
2022-11-02 09:00:14,912 INFO     ___FILE_ONLY___ and
2022-11-02 09:00:14,912 INFO     ___FILE_ONLY___  
2022-11-02 09:00:14,912 INFO     ___FILE_ONLY___ [1mgcloud
2022-11-02 09:00:14,912 INFO     ___FILE_ONLY___  
2022-11-02 09:00:14,912 INFO     ___FILE_ONLY___ beta
2022-11-02 09:00:14,913 INFO     ___FILE_ONLY___  
2022-11-02 09:00:14,913 INFO     ___FILE_ONLY___ run
2022-11-02 09:00:14,913 INFO     ___FILE_ONLY___  
2022-11-02 09:00:14,913 INFO     ___FILE_ONLY___ services
2022-11-02 09:00:14,913 INFO     ___FILE_ONLY___  
2022-11-02 09:00:14,913 INFO     ___FILE_ONLY___ update[m
2022-11-02 09:00:14,914 INFO     ___FILE_ONLY___  
2022-11-02 09:00:14,914 INFO     ___FILE_ONLY___ to
2022-11-02 09:00:14,914 INFO     ___FILE_ONLY___  
2022-11-02 09:00:14,914 INFO     ___FILE_ONLY___ set
2022-11-02 09:00:14,917 INFO     ___FILE_ONLY___  
2022-11-02 09:00:14,937 INFO     ___FILE_ONLY___ the
2022-11-02 09:00:14,937 INFO     ___FILE_ONLY___  
2022-11-02 09:00:14,938 INFO     ___FILE_ONLY___ number
2022-11-02 09:00:14,938 INFO     ___FILE_ONLY___  
2022-11-02 09:00:14,939 INFO     ___FILE_ONLY___ of
2022-11-02 09:00:14,939 INFO     ___FILE_ONLY___  
2022-11-02 09:00:14,940 INFO     ___FILE_ONLY___ hours
2022-11-02 09:00:14,941 INFO     ___FILE_ONLY___  
2022-11-02 09:00:14,941 INFO     ___FILE_ONLY___ to
2022-11-02 09:00:14,941 INFO     ___FILE_ONLY___  
2022-11-02 09:00:14,941 INFO     ___FILE_ONLY___ wait
2022-11-02 09:00:14,942 INFO     ___FILE_ONLY___ 

2022-11-02 09:00:14,942 INFO     ___FILE_ONLY___         
2022-11-02 09:00:14,942 INFO     ___FILE_ONLY___ before
2022-11-02 09:00:14,942 INFO     ___FILE_ONLY___  
2022-11-02 09:00:14,942 INFO     ___FILE_ONLY___ an
2022-11-02 09:00:14,942 INFO     ___FILE_ONLY___  
2022-11-02 09:00:14,943 INFO     ___FILE_ONLY___ automatic
2022-11-02 09:00:14,943 INFO     ___FILE_ONLY___  
2022-11-02 09:00:14,943 INFO     ___FILE_ONLY___ shutdown
2022-11-02 09:00:14,943 INFO     ___FILE_ONLY___  
2022-11-02 09:00:14,944 INFO     ___FILE_ONLY___ server
2022-11-02 09:00:14,944 INFO     ___FILE_ONLY___  
2022-11-02 09:00:14,944 INFO     ___FILE_ONLY___ after
2022-11-02 09:00:14,944 INFO     ___FILE_ONLY___  
2022-11-02 09:00:14,944 INFO     ___FILE_ONLY___ CMEK
2022-11-02 09:00:14,944 INFO     ___FILE_ONLY___  
2022-11-02 09:00:14,944 INFO     ___FILE_ONLY___ key
2022-11-02 09:00:14,945 INFO     ___FILE_ONLY___  
2022-11-02 09:00:14,945 INFO     ___FILE_ONLY___ revocation
2022-11-02 09:00:14,945 INFO     ___FILE_ONLY___  
2022-11-02 09:00:14,945 INFO     ___FILE_ONLY___ is
2022-11-02 09:00:14,945 INFO     ___FILE_ONLY___ 

2022-11-02 09:00:14,946 INFO     ___FILE_ONLY___         
2022-11-02 09:00:14,946 INFO     ___FILE_ONLY___ detected.
2022-11-02 09:00:14,946 INFO     ___FILE_ONLY___ 

2022-11-02 09:00:14,946 INFO     ___FILE_ONLY___       ▪
2022-11-02 09:00:14,946 INFO     ___FILE_ONLY___  
2022-11-02 09:00:14,946 INFO     ___FILE_ONLY___ Added
2022-11-02 09:00:14,947 INFO     ___FILE_ONLY___  
2022-11-02 09:00:14,947 INFO     ___FILE_ONLY___ [1m--clear-encryption-key-shutdown-hours[m
2022-11-02 09:00:14,947 INFO     ___FILE_ONLY___  
2022-11-02 09:00:14,947 INFO     ___FILE_ONLY___ flag
2022-11-02 09:00:14,948 INFO     ___FILE_ONLY___  
2022-11-02 09:00:14,948 INFO     ___FILE_ONLY___ to
2022-11-02 09:00:14,948 INFO     ___FILE_ONLY___  
2022-11-02 09:00:14,948 INFO     ___FILE_ONLY___ [1mgcloud
2022-11-02 09:00:14,951 INFO     ___FILE_ONLY___  
2022-11-02 09:00:14,951 INFO     ___FILE_ONLY___ beta
2022-11-02 09:00:14,951 INFO     ___FILE_ONLY___  
2022-11-02 09:00:14,951 INFO     ___FILE_ONLY___ run
2022-11-02 09:00:14,951 INFO     ___FILE_ONLY___ 

2022-11-02 09:00:14,951 INFO     ___FILE_ONLY___         
2022-11-02 09:00:14,952 INFO     ___FILE_ONLY___ deploy[m
2022-11-02 09:00:14,952 INFO     ___FILE_ONLY___  
2022-11-02 09:00:14,952 INFO     ___FILE_ONLY___ and
2022-11-02 09:00:14,952 INFO     ___FILE_ONLY___  
2022-11-02 09:00:14,952 INFO     ___FILE_ONLY___ [1mgcloud
2022-11-02 09:00:14,952 INFO     ___FILE_ONLY___  
2022-11-02 09:00:14,952 INFO     ___FILE_ONLY___ beta
2022-11-02 09:00:14,953 INFO     ___FILE_ONLY___  
2022-11-02 09:00:14,953 INFO     ___FILE_ONLY___ run
2022-11-02 09:00:14,953 INFO     ___FILE_ONLY___  
2022-11-02 09:00:14,953 INFO     ___FILE_ONLY___ services
2022-11-02 09:00:14,953 INFO     ___FILE_ONLY___  
2022-11-02 09:00:14,953 INFO     ___FILE_ONLY___ update[m
2022-11-02 09:00:14,953 INFO     ___FILE_ONLY___  
2022-11-02 09:00:14,954 INFO     ___FILE_ONLY___ to
2022-11-02 09:00:14,954 INFO     ___FILE_ONLY___  
2022-11-02 09:00:14,954 INFO     ___FILE_ONLY___ clear
2022-11-02 09:00:14,954 INFO     ___FILE_ONLY___  
2022-11-02 09:00:14,954 INFO     ___FILE_ONLY___ the
2022-11-02 09:00:14,955 INFO     ___FILE_ONLY___  
2022-11-02 09:00:14,955 INFO     ___FILE_ONLY___ CMEK
2022-11-02 09:00:14,955 INFO     ___FILE_ONLY___  
2022-11-02 09:00:14,955 INFO     ___FILE_ONLY___ key
2022-11-02 09:00:14,955 INFO     ___FILE_ONLY___ 

2022-11-02 09:00:14,955 INFO     ___FILE_ONLY___         
2022-11-02 09:00:14,955 INFO     ___FILE_ONLY___ shutdown
2022-11-02 09:00:14,956 INFO     ___FILE_ONLY___  
2022-11-02 09:00:14,956 INFO     ___FILE_ONLY___ hours
2022-11-02 09:00:14,956 INFO     ___FILE_ONLY___  
2022-11-02 09:00:14,956 INFO     ___FILE_ONLY___ setting.
2022-11-02 09:00:14,956 INFO     ___FILE_ONLY___ 

2022-11-02 09:00:14,956 INFO     ___FILE_ONLY___ 

2022-11-02 09:00:14,956 INFO     ___FILE_ONLY___ [m
2022-11-02 09:00:14,957 INFO     ___FILE_ONLY___   
2022-11-02 09:00:14,957 INFO     ___FILE_ONLY___ [1mCompute Engine[m

2022-11-02 09:00:14,957 INFO     ___FILE_ONLY___       ▪
2022-11-02 09:00:14,957 INFO     ___FILE_ONLY___  
2022-11-02 09:00:14,957 INFO     ___FILE_ONLY___ Updated
2022-11-02 09:00:14,957 INFO     ___FILE_ONLY___  
2022-11-02 09:00:14,958 INFO     ___FILE_ONLY___ [1mgcloud
2022-11-02 09:00:14,959 INFO     ___FILE_ONLY___  
2022-11-02 09:00:14,960 INFO     ___FILE_ONLY___ compute
2022-11-02 09:00:14,960 INFO     ___FILE_ONLY___  
2022-11-02 09:00:14,960 INFO     ___FILE_ONLY___ instance-templates
2022-11-02 09:00:14,961 INFO     ___FILE_ONLY___  
2022-11-02 09:00:14,961 INFO     ___FILE_ONLY___ create[m
2022-11-02 09:00:14,961 INFO     ___FILE_ONLY___  
2022-11-02 09:00:14,961 INFO     ___FILE_ONLY___ to
2022-11-02 09:00:14,961 INFO     ___FILE_ONLY___  
2022-11-02 09:00:14,961 INFO     ___FILE_ONLY___ throw
2022-11-02 09:00:14,961 INFO     ___FILE_ONLY___  
2022-11-02 09:00:14,962 INFO     ___FILE_ONLY___ error
2022-11-02 09:00:14,962 INFO     ___FILE_ONLY___  
2022-11-02 09:00:14,962 INFO     ___FILE_ONLY___ if
2022-11-02 09:00:14,962 INFO     ___FILE_ONLY___ 

2022-11-02 09:00:14,962 INFO     ___FILE_ONLY___         
2022-11-02 09:00:14,962 INFO     ___FILE_ONLY___ [1m--machine-type[m/[1m--labels[m
2022-11-02 09:00:14,962 INFO     ___FILE_ONLY___  
2022-11-02 09:00:14,962 INFO     ___FILE_ONLY___ flags
2022-11-02 09:00:14,963 INFO     ___FILE_ONLY___  
2022-11-02 09:00:14,963 INFO     ___FILE_ONLY___ are
2022-11-02 09:00:14,963 INFO     ___FILE_ONLY___  
2022-11-02 09:00:14,963 INFO     ___FILE_ONLY___ used
2022-11-02 09:00:14,963 INFO     ___FILE_ONLY___  
2022-11-02 09:00:14,963 INFO     ___FILE_ONLY___ with
2022-11-02 09:00:14,963 INFO     ___FILE_ONLY___  
2022-11-02 09:00:14,963 INFO     ___FILE_ONLY___ [1m--source-instance[m.
2022-11-02 09:00:14,964 INFO     ___FILE_ONLY___ 

2022-11-02 09:00:14,964 INFO     ___FILE_ONLY___       ▪
2022-11-02 09:00:14,964 INFO     ___FILE_ONLY___  
2022-11-02 09:00:14,964 INFO     ___FILE_ONLY___ Promoted
2022-11-02 09:00:14,964 INFO     ___FILE_ONLY___  
2022-11-02 09:00:14,964 INFO     ___FILE_ONLY___ [1m--compression-mode[m
2022-11-02 09:00:14,965 INFO     ___FILE_ONLY___  
2022-11-02 09:00:14,965 INFO     ___FILE_ONLY___ flag
2022-11-02 09:00:14,965 INFO     ___FILE_ONLY___  
2022-11-02 09:00:14,965 INFO     ___FILE_ONLY___ to
2022-11-02 09:00:14,965 INFO     ___FILE_ONLY___  
2022-11-02 09:00:14,965 INFO     ___FILE_ONLY___ [1mgcloud
2022-11-02 09:00:14,965 INFO     ___FILE_ONLY___  
2022-11-02 09:00:14,965 INFO     ___FILE_ONLY___ compute
2022-11-02 09:00:14,966 INFO     ___FILE_ONLY___  
2022-11-02 09:00:14,966 INFO     ___FILE_ONLY___ backend-services
2022-11-02 09:00:14,966 INFO     ___FILE_ONLY___ 

2022-11-02 09:00:14,966 INFO     ___FILE_ONLY___         
2022-11-02 09:00:14,966 INFO     ___FILE_ONLY___ <create
2022-11-02 09:00:14,966 INFO     ___FILE_ONLY___  
2022-11-02 09:00:14,966 INFO     ___FILE_ONLY___ |
2022-11-02 09:00:14,966 INFO     ___FILE_ONLY___  
2022-11-02 09:00:14,967 INFO     ___FILE_ONLY___ update>[m
2022-11-02 09:00:14,967 INFO     ___FILE_ONLY___  
2022-11-02 09:00:14,967 INFO     ___FILE_ONLY___ to
2022-11-02 09:00:14,967 INFO     ___FILE_ONLY___  
2022-11-02 09:00:14,967 INFO     ___FILE_ONLY___ GA.
2022-11-02 09:00:14,967 INFO     ___FILE_ONLY___ 

2022-11-02 09:00:14,967 INFO     ___FILE_ONLY___       ▪
2022-11-02 09:00:14,968 INFO     ___FILE_ONLY___  
2022-11-02 09:00:14,968 INFO     ___FILE_ONLY___ Promoted
2022-11-02 09:00:14,968 INFO     ___FILE_ONLY___  
2022-11-02 09:00:14,969 INFO     ___FILE_ONLY___ [1m--compression-mode[m
2022-11-02 09:00:14,969 INFO     ___FILE_ONLY___  
2022-11-02 09:00:14,969 INFO     ___FILE_ONLY___ flag
2022-11-02 09:00:14,969 INFO     ___FILE_ONLY___  
2022-11-02 09:00:14,970 INFO     ___FILE_ONLY___ to
2022-11-02 09:00:14,970 INFO     ___FILE_ONLY___  
2022-11-02 09:00:14,971 INFO     ___FILE_ONLY___ [1mgcloud
2022-11-02 09:00:14,971 INFO     ___FILE_ONLY___  
2022-11-02 09:00:14,971 INFO     ___FILE_ONLY___ compute
2022-11-02 09:00:14,971 INFO     ___FILE_ONLY___  
2022-11-02 09:00:14,971 INFO     ___FILE_ONLY___ backend-buckets
2022-11-02 09:00:14,971 INFO     ___FILE_ONLY___ 

2022-11-02 09:00:14,972 INFO     ___FILE_ONLY___         
2022-11-02 09:00:14,972 INFO     ___FILE_ONLY___ <create
2022-11-02 09:00:14,994 INFO     ___FILE_ONLY___  
2022-11-02 09:00:14,994 INFO     ___FILE_ONLY___ |
2022-11-02 09:00:14,994 INFO     ___FILE_ONLY___  
2022-11-02 09:00:14,995 INFO     ___FILE_ONLY___ update>[m
2022-11-02 09:00:14,995 INFO     ___FILE_ONLY___  
2022-11-02 09:00:14,995 INFO     ___FILE_ONLY___ to
2022-11-02 09:00:14,995 INFO     ___FILE_ONLY___  
2022-11-02 09:00:14,996 INFO     ___FILE_ONLY___ GA.
2022-11-02 09:00:14,996 INFO     ___FILE_ONLY___ 

2022-11-02 09:00:14,996 INFO     ___FILE_ONLY___ 

2022-11-02 09:00:14,996 INFO     ___FILE_ONLY___    
2022-11-02 09:00:14,997 INFO     ___FILE_ONLY___  
2022-11-02 09:00:14,997 INFO     ___FILE_ONLY___ Subscribe
2022-11-02 09:00:14,997 INFO     ___FILE_ONLY___  
2022-11-02 09:00:14,997 INFO     ___FILE_ONLY___ to
2022-11-02 09:00:14,997 INFO     ___FILE_ONLY___  
2022-11-02 09:00:14,997 INFO     ___FILE_ONLY___ these
2022-11-02 09:00:14,998 INFO     ___FILE_ONLY___  
2022-11-02 09:00:14,998 INFO     ___FILE_ONLY___ release
2022-11-02 09:00:14,998 INFO     ___FILE_ONLY___  
2022-11-02 09:00:14,998 INFO     ___FILE_ONLY___ notes
2022-11-02 09:00:14,998 INFO     ___FILE_ONLY___  
2022-11-02 09:00:14,998 INFO     ___FILE_ONLY___ at
2022-11-02 09:00:14,998 INFO     ___FILE_ONLY___ 

2022-11-02 09:00:14,999 INFO     ___FILE_ONLY___     
2022-11-02 09:00:14,999 INFO     ___FILE_ONLY___ https://groups.google.com/forum/#!forum/google-cloud-sdk-announce
2022-11-02 09:00:14,999 INFO     ___FILE_ONLY___ 

2022-11-02 09:00:14,999 INFO     ___FILE_ONLY___     
2022-11-02 09:00:14,999 INFO     ___FILE_ONLY___ (https://groups.google.com/forum/#!forum/google-cloud-sdk-announce).
2022-11-02 09:00:14,999 INFO     ___FILE_ONLY___ 

2022-11-02 09:00:14,999 INFO     ___FILE_ONLY___ 

2022-11-02 09:00:14,999 INFO     ___FILE_ONLY___ [m
2022-11-02 09:00:14,999 INFO     ___FILE_ONLY___ [1m402.0.0 (2022-09-13)[m

2022-11-02 09:00:15,000 INFO     ___FILE_ONLY___ [m
2022-11-02 09:00:15,000 INFO     ___FILE_ONLY___   
2022-11-02 09:00:15,000 INFO     ___FILE_ONLY___ [1mBreaking Changes[m

2022-11-02 09:00:15,000 INFO     ___FILE_ONLY___       ▪
2022-11-02 09:00:15,000 INFO     ___FILE_ONLY___  
2022-11-02 09:00:15,001 INFO     ___FILE_ONLY___ **(Google
2022-11-02 09:00:15,001 INFO     ___FILE_ONLY___  
2022-11-02 09:00:15,001 INFO     ___FILE_ONLY___ Cloud
2022-11-02 09:00:15,001 INFO     ___FILE_ONLY___  
2022-11-02 09:00:15,001 INFO     ___FILE_ONLY___ CLI)**
2022-11-02 09:00:15,001 INFO     ___FILE_ONLY___  
2022-11-02 09:00:15,001 INFO     ___FILE_ONLY___ The
2022-11-02 09:00:15,001 INFO     ___FILE_ONLY___  
2022-11-02 09:00:15,001 INFO     ___FILE_ONLY___ gcloud
2022-11-02 09:00:15,001 INFO     ___FILE_ONLY___  
2022-11-02 09:00:15,002 INFO     ___FILE_ONLY___ command-line
2022-11-02 09:00:15,002 INFO     ___FILE_ONLY___  
2022-11-02 09:00:15,002 INFO     ___FILE_ONLY___ tool
2022-11-02 09:00:15,002 INFO     ___FILE_ONLY___  
2022-11-02 09:00:15,002 INFO     ___FILE_ONLY___ no
2022-11-02 09:00:15,002 INFO     ___FILE_ONLY___  
2022-11-02 09:00:15,003 INFO     ___FILE_ONLY___ longer
2022-11-02 09:00:15,003 INFO     ___FILE_ONLY___ 

2022-11-02 09:00:15,003 INFO     ___FILE_ONLY___         
2022-11-02 09:00:15,003 INFO     ___FILE_ONLY___ overrides
2022-11-02 09:00:15,003 INFO     ___FILE_ONLY___  
2022-11-02 09:00:15,005 INFO     ___FILE_ONLY___ the
2022-11-02 09:00:15,005 INFO     ___FILE_ONLY___  
2022-11-02 09:00:15,006 INFO     ___FILE_ONLY___ scheme
2022-11-02 09:00:15,006 INFO     ___FILE_ONLY___  
2022-11-02 09:00:15,006 INFO     ___FILE_ONLY___ specified
2022-11-02 09:00:15,006 INFO     ___FILE_ONLY___  
2022-11-02 09:00:15,006 INFO     ___FILE_ONLY___ in
2022-11-02 09:00:15,006 INFO     ___FILE_ONLY___  
2022-11-02 09:00:15,007 INFO     ___FILE_ONLY___ the
2022-11-02 09:00:15,007 INFO     ___FILE_ONLY___  
2022-11-02 09:00:15,007 INFO     ___FILE_ONLY___ [1mhttps_proxy[m
2022-11-02 09:00:15,007 INFO     ___FILE_ONLY___  
2022-11-02 09:00:15,007 INFO     ___FILE_ONLY___ environment
2022-11-02 09:00:15,008 INFO     ___FILE_ONLY___  
2022-11-02 09:00:15,008 INFO     ___FILE_ONLY___ variable.
2022-11-02 09:00:15,008 INFO     ___FILE_ONLY___ 

2022-11-02 09:00:15,008 INFO     ___FILE_ONLY___         
2022-11-02 09:00:15,009 INFO     ___FILE_ONLY___ Previously,
2022-11-02 09:00:15,009 INFO     ___FILE_ONLY___  
2022-11-02 09:00:15,010 INFO     ___FILE_ONLY___ the
2022-11-02 09:00:15,017 INFO     ___FILE_ONLY___  
2022-11-02 09:00:15,019 INFO     ___FILE_ONLY___ scheme
2022-11-02 09:00:15,020 INFO     ___FILE_ONLY___  
2022-11-02 09:00:15,020 INFO     ___FILE_ONLY___ was
2022-11-02 09:00:15,020 INFO     ___FILE_ONLY___  
2022-11-02 09:00:15,020 INFO     ___FILE_ONLY___ silently
2022-11-02 09:00:15,020 INFO     ___FILE_ONLY___  
2022-11-02 09:00:15,021 INFO     ___FILE_ONLY___ ignored
2022-11-02 09:00:15,021 INFO     ___FILE_ONLY___  
2022-11-02 09:00:15,021 INFO     ___FILE_ONLY___ and
2022-11-02 09:00:15,021 INFO     ___FILE_ONLY___  
2022-11-02 09:00:15,021 INFO     ___FILE_ONLY___ the
2022-11-02 09:00:15,021 INFO     ___FILE_ONLY___  
2022-11-02 09:00:15,021 INFO     ___FILE_ONLY___ gcloud
2022-11-02 09:00:15,022 INFO     ___FILE_ONLY___  
2022-11-02 09:00:15,022 INFO     ___FILE_ONLY___ command-line
2022-11-02 09:00:15,022 INFO     ___FILE_ONLY___ 

2022-11-02 09:00:15,022 INFO     ___FILE_ONLY___         
2022-11-02 09:00:15,022 INFO     ___FILE_ONLY___ tool
2022-11-02 09:00:15,022 INFO     ___FILE_ONLY___  
2022-11-02 09:00:15,022 INFO     ___FILE_ONLY___ would
2022-11-02 09:00:15,022 INFO     ___FILE_ONLY___  
2022-11-02 09:00:15,023 INFO     ___FILE_ONLY___ always
2022-11-02 09:00:15,023 INFO     ___FILE_ONLY___  
2022-11-02 09:00:15,023 INFO     ___FILE_ONLY___ attempt
2022-11-02 09:00:15,023 INFO     ___FILE_ONLY___  
2022-11-02 09:00:15,023 INFO     ___FILE_ONLY___ to
2022-11-02 09:00:15,023 INFO     ___FILE_ONLY___  
2022-11-02 09:00:15,023 INFO     ___FILE_ONLY___ connect
2022-11-02 09:00:15,036 INFO     ___FILE_ONLY___  
2022-11-02 09:00:15,036 INFO     ___FILE_ONLY___ to
2022-11-02 09:00:15,038 INFO     ___FILE_ONLY___  
2022-11-02 09:00:15,038 INFO     ___FILE_ONLY___ the
2022-11-02 09:00:15,038 INFO     ___FILE_ONLY___  
2022-11-02 09:00:15,038 INFO     ___FILE_ONLY___ proxy
2022-11-02 09:00:15,038 INFO     ___FILE_ONLY___  
2022-11-02 09:00:15,038 INFO     ___FILE_ONLY___ via
2022-11-02 09:00:15,039 INFO     ___FILE_ONLY___  
2022-11-02 09:00:15,039 INFO     ___FILE_ONLY___ HTTP,
2022-11-02 09:00:15,039 INFO     ___FILE_ONLY___  
2022-11-02 09:00:15,041 INFO     ___FILE_ONLY___ even
2022-11-02 09:00:15,044 INFO     ___FILE_ONLY___  
2022-11-02 09:00:15,044 INFO     ___FILE_ONLY___ if
2022-11-02 09:00:15,045 INFO     ___FILE_ONLY___  
2022-11-02 09:00:15,045 INFO     ___FILE_ONLY___ the
2022-11-02 09:00:15,045 INFO     ___FILE_ONLY___ 

2022-11-02 09:00:15,045 INFO     ___FILE_ONLY___         
2022-11-02 09:00:15,045 INFO     ___FILE_ONLY___ proxy
2022-11-02 09:00:15,045 INFO     ___FILE_ONLY___  
2022-11-02 09:00:15,046 INFO     ___FILE_ONLY___ server
2022-11-02 09:00:15,047 INFO     ___FILE_ONLY___  
2022-11-02 09:00:15,047 INFO     ___FILE_ONLY___ URL
2022-11-02 09:00:15,047 INFO     ___FILE_ONLY___  
2022-11-02 09:00:15,048 INFO     ___FILE_ONLY___ specified
2022-11-02 09:00:15,048 INFO     ___FILE_ONLY___  
2022-11-02 09:00:15,049 INFO     ___FILE_ONLY___ HTTPS.
2022-11-02 09:00:15,049 INFO     ___FILE_ONLY___ 

2022-11-02 09:00:15,049 INFO     ___FILE_ONLY___         ◆
2022-11-02 09:00:15,050 INFO     ___FILE_ONLY___  
2022-11-02 09:00:15,051 INFO     ___FILE_ONLY___ Note
2022-11-02 09:00:15,052 INFO     ___FILE_ONLY___  
2022-11-02 09:00:15,052 INFO     ___FILE_ONLY___ that
2022-11-02 09:00:15,052 INFO     ___FILE_ONLY___  
2022-11-02 09:00:15,052 INFO     ___FILE_ONLY___ the
2022-11-02 09:00:15,052 INFO     ___FILE_ONLY___  
2022-11-02 09:00:15,053 INFO     ___FILE_ONLY___ gcloud
2022-11-02 09:00:15,053 INFO     ___FILE_ONLY___  
2022-11-02 09:00:15,053 INFO     ___FILE_ONLY___ command-line
2022-11-02 09:00:15,053 INFO     ___FILE_ONLY___  
2022-11-02 09:00:15,053 INFO     ___FILE_ONLY___ tool
2022-11-02 09:00:15,053 INFO     ___FILE_ONLY___  
2022-11-02 09:00:15,053 INFO     ___FILE_ONLY___ does
2022-11-02 09:00:15,053 INFO     ___FILE_ONLY___  
2022-11-02 09:00:15,054 INFO     ___FILE_ONLY___ not
2022-11-02 09:00:15,054 INFO     ___FILE_ONLY___  
2022-11-02 09:00:15,054 INFO     ___FILE_ONLY___ currently
2022-11-02 09:00:15,054 INFO     ___FILE_ONLY___  
2022-11-02 09:00:15,054 INFO     ___FILE_ONLY___ support
2022-11-02 09:00:15,055 INFO     ___FILE_ONLY___ 

2022-11-02 09:00:15,055 INFO     ___FILE_ONLY___           
2022-11-02 09:00:15,055 INFO     ___FILE_ONLY___ connecting
2022-11-02 09:00:15,055 INFO     ___FILE_ONLY___  
2022-11-02 09:00:15,055 INFO     ___FILE_ONLY___ to
2022-11-02 09:00:15,055 INFO     ___FILE_ONLY___  
2022-11-02 09:00:15,056 INFO     ___FILE_ONLY___ proxies
2022-11-02 09:00:15,056 INFO     ___FILE_ONLY___  
2022-11-02 09:00:15,056 INFO     ___FILE_ONLY___ via
2022-11-02 09:00:15,056 INFO     ___FILE_ONLY___  
2022-11-02 09:00:15,056 INFO     ___FILE_ONLY___ HTTPS
2022-11-02 09:00:15,056 INFO     ___FILE_ONLY___  
2022-11-02 09:00:15,056 INFO     ___FILE_ONLY___ (nor
2022-11-02 09:00:15,056 INFO     ___FILE_ONLY___  
2022-11-02 09:00:15,057 INFO     ___FILE_ONLY___ did
2022-11-02 09:00:15,057 INFO     ___FILE_ONLY___  
2022-11-02 09:00:15,057 INFO     ___FILE_ONLY___ it
2022-11-02 09:00:15,057 INFO     ___FILE_ONLY___  
2022-11-02 09:00:15,057 INFO     ___FILE_ONLY___ previously).
2022-11-02 09:00:15,058 INFO     ___FILE_ONLY___ 

2022-11-02 09:00:15,058 INFO     ___FILE_ONLY___         ◆
2022-11-02 09:00:15,059 INFO     ___FILE_ONLY___  
2022-11-02 09:00:15,059 INFO     ___FILE_ONLY___ If
2022-11-02 09:00:15,059 INFO     ___FILE_ONLY___  
2022-11-02 09:00:15,060 INFO     ___FILE_ONLY___ attempting
2022-11-02 09:00:15,060 INFO     ___FILE_ONLY___  
2022-11-02 09:00:15,060 INFO     ___FILE_ONLY___ to
2022-11-02 09:00:15,060 INFO     ___FILE_ONLY___  
2022-11-02 09:00:15,061 INFO     ___FILE_ONLY___ connect
2022-11-02 09:00:15,061 INFO     ___FILE_ONLY___  
2022-11-02 09:00:15,061 INFO     ___FILE_ONLY___ to
2022-11-02 09:00:15,061 INFO     ___FILE_ONLY___  
2022-11-02 09:00:15,062 INFO     ___FILE_ONLY___ an
2022-11-02 09:00:15,062 INFO     ___FILE_ONLY___  
2022-11-02 09:00:15,062 INFO     ___FILE_ONLY___ HTTP
2022-11-02 09:00:15,062 INFO     ___FILE_ONLY___  
2022-11-02 09:00:15,062 INFO     ___FILE_ONLY___ proxy
2022-11-02 09:00:15,063 INFO     ___FILE_ONLY___  
2022-11-02 09:00:15,063 INFO     ___FILE_ONLY___ results
2022-11-02 09:00:15,063 INFO     ___FILE_ONLY___  
2022-11-02 09:00:15,063 INFO     ___FILE_ONLY___ in
2022-11-02 09:00:15,063 INFO     ___FILE_ONLY___  
2022-11-02 09:00:15,063 INFO     ___FILE_ONLY___ warnings
2022-11-02 09:00:15,063 INFO     ___FILE_ONLY___  
2022-11-02 09:00:15,063 INFO     ___FILE_ONLY___ or
2022-11-02 09:00:15,064 INFO     ___FILE_ONLY___ 

2022-11-02 09:00:15,064 INFO     ___FILE_ONLY___           
2022-11-02 09:00:15,064 INFO     ___FILE_ONLY___ errors,
2022-11-02 09:00:15,064 INFO     ___FILE_ONLY___  
2022-11-02 09:00:15,064 INFO     ___FILE_ONLY___ ensure
2022-11-02 09:00:15,064 INFO     ___FILE_ONLY___  
2022-11-02 09:00:15,064 INFO     ___FILE_ONLY___ that
2022-11-02 09:00:15,064 INFO     ___FILE_ONLY___  
2022-11-02 09:00:15,065 INFO     ___FILE_ONLY___ the
2022-11-02 09:00:15,065 INFO     ___FILE_ONLY___  
2022-11-02 09:00:15,065 INFO     ___FILE_ONLY___ [1mhttps_proxy[m
2022-11-02 09:00:15,065 INFO     ___FILE_ONLY___  
2022-11-02 09:00:15,070 INFO     ___FILE_ONLY___ environment
2022-11-02 09:00:15,070 INFO     ___FILE_ONLY___  
2022-11-02 09:00:15,070 INFO     ___FILE_ONLY___ variable
2022-11-02 09:00:15,071 INFO     ___FILE_ONLY___  
2022-11-02 09:00:15,071 INFO     ___FILE_ONLY___ looks
2022-11-02 09:00:15,071 INFO     ___FILE_ONLY___  
2022-11-02 09:00:15,071 INFO     ___FILE_ONLY___ like
2022-11-02 09:00:15,071 INFO     ___FILE_ONLY___ 

2022-11-02 09:00:15,071 INFO     ___FILE_ONLY___           
2022-11-02 09:00:15,071 INFO     ___FILE_ONLY___ [1mhttp://...[m
2022-11-02 09:00:15,071 INFO     ___FILE_ONLY___  
2022-11-02 09:00:15,072 INFO     ___FILE_ONLY___ as
2022-11-02 09:00:15,072 INFO     ___FILE_ONLY___  
2022-11-02 09:00:15,072 INFO     ___FILE_ONLY___ opposed
2022-11-02 09:00:15,072 INFO     ___FILE_ONLY___  
2022-11-02 09:00:15,072 INFO     ___FILE_ONLY___ to
2022-11-02 09:00:15,072 INFO     ___FILE_ONLY___  
2022-11-02 09:00:15,072 INFO     ___FILE_ONLY___ [1mhttps://...[m.
2022-11-02 09:00:15,072 INFO     ___FILE_ONLY___ 

2022-11-02 09:00:15,073 INFO     ___FILE_ONLY___         ◆
2022-11-02 09:00:15,073 INFO     ___FILE_ONLY___  
2022-11-02 09:00:15,073 INFO     ___FILE_ONLY___ See
2022-11-02 09:00:15,073 INFO     ___FILE_ONLY___ 

2022-11-02 09:00:15,073 INFO     ___FILE_ONLY___           
2022-11-02 09:00:15,074 INFO     ___FILE_ONLY___ <https://cloud.google.com/sdk/docs/proxy-settings#proxy_configuration>
2022-11-02 09:00:15,074 INFO     ___FILE_ONLY___ 

2022-11-02 09:00:15,074 INFO     ___FILE_ONLY___           
2022-11-02 09:00:15,074 INFO     ___FILE_ONLY___ for
2022-11-02 09:00:15,074 INFO     ___FILE_ONLY___  
2022-11-02 09:00:15,074 INFO     ___FILE_ONLY___ more
2022-11-02 09:00:15,074 INFO     ___FILE_ONLY___  
2022-11-02 09:00:15,074 INFO     ___FILE_ONLY___ information.
2022-11-02 09:00:15,074 INFO     ___FILE_ONLY___ 

2022-11-02 09:00:15,075 INFO     ___FILE_ONLY___       ▪
2022-11-02 09:00:15,075 INFO     ___FILE_ONLY___  
2022-11-02 09:00:15,075 INFO     ___FILE_ONLY___ **(Batch)**
2022-11-02 09:00:15,075 INFO     ___FILE_ONLY___  
2022-11-02 09:00:15,076 INFO     ___FILE_ONLY___ Deprecated
2022-11-02 09:00:15,076 INFO     ___FILE_ONLY___  
2022-11-02 09:00:15,076 INFO     ___FILE_ONLY___ positional
2022-11-02 09:00:15,077 INFO     ___FILE_ONLY___  
2022-11-02 09:00:15,077 INFO     ___FILE_ONLY___ argument
2022-11-02 09:00:15,077 INFO     ___FILE_ONLY___  
2022-11-02 09:00:15,078 INFO     ___FILE_ONLY___ [1mTASK_GROUP[m
2022-11-02 09:00:15,078 INFO     ___FILE_ONLY___  
2022-11-02 09:00:15,078 INFO     ___FILE_ONLY___ of
2022-11-02 09:00:15,078 INFO     ___FILE_ONLY___  
2022-11-02 09:00:15,078 INFO     ___FILE_ONLY___ [1mgcloud
2022-11-02 09:00:15,079 INFO     ___FILE_ONLY___  
2022-11-02 09:00:15,079 INFO     ___FILE_ONLY___ batch
2022-11-02 09:00:15,079 INFO     ___FILE_ONLY___ 

2022-11-02 09:00:15,079 INFO     ___FILE_ONLY___         
2022-11-02 09:00:15,079 INFO     ___FILE_ONLY___ tasks
2022-11-02 09:00:15,079 INFO     ___FILE_ONLY___  
2022-11-02 09:00:15,079 INFO     ___FILE_ONLY___ list[m.
2022-11-02 09:00:15,080 INFO     ___FILE_ONLY___ 

2022-11-02 09:00:15,080 INFO     ___FILE_ONLY___       ▪
2022-11-02 09:00:15,081 INFO     ___FILE_ONLY___  
2022-11-02 09:00:15,083 INFO     ___FILE_ONLY___ **(Batch)**
2022-11-02 09:00:15,085 INFO     ___FILE_ONLY___  
2022-11-02 09:00:15,086 INFO     ___FILE_ONLY___ Use
2022-11-02 09:00:15,086 INFO     ___FILE_ONLY___  
2022-11-02 09:00:15,086 INFO     ___FILE_ONLY___ [1m--job[m
2022-11-02 09:00:15,086 INFO     ___FILE_ONLY___  
2022-11-02 09:00:15,086 INFO     ___FILE_ONLY___ as
2022-11-02 09:00:15,086 INFO     ___FILE_ONLY___  
2022-11-02 09:00:15,086 INFO     ___FILE_ONLY___ the
2022-11-02 09:00:15,087 INFO     ___FILE_ONLY___  
2022-11-02 09:00:15,087 INFO     ___FILE_ONLY___ required
2022-11-02 09:00:15,087 INFO     ___FILE_ONLY___  
2022-11-02 09:00:15,087 INFO     ___FILE_ONLY___ flag
2022-11-02 09:00:15,088 INFO     ___FILE_ONLY___  
2022-11-02 09:00:15,088 INFO     ___FILE_ONLY___ instead.
2022-11-02 09:00:15,088 INFO     ___FILE_ONLY___ 

2022-11-02 09:00:15,089 INFO     ___FILE_ONLY___ 

2022-11-02 09:00:15,089 INFO     ___FILE_ONLY___ [m
2022-11-02 09:00:15,089 INFO     ___FILE_ONLY___   
2022-11-02 09:00:15,089 INFO     ___FILE_ONLY___ [1mAnthos Multi-Cloud[m

2022-11-02 09:00:15,089 INFO     ___FILE_ONLY___       ▪
2022-11-02 09:00:15,089 INFO     ___FILE_ONLY___  
2022-11-02 09:00:15,089 INFO     ___FILE_ONLY___ Added
2022-11-02 09:00:15,090 INFO     ___FILE_ONLY___  
2022-11-02 09:00:15,090 INFO     ___FILE_ONLY___ [1m--annotations[m
2022-11-02 09:00:15,090 INFO     ___FILE_ONLY___  
2022-11-02 09:00:15,090 INFO     ___FILE_ONLY___ flag
2022-11-02 09:00:15,091 INFO     ___FILE_ONLY___  
2022-11-02 09:00:15,091 INFO     ___FILE_ONLY___ to
2022-11-02 09:00:15,091 INFO     ___FILE_ONLY___  
2022-11-02 09:00:15,091 INFO     ___FILE_ONLY___ [1mgcloud
2022-11-02 09:00:15,091 INFO     ___FILE_ONLY___  
2022-11-02 09:00:15,091 INFO     ___FILE_ONLY___ container
2022-11-02 09:00:15,092 INFO     ___FILE_ONLY___  
2022-11-02 09:00:15,092 INFO     ___FILE_ONLY___ aws
2022-11-02 09:00:15,092 INFO     ___FILE_ONLY___  
2022-11-02 09:00:15,093 INFO     ___FILE_ONLY___ node-pools
2022-11-02 09:00:15,093 INFO     ___FILE_ONLY___  
2022-11-02 09:00:15,093 INFO     ___FILE_ONLY___ create[m
2022-11-02 09:00:15,093 INFO     ___FILE_ONLY___  
2022-11-02 09:00:15,093 INFO     ___FILE_ONLY___ to
2022-11-02 09:00:15,093 INFO     ___FILE_ONLY___ 

2022-11-02 09:00:15,093 INFO     ___FILE_ONLY___         
2022-11-02 09:00:15,093 INFO     ___FILE_ONLY___ set
2022-11-02 09:00:15,094 INFO     ___FILE_ONLY___  
2022-11-02 09:00:15,094 INFO     ___FILE_ONLY___ the
2022-11-02 09:00:15,094 INFO     ___FILE_ONLY___  
2022-11-02 09:00:15,094 INFO     ___FILE_ONLY___ annotations
2022-11-02 09:00:15,095 INFO     ___FILE_ONLY___  
2022-11-02 09:00:15,096 INFO     ___FILE_ONLY___ field
2022-11-02 09:00:15,096 INFO     ___FILE_ONLY___  
2022-11-02 09:00:15,096 INFO     ___FILE_ONLY___ when
2022-11-02 09:00:15,096 INFO     ___FILE_ONLY___  
2022-11-02 09:00:15,097 INFO     ___FILE_ONLY___ creating
2022-11-02 09:00:15,097 INFO     ___FILE_ONLY___  
2022-11-02 09:00:15,097 INFO     ___FILE_ONLY___ AWS
2022-11-02 09:00:15,097 INFO     ___FILE_ONLY___  
2022-11-02 09:00:15,097 INFO     ___FILE_ONLY___ node
2022-11-02 09:00:15,097 INFO     ___FILE_ONLY___  
2022-11-02 09:00:15,098 INFO     ___FILE_ONLY___ pools.
2022-11-02 09:00:15,098 INFO     ___FILE_ONLY___ 

2022-11-02 09:00:15,098 INFO     ___FILE_ONLY___       ▪
2022-11-02 09:00:15,099 INFO     ___FILE_ONLY___  
2022-11-02 09:00:15,099 INFO     ___FILE_ONLY___ Added
2022-11-02 09:00:15,100 INFO     ___FILE_ONLY___  
2022-11-02 09:00:15,100 INFO     ___FILE_ONLY___ [1m--annotations[m
2022-11-02 09:00:15,101 INFO     ___FILE_ONLY___  
2022-11-02 09:00:15,101 INFO     ___FILE_ONLY___ flag
2022-11-02 09:00:15,101 INFO     ___FILE_ONLY___  
2022-11-02 09:00:15,101 INFO     ___FILE_ONLY___ to
2022-11-02 09:00:15,101 INFO     ___FILE_ONLY___  
2022-11-02 09:00:15,102 INFO     ___FILE_ONLY___ [1mgcloud
2022-11-02 09:00:15,102 INFO     ___FILE_ONLY___  
2022-11-02 09:00:15,103 INFO     ___FILE_ONLY___ container
2022-11-02 09:00:15,103 INFO     ___FILE_ONLY___  
2022-11-02 09:00:15,103 INFO     ___FILE_ONLY___ aws
2022-11-02 09:00:15,103 INFO     ___FILE_ONLY___  
2022-11-02 09:00:15,103 INFO     ___FILE_ONLY___ node-pools
2022-11-02 09:00:15,103 INFO     ___FILE_ONLY___  
2022-11-02 09:00:15,103 INFO     ___FILE_ONLY___ update[m
2022-11-02 09:00:15,104 INFO     ___FILE_ONLY___  
2022-11-02 09:00:15,104 INFO     ___FILE_ONLY___ to
2022-11-02 09:00:15,104 INFO     ___FILE_ONLY___ 

2022-11-02 09:00:15,104 INFO     ___FILE_ONLY___         
2022-11-02 09:00:15,104 INFO     ___FILE_ONLY___ update
2022-11-02 09:00:15,104 INFO     ___FILE_ONLY___  
2022-11-02 09:00:15,105 INFO     ___FILE_ONLY___ the
2022-11-02 09:00:15,105 INFO     ___FILE_ONLY___  
2022-11-02 09:00:15,105 INFO     ___FILE_ONLY___ annotations
2022-11-02 09:00:15,105 INFO     ___FILE_ONLY___  
2022-11-02 09:00:15,105 INFO     ___FILE_ONLY___ of
2022-11-02 09:00:15,106 INFO     ___FILE_ONLY___  
2022-11-02 09:00:15,106 INFO     ___FILE_ONLY___ AWS
2022-11-02 09:00:15,106 INFO     ___FILE_ONLY___  
2022-11-02 09:00:15,107 INFO     ___FILE_ONLY___ node
2022-11-02 09:00:15,107 INFO     ___FILE_ONLY___  
2022-11-02 09:00:15,107 INFO     ___FILE_ONLY___ pools.
2022-11-02 09:00:15,107 INFO     ___FILE_ONLY___ 

2022-11-02 09:00:15,107 INFO     ___FILE_ONLY___       ▪
2022-11-02 09:00:15,108 INFO     ___FILE_ONLY___  
2022-11-02 09:00:15,108 INFO     ___FILE_ONLY___ Added
2022-11-02 09:00:15,108 INFO     ___FILE_ONLY___  
2022-11-02 09:00:15,108 INFO     ___FILE_ONLY___ [1m--clear-annotations[m
2022-11-02 09:00:15,108 INFO     ___FILE_ONLY___  
2022-11-02 09:00:15,109 INFO     ___FILE_ONLY___ flag
2022-11-02 09:00:15,109 INFO     ___FILE_ONLY___  
2022-11-02 09:00:15,109 INFO     ___FILE_ONLY___ to
2022-11-02 09:00:15,109 INFO     ___FILE_ONLY___  
2022-11-02 09:00:15,109 INFO     ___FILE_ONLY___ [1mgcloud
2022-11-02 09:00:15,109 INFO     ___FILE_ONLY___  
2022-11-02 09:00:15,109 INFO     ___FILE_ONLY___ container
2022-11-02 09:00:15,109 INFO     ___FILE_ONLY___  
2022-11-02 09:00:15,109 INFO     ___FILE_ONLY___ aws
2022-11-02 09:00:15,109 INFO     ___FILE_ONLY___  
2022-11-02 09:00:15,109 INFO     ___FILE_ONLY___ node-pools
2022-11-02 09:00:15,109 INFO     ___FILE_ONLY___ 

2022-11-02 09:00:15,110 INFO     ___FILE_ONLY___         
2022-11-02 09:00:15,110 INFO     ___FILE_ONLY___ update[m
2022-11-02 09:00:15,110 INFO     ___FILE_ONLY___  
2022-11-02 09:00:15,110 INFO     ___FILE_ONLY___ to
2022-11-02 09:00:15,110 INFO     ___FILE_ONLY___  
2022-11-02 09:00:15,110 INFO     ___FILE_ONLY___ clear
2022-11-02 09:00:15,110 INFO     ___FILE_ONLY___  
2022-11-02 09:00:15,110 INFO     ___FILE_ONLY___ the
2022-11-02 09:00:15,110 INFO     ___FILE_ONLY___  
2022-11-02 09:00:15,111 INFO     ___FILE_ONLY___ annotations
2022-11-02 09:00:15,111 INFO     ___FILE_ONLY___  
2022-11-02 09:00:15,111 INFO     ___FILE_ONLY___ of
2022-11-02 09:00:15,111 INFO     ___FILE_ONLY___  
2022-11-02 09:00:15,111 INFO     ___FILE_ONLY___ AWS
2022-11-02 09:00:15,111 INFO     ___FILE_ONLY___  
2022-11-02 09:00:15,111 INFO     ___FILE_ONLY___ node
2022-11-02 09:00:15,111 INFO     ___FILE_ONLY___  
2022-11-02 09:00:15,111 INFO     ___FILE_ONLY___ pools.
2022-11-02 09:00:15,112 INFO     ___FILE_ONLY___ 

2022-11-02 09:00:15,112 INFO     ___FILE_ONLY___ 

2022-11-02 09:00:15,112 INFO     ___FILE_ONLY___ [m
2022-11-02 09:00:15,112 INFO     ___FILE_ONLY___   
2022-11-02 09:00:15,112 INFO     ___FILE_ONLY___ [1mBatch[m

2022-11-02 09:00:15,113 INFO     ___FILE_ONLY___       ▪
2022-11-02 09:00:15,113 INFO     ___FILE_ONLY___  
2022-11-02 09:00:15,113 INFO     ___FILE_ONLY___ Updated
2022-11-02 09:00:15,113 INFO     ___FILE_ONLY___  
2022-11-02 09:00:15,113 INFO     ___FILE_ONLY___ [1m--config[m
2022-11-02 09:00:15,113 INFO     ___FILE_ONLY___  
2022-11-02 09:00:15,113 INFO     ___FILE_ONLY___ flag
2022-11-02 09:00:15,114 INFO     ___FILE_ONLY___  
2022-11-02 09:00:15,114 INFO     ___FILE_ONLY___ to
2022-11-02 09:00:15,114 INFO     ___FILE_ONLY___  
2022-11-02 09:00:15,114 INFO     ___FILE_ONLY___ support
2022-11-02 09:00:15,114 INFO     ___FILE_ONLY___  
2022-11-02 09:00:15,114 INFO     ___FILE_ONLY___ job
2022-11-02 09:00:15,114 INFO     ___FILE_ONLY___  
2022-11-02 09:00:15,115 INFO     ___FILE_ONLY___ configs
2022-11-02 09:00:15,115 INFO     ___FILE_ONLY___  
2022-11-02 09:00:15,115 INFO     ___FILE_ONLY___ from
2022-11-02 09:00:15,115 INFO     ___FILE_ONLY___  
2022-11-02 09:00:15,115 INFO     ___FILE_ONLY___ Here
2022-11-02 09:00:15,116 INFO     ___FILE_ONLY___  
2022-11-02 09:00:15,116 INFO     ___FILE_ONLY___ Doc.
2022-11-02 09:00:15,116 INFO     ___FILE_ONLY___ 

2022-11-02 09:00:15,116 INFO     ___FILE_ONLY___ 

2022-11-02 09:00:15,117 INFO     ___FILE_ONLY___ [m
2022-11-02 09:00:15,117 INFO     ___FILE_ONLY___   
2022-11-02 09:00:15,117 INFO     ___FILE_ONLY___ [1mCloud Dataproc[m

2022-11-02 09:00:15,117 INFO     ___FILE_ONLY___       ▪
2022-11-02 09:00:15,117 INFO     ___FILE_ONLY___  
2022-11-02 09:00:15,117 INFO     ___FILE_ONLY___ Fixed
2022-11-02 09:00:15,118 INFO     ___FILE_ONLY___  
2022-11-02 09:00:15,118 INFO     ___FILE_ONLY___ issue
2022-11-02 09:00:15,118 INFO     ___FILE_ONLY___  
2022-11-02 09:00:15,118 INFO     ___FILE_ONLY___ where
2022-11-02 09:00:15,119 INFO     ___FILE_ONLY___  
2022-11-02 09:00:15,119 INFO     ___FILE_ONLY___ [1mgcloud
2022-11-02 09:00:15,119 INFO     ___FILE_ONLY___  
2022-11-02 09:00:15,119 INFO     ___FILE_ONLY___ dataproc
2022-11-02 09:00:15,119 INFO     ___FILE_ONLY___  
2022-11-02 09:00:15,119 INFO     ___FILE_ONLY___ batches
2022-11-02 09:00:15,120 INFO     ___FILE_ONLY___  
2022-11-02 09:00:15,120 INFO     ___FILE_ONLY___ list[m
2022-11-02 09:00:15,120 INFO     ___FILE_ONLY___  
2022-11-02 09:00:15,120 INFO     ___FILE_ONLY___ would
2022-11-02 09:00:15,120 INFO     ___FILE_ONLY___  
2022-11-02 09:00:15,120 INFO     ___FILE_ONLY___ hang
2022-11-02 09:00:15,121 INFO     ___FILE_ONLY___  
2022-11-02 09:00:15,121 INFO     ___FILE_ONLY___ when
2022-11-02 09:00:15,121 INFO     ___FILE_ONLY___  
2022-11-02 09:00:15,121 INFO     ___FILE_ONLY___ large
2022-11-02 09:00:15,121 INFO     ___FILE_ONLY___ 

2022-11-02 09:00:15,121 INFO     ___FILE_ONLY___         
2022-11-02 09:00:15,121 INFO     ___FILE_ONLY___ numbers
2022-11-02 09:00:15,121 INFO     ___FILE_ONLY___  
2022-11-02 09:00:15,122 INFO     ___FILE_ONLY___ of
2022-11-02 09:00:15,122 INFO     ___FILE_ONLY___  
2022-11-02 09:00:15,122 INFO     ___FILE_ONLY___ batches
2022-11-02 09:00:15,122 INFO     ___FILE_ONLY___  
2022-11-02 09:00:15,122 INFO     ___FILE_ONLY___ are
2022-11-02 09:00:15,122 INFO     ___FILE_ONLY___  
2022-11-02 09:00:15,122 INFO     ___FILE_ONLY___ present.
2022-11-02 09:00:15,122 INFO     ___FILE_ONLY___ 

2022-11-02 09:00:15,123 INFO     ___FILE_ONLY___ 

2022-11-02 09:00:15,123 INFO     ___FILE_ONLY___ [m
2022-11-02 09:00:15,123 INFO     ___FILE_ONLY___   
2022-11-02 09:00:15,123 INFO     ___FILE_ONLY___ [1mCloud Deploy[m

2022-11-02 09:00:15,123 INFO     ___FILE_ONLY___       ▪
2022-11-02 09:00:15,123 INFO     ___FILE_ONLY___  
2022-11-02 09:00:15,124 INFO     ___FILE_ONLY___ Added
2022-11-02 09:00:15,124 INFO     ___FILE_ONLY___  
2022-11-02 09:00:15,124 INFO     ___FILE_ONLY___ [1mgcloud
2022-11-02 09:00:15,124 INFO     ___FILE_ONLY___  
2022-11-02 09:00:15,124 INFO     ___FILE_ONLY___ deploy
2022-11-02 09:00:15,124 INFO     ___FILE_ONLY___  
2022-11-02 09:00:15,125 INFO     ___FILE_ONLY___ targets
2022-11-02 09:00:15,125 INFO     ___FILE_ONLY___  
2022-11-02 09:00:15,125 INFO     ___FILE_ONLY___ redeploy[m
2022-11-02 09:00:15,125 INFO     ___FILE_ONLY___  
2022-11-02 09:00:15,125 INFO     ___FILE_ONLY___ command
2022-11-02 09:00:15,125 INFO     ___FILE_ONLY___  
2022-11-02 09:00:15,127 INFO     ___FILE_ONLY___ to
2022-11-02 09:00:15,127 INFO     ___FILE_ONLY___  
2022-11-02 09:00:15,127 INFO     ___FILE_ONLY___ redeploy
2022-11-02 09:00:15,127 INFO     ___FILE_ONLY___  
2022-11-02 09:00:15,128 INFO     ___FILE_ONLY___ a
2022-11-02 09:00:15,128 INFO     ___FILE_ONLY___  
2022-11-02 09:00:15,128 INFO     ___FILE_ONLY___ release
2022-11-02 09:00:15,128 INFO     ___FILE_ONLY___  
2022-11-02 09:00:15,128 INFO     ___FILE_ONLY___ to
2022-11-02 09:00:15,128 INFO     ___FILE_ONLY___ 

2022-11-02 09:00:15,128 INFO     ___FILE_ONLY___         
2022-11-02 09:00:15,129 INFO     ___FILE_ONLY___ a
2022-11-02 09:00:15,129 INFO     ___FILE_ONLY___  
2022-11-02 09:00:15,129 INFO     ___FILE_ONLY___ given
2022-11-02 09:00:15,129 INFO     ___FILE_ONLY___  
2022-11-02 09:00:15,129 INFO     ___FILE_ONLY___ target.
2022-11-02 09:00:15,129 INFO     ___FILE_ONLY___ 

2022-11-02 09:00:15,129 INFO     ___FILE_ONLY___       ▪
2022-11-02 09:00:15,130 INFO     ___FILE_ONLY___  
2022-11-02 09:00:15,130 INFO     ___FILE_ONLY___ Added
2022-11-02 09:00:15,130 INFO     ___FILE_ONLY___  
2022-11-02 09:00:15,169 INFO     ___FILE_ONLY___ [1mgcloud
2022-11-02 09:00:15,169 INFO     ___FILE_ONLY___  
2022-11-02 09:00:15,170 INFO     ___FILE_ONLY___ deploy
2022-11-02 09:00:15,170 INFO     ___FILE_ONLY___  
2022-11-02 09:00:15,170 INFO     ___FILE_ONLY___ rollouts
2022-11-02 09:00:15,170 INFO     ___FILE_ONLY___  
2022-11-02 09:00:15,176 INFO     ___FILE_ONLY___ retry-job[m,
2022-11-02 09:00:15,177 INFO     ___FILE_ONLY___  
2022-11-02 09:00:15,177 INFO     ___FILE_ONLY___ [1mgcloud
2022-11-02 09:00:15,177 INFO     ___FILE_ONLY___  
2022-11-02 09:00:15,178 INFO     ___FILE_ONLY___ deploy
2022-11-02 09:00:15,178 INFO     ___FILE_ONLY___  
2022-11-02 09:00:15,178 INFO     ___FILE_ONLY___ job-runs
2022-11-02 09:00:15,179 INFO     ___FILE_ONLY___  
2022-11-02 09:00:15,179 INFO     ___FILE_ONLY___ list[m,
2022-11-02 09:00:15,179 INFO     ___FILE_ONLY___ 

2022-11-02 09:00:15,179 INFO     ___FILE_ONLY___         
2022-11-02 09:00:15,180 INFO     ___FILE_ONLY___ and
2022-11-02 09:00:15,180 INFO     ___FILE_ONLY___  
2022-11-02 09:00:15,180 INFO     ___FILE_ONLY___ [1mgcloud
2022-11-02 09:00:15,180 INFO     ___FILE_ONLY___  
2022-11-02 09:00:15,180 INFO     ___FILE_ONLY___ deploy
2022-11-02 09:00:15,181 INFO     ___FILE_ONLY___  
2022-11-02 09:00:15,181 INFO     ___FILE_ONLY___ job-runs
2022-11-02 09:00:15,183 INFO     ___FILE_ONLY___  
2022-11-02 09:00:15,183 INFO     ___FILE_ONLY___ describe[m
2022-11-02 09:00:15,184 INFO     ___FILE_ONLY___  
2022-11-02 09:00:15,184 INFO     ___FILE_ONLY___ commands
2022-11-02 09:00:15,184 INFO     ___FILE_ONLY___  
2022-11-02 09:00:15,184 INFO     ___FILE_ONLY___ for
2022-11-02 09:00:15,184 INFO     ___FILE_ONLY___  
2022-11-02 09:00:15,185 INFO     ___FILE_ONLY___ Deployment
2022-11-02 09:00:15,185 INFO     ___FILE_ONLY___ 

2022-11-02 09:00:15,185 INFO     ___FILE_ONLY___         
2022-11-02 09:00:15,185 INFO     ___FILE_ONLY___ Verification
2022-11-02 09:00:15,185 INFO     ___FILE_ONLY___  
2022-11-02 09:00:15,185 INFO     ___FILE_ONLY___ Public
2022-11-02 09:00:15,185 INFO     ___FILE_ONLY___  
2022-11-02 09:00:15,185 INFO     ___FILE_ONLY___ Preview.
2022-11-02 09:00:15,186 INFO     ___FILE_ONLY___ 

2022-11-02 09:00:15,186 INFO     ___FILE_ONLY___ 

2022-11-02 09:00:15,186 INFO     ___FILE_ONLY___ [m
2022-11-02 09:00:15,187 INFO     ___FILE_ONLY___   
2022-11-02 09:00:15,187 INFO     ___FILE_ONLY___ [1mCloud Run[m

2022-11-02 09:00:15,187 INFO     ___FILE_ONLY___       ▪
2022-11-02 09:00:15,190 INFO     ___FILE_ONLY___  
2022-11-02 09:00:15,190 INFO     ___FILE_ONLY___ Fixed
2022-11-02 09:00:15,191 INFO     ___FILE_ONLY___  
2022-11-02 09:00:15,191 INFO     ___FILE_ONLY___ issue
2022-11-02 09:00:15,191 INFO     ___FILE_ONLY___  
2022-11-02 09:00:15,192 INFO     ___FILE_ONLY___ where
2022-11-02 09:00:15,192 INFO     ___FILE_ONLY___  
2022-11-02 09:00:15,192 INFO     ___FILE_ONLY___ job-level
2022-11-02 09:00:15,193 INFO     ___FILE_ONLY___  
2022-11-02 09:00:15,193 INFO     ___FILE_ONLY___ labels
2022-11-02 09:00:15,193 INFO     ___FILE_ONLY___  
2022-11-02 09:00:15,193 INFO     ___FILE_ONLY___ are
2022-11-02 09:00:15,193 INFO     ___FILE_ONLY___  
2022-11-02 09:00:15,194 INFO     ___FILE_ONLY___ not
2022-11-02 09:00:15,194 INFO     ___FILE_ONLY___  
2022-11-02 09:00:15,194 INFO     ___FILE_ONLY___ propagated
2022-11-02 09:00:15,194 INFO     ___FILE_ONLY___  
2022-11-02 09:00:15,194 INFO     ___FILE_ONLY___ to
2022-11-02 09:00:15,194 INFO     ___FILE_ONLY___  
2022-11-02 09:00:15,194 INFO     ___FILE_ONLY___ its
2022-11-02 09:00:15,195 INFO     ___FILE_ONLY___ 

2022-11-02 09:00:15,195 INFO     ___FILE_ONLY___         
2022-11-02 09:00:15,195 INFO     ___FILE_ONLY___ execution.
2022-11-02 09:00:15,195 INFO     ___FILE_ONLY___ 

2022-11-02 09:00:15,195 INFO     ___FILE_ONLY___       ▪
2022-11-02 09:00:15,231 INFO     ___FILE_ONLY___  
2022-11-02 09:00:15,261 INFO     ___FILE_ONLY___ Added
2022-11-02 09:00:15,262 INFO     ___FILE_ONLY___  
2022-11-02 09:00:15,275 INFO     ___FILE_ONLY___ [1mlast
2022-11-02 09:00:15,275 INFO     ___FILE_ONLY___  
2022-11-02 09:00:15,275 INFO     ___FILE_ONLY___ updated
2022-11-02 09:00:15,276 INFO     ___FILE_ONLY___  
2022-11-02 09:00:15,276 INFO     ___FILE_ONLY___ message[m
2022-11-02 09:00:15,276 INFO     ___FILE_ONLY___  
2022-11-02 09:00:15,276 INFO     ___FILE_ONLY___ to
2022-11-02 09:00:15,277 INFO     ___FILE_ONLY___  
2022-11-02 09:00:15,278 INFO     ___FILE_ONLY___ [1mgcloud
2022-11-02 09:00:15,278 INFO     ___FILE_ONLY___  
2022-11-02 09:00:15,279 INFO     ___FILE_ONLY___ beta
2022-11-02 09:00:15,279 INFO     ___FILE_ONLY___  
2022-11-02 09:00:15,279 INFO     ___FILE_ONLY___ run
2022-11-02 09:00:15,279 INFO     ___FILE_ONLY___  
2022-11-02 09:00:15,280 INFO     ___FILE_ONLY___ jobs
2022-11-02 09:00:15,280 INFO     ___FILE_ONLY___  
2022-11-02 09:00:15,280 INFO     ___FILE_ONLY___ describe[m
2022-11-02 09:00:15,280 INFO     ___FILE_ONLY___  
2022-11-02 09:00:15,280 INFO     ___FILE_ONLY___ output.
2022-11-02 09:00:15,280 INFO     ___FILE_ONLY___ 

2022-11-02 09:00:15,281 INFO     ___FILE_ONLY___ 

2022-11-02 09:00:15,282 INFO     ___FILE_ONLY___ [m
2022-11-02 09:00:15,291 INFO     ___FILE_ONLY___   
2022-11-02 09:00:15,291 INFO     ___FILE_ONLY___ [1mCloud Storage[m

2022-11-02 09:00:15,292 INFO     ___FILE_ONLY___       ▪
2022-11-02 09:00:15,292 INFO     ___FILE_ONLY___  
2022-11-02 09:00:15,292 INFO     ___FILE_ONLY___ Updated
2022-11-02 09:00:15,292 INFO     ___FILE_ONLY___  
2022-11-02 09:00:15,293 INFO     ___FILE_ONLY___ gsutil
2022-11-02 09:00:15,293 INFO     ___FILE_ONLY___  
2022-11-02 09:00:15,293 INFO     ___FILE_ONLY___ component
2022-11-02 09:00:15,293 INFO     ___FILE_ONLY___  
2022-11-02 09:00:15,293 INFO     ___FILE_ONLY___ to
2022-11-02 09:00:15,293 INFO     ___FILE_ONLY___  
2022-11-02 09:00:15,293 INFO     ___FILE_ONLY___ 5.13.
2022-11-02 09:00:15,294 INFO     ___FILE_ONLY___ 

2022-11-02 09:00:15,294 INFO     ___FILE_ONLY___       ▪
2022-11-02 09:00:15,294 INFO     ___FILE_ONLY___  
2022-11-02 09:00:15,294 INFO     ___FILE_ONLY___ Promoted
2022-11-02 09:00:15,294 INFO     ___FILE_ONLY___  
2022-11-02 09:00:15,295 INFO     ___FILE_ONLY___ [1mgcloud
2022-11-02 09:00:15,295 INFO     ___FILE_ONLY___  
2022-11-02 09:00:15,295 INFO     ___FILE_ONLY___ storage[m
2022-11-02 09:00:15,295 INFO     ___FILE_ONLY___  
2022-11-02 09:00:15,295 INFO     ___FILE_ONLY___ to
2022-11-02 09:00:15,296 INFO     ___FILE_ONLY___  
2022-11-02 09:00:15,296 INFO     ___FILE_ONLY___ GA.
2022-11-02 09:00:15,296 INFO     ___FILE_ONLY___ 

2022-11-02 09:00:15,296 INFO     ___FILE_ONLY___ 

2022-11-02 09:00:15,296 INFO     ___FILE_ONLY___ [m
2022-11-02 09:00:15,296 INFO     ___FILE_ONLY___   
2022-11-02 09:00:15,297 INFO     ___FILE_ONLY___ [1mCompute Engine[m

2022-11-02 09:00:15,297 INFO     ___FILE_ONLY___       ▪
2022-11-02 09:00:15,298 INFO     ___FILE_ONLY___  
2022-11-02 09:00:15,298 INFO     ___FILE_ONLY___ Added
2022-11-02 09:00:15,298 INFO     ___FILE_ONLY___  
2022-11-02 09:00:15,299 INFO     ___FILE_ONLY___ <get|set>-iam-policy[1m
2022-11-02 09:00:15,299 INFO     ___FILE_ONLY___  
2022-11-02 09:00:15,301 INFO     ___FILE_ONLY___ and
2022-11-02 09:00:15,301 INFO     ___FILE_ONLY___  
2022-11-02 09:00:15,301 INFO     ___FILE_ONLY___ [m<add|remove>-iam-policy-bindings[1m
2022-11-02 09:00:15,301 INFO     ___FILE_ONLY___  
2022-11-02 09:00:15,301 INFO     ___FILE_ONLY___ to
2022-11-02 09:00:15,302 INFO     ___FILE_ONLY___ 

2022-11-02 09:00:15,302 INFO     ___FILE_ONLY___         
2022-11-02 09:00:15,302 INFO     ___FILE_ONLY___ [mgcloud
2022-11-02 09:00:15,302 INFO     ___FILE_ONLY___  
2022-11-02 09:00:15,302 INFO     ___FILE_ONLY___ compute
2022-11-02 09:00:15,302 INFO     ___FILE_ONLY___  
2022-11-02 09:00:15,302 INFO     ___FILE_ONLY___ backend-services[1m
2022-11-02 09:00:15,303 INFO     ___FILE_ONLY___  
2022-11-02 09:00:15,303 INFO     ___FILE_ONLY___ for
2022-11-02 09:00:15,303 INFO     ___FILE_ONLY___  
2022-11-02 09:00:15,303 INFO     ___FILE_ONLY___ GA.
2022-11-02 09:00:15,304 INFO     ___FILE_ONLY___ 

2022-11-02 09:00:15,304 INFO     ___FILE_ONLY___       ▪
2022-11-02 09:00:15,304 INFO     ___FILE_ONLY___  
2022-11-02 09:00:15,304 INFO     ___FILE_ONLY___ Added
2022-11-02 09:00:15,305 INFO     ___FILE_ONLY___  
2022-11-02 09:00:15,305 INFO     ___FILE_ONLY___ [mgcloud
2022-11-02 09:00:15,305 INFO     ___FILE_ONLY___  
2022-11-02 09:00:15,305 INFO     ___FILE_ONLY___ compute
2022-11-02 09:00:15,305 INFO     ___FILE_ONLY___  
2022-11-02 09:00:15,306 INFO     ___FILE_ONLY___ security-policies
2022-11-02 09:00:15,306 INFO     ___FILE_ONLY___  
2022-11-02 09:00:15,306 INFO     ___FILE_ONLY___ rules
2022-11-02 09:00:15,306 INFO     ___FILE_ONLY___ 

2022-11-02 09:00:15,306 INFO     ___FILE_ONLY___         
2022-11-02 09:00:15,306 INFO     ___FILE_ONLY___ add-preconfig-waf-exclusion|remove-preconfig-waf-exclusion[1m
2022-11-02 09:00:15,307 INFO     ___FILE_ONLY___  
2022-11-02 09:00:15,307 INFO     ___FILE_ONLY___ in
2022-11-02 09:00:15,307 INFO     ___FILE_ONLY___  
2022-11-02 09:00:15,307 INFO     ___FILE_ONLY___ alpha
2022-11-02 09:00:15,307 INFO     ___FILE_ONLY___  
2022-11-02 09:00:15,307 INFO     ___FILE_ONLY___ and
2022-11-02 09:00:15,307 INFO     ___FILE_ONLY___ 

2022-11-02 09:00:15,307 INFO     ___FILE_ONLY___         
2022-11-02 09:00:15,308 INFO     ___FILE_ONLY___ beta.
2022-11-02 09:00:15,308 INFO     ___FILE_ONLY___ 

2022-11-02 09:00:15,308 INFO     ___FILE_ONLY___ 

2022-11-02 09:00:15,310 INFO     ___FILE_ONLY___ [m
2022-11-02 09:00:15,310 INFO     ___FILE_ONLY___   
2022-11-02 09:00:15,311 INFO     ___FILE_ONLY___ [1mConfig Connector[m

2022-11-02 09:00:15,311 INFO     ___FILE_ONLY___       ▪
2022-11-02 09:00:15,311 INFO     ___FILE_ONLY___  
2022-11-02 09:00:15,311 INFO     ___FILE_ONLY___ Updated
2022-11-02 09:00:15,311 INFO     ___FILE_ONLY___  
2022-11-02 09:00:15,312 INFO     ___FILE_ONLY___ Google
2022-11-02 09:00:15,312 INFO     ___FILE_ONLY___  
2022-11-02 09:00:15,312 INFO     ___FILE_ONLY___ Cloud
2022-11-02 09:00:15,312 INFO     ___FILE_ONLY___  
2022-11-02 09:00:15,312 INFO     ___FILE_ONLY___ Config
2022-11-02 09:00:15,312 INFO     ___FILE_ONLY___  
2022-11-02 09:00:15,312 INFO     ___FILE_ONLY___ Connector
2022-11-02 09:00:15,312 INFO     ___FILE_ONLY___  
2022-11-02 09:00:15,313 INFO     ___FILE_ONLY___ to
2022-11-02 09:00:15,313 INFO     ___FILE_ONLY___  
2022-11-02 09:00:15,313 INFO     ___FILE_ONLY___ version
2022-11-02 09:00:15,313 INFO     ___FILE_ONLY___  
2022-11-02 09:00:15,313 INFO     ___FILE_ONLY___ 1.93.0.
2022-11-02 09:00:15,313 INFO     ___FILE_ONLY___  
2022-11-02 09:00:15,313 INFO     ___FILE_ONLY___ See
2022-11-02 09:00:15,314 INFO     ___FILE_ONLY___  
2022-11-02 09:00:15,314 INFO     ___FILE_ONLY___ Config
2022-11-02 09:00:15,314 INFO     ___FILE_ONLY___ 

2022-11-02 09:00:15,314 INFO     ___FILE_ONLY___         
2022-11-02 09:00:15,314 INFO     ___FILE_ONLY___ Connector
2022-11-02 09:00:15,315 INFO     ___FILE_ONLY___  
2022-11-02 09:00:15,315 INFO     ___FILE_ONLY___ Overview
2022-11-02 09:00:15,315 INFO     ___FILE_ONLY___  
2022-11-02 09:00:15,316 INFO     ___FILE_ONLY___ for
2022-11-02 09:00:15,316 INFO     ___FILE_ONLY___  
2022-11-02 09:00:15,316 INFO     ___FILE_ONLY___ more
2022-11-02 09:00:15,317 INFO     ___FILE_ONLY___  
2022-11-02 09:00:15,317 INFO     ___FILE_ONLY___ details
2022-11-02 09:00:15,317 INFO     ___FILE_ONLY___ 

2022-11-02 09:00:15,317 INFO     ___FILE_ONLY___         
2022-11-02 09:00:15,317 INFO     ___FILE_ONLY___ https://cloud.google.com/config-connector/docs/overview
2022-11-02 09:00:15,318 INFO     ___FILE_ONLY___ 

2022-11-02 09:00:15,318 INFO     ___FILE_ONLY___         
2022-11-02 09:00:15,318 INFO     ___FILE_ONLY___ (https://cloud.google.com/config-connector/docs/overview).
2022-11-02 09:00:15,318 INFO     ___FILE_ONLY___ 

2022-11-02 09:00:15,318 INFO     ___FILE_ONLY___ 

2022-11-02 09:00:15,319 INFO     ___FILE_ONLY___ [m
2022-11-02 09:00:15,321 INFO     ___FILE_ONLY___   
2022-11-02 09:00:15,330 INFO     ___FILE_ONLY___ [1mGKE Hub[m

2022-11-02 09:00:15,330 INFO     ___FILE_ONLY___       ▪
2022-11-02 09:00:15,331 INFO     ___FILE_ONLY___  
2022-11-02 09:00:15,335 INFO     ___FILE_ONLY___ Added
2022-11-02 09:00:15,335 INFO     ___FILE_ONLY___  
2022-11-02 09:00:15,335 INFO     ___FILE_ONLY___ new
2022-11-02 09:00:15,351 INFO     ___FILE_ONLY___  
2022-11-02 09:00:15,355 INFO     ___FILE_ONLY___ argument
2022-11-02 09:00:15,355 INFO     ___FILE_ONLY___  
2022-11-02 09:00:15,355 INFO     ___FILE_ONLY___ to
2022-11-02 09:00:15,367 INFO     ___FILE_ONLY___  
2022-11-02 09:00:15,368 INFO     ___FILE_ONLY___ the
2022-11-02 09:00:15,368 INFO     ___FILE_ONLY___  
2022-11-02 09:00:15,369 INFO     ___FILE_ONLY___ following
2022-11-02 09:00:15,369 INFO     ___FILE_ONLY___  
2022-11-02 09:00:15,369 INFO     ___FILE_ONLY___ commands:
2022-11-02 09:00:15,369 INFO     ___FILE_ONLY___ 

2022-11-02 09:00:15,370 INFO     ___FILE_ONLY___         ◆
2022-11-02 09:00:15,370 INFO     ___FILE_ONLY___  
2022-11-02 09:00:15,370 INFO     ___FILE_ONLY___ [1mgcloud
2022-11-02 09:00:15,370 INFO     ___FILE_ONLY___  
2022-11-02 09:00:15,370 INFO     ___FILE_ONLY___ container
2022-11-02 09:00:15,370 INFO     ___FILE_ONLY___  
2022-11-02 09:00:15,371 INFO     ___FILE_ONLY___ hub
2022-11-02 09:00:15,371 INFO     ___FILE_ONLY___  
2022-11-02 09:00:15,371 INFO     ___FILE_ONLY___ mesh
2022-11-02 09:00:15,371 INFO     ___FILE_ONLY___  
2022-11-02 09:00:15,371 INFO     ___FILE_ONLY___ update
2022-11-02 09:00:15,371 INFO     ___FILE_ONLY___  
2022-11-02 09:00:15,371 INFO     ___FILE_ONLY___ --management
2022-11-02 09:00:15,372 INFO     ___FILE_ONLY___  
2022-11-02 09:00:15,372 INFO     ___FILE_ONLY___ automatic[m.
2022-11-02 09:00:15,372 INFO     ___FILE_ONLY___ 

2022-11-02 09:00:15,372 INFO     ___FILE_ONLY___         ◆
2022-11-02 09:00:15,372 INFO     ___FILE_ONLY___  
2022-11-02 09:00:15,372 INFO     ___FILE_ONLY___ [1mgcloud
2022-11-02 09:00:15,372 INFO     ___FILE_ONLY___  
2022-11-02 09:00:15,373 INFO     ___FILE_ONLY___ container
2022-11-02 09:00:15,373 INFO     ___FILE_ONLY___  
2022-11-02 09:00:15,373 INFO     ___FILE_ONLY___ fleet
2022-11-02 09:00:15,373 INFO     ___FILE_ONLY___  
2022-11-02 09:00:15,373 INFO     ___FILE_ONLY___ mesh
2022-11-02 09:00:15,373 INFO     ___FILE_ONLY___  
2022-11-02 09:00:15,373 INFO     ___FILE_ONLY___ update
2022-11-02 09:00:15,374 INFO     ___FILE_ONLY___  
2022-11-02 09:00:15,374 INFO     ___FILE_ONLY___ --management
2022-11-02 09:00:15,374 INFO     ___FILE_ONLY___  
2022-11-02 09:00:15,374 INFO     ___FILE_ONLY___ automatic[m.
2022-11-02 09:00:15,374 INFO     ___FILE_ONLY___ 

2022-11-02 09:00:15,374 INFO     ___FILE_ONLY___ 

2022-11-02 09:00:15,374 INFO     ___FILE_ONLY___ [m
2022-11-02 09:00:15,375 INFO     ___FILE_ONLY___   
2022-11-02 09:00:15,375 INFO     ___FILE_ONLY___ [1mIdentity and Access Management[m

2022-11-02 09:00:15,375 INFO     ___FILE_ONLY___       ▪
2022-11-02 09:00:15,375 INFO     ___FILE_ONLY___  
2022-11-02 09:00:15,375 INFO     ___FILE_ONLY___ Added
2022-11-02 09:00:15,375 INFO     ___FILE_ONLY___  
2022-11-02 09:00:15,375 INFO     ___FILE_ONLY___ support
2022-11-02 09:00:15,376 INFO     ___FILE_ONLY___  
2022-11-02 09:00:15,382 INFO     ___FILE_ONLY___ for
2022-11-02 09:00:15,386 INFO     ___FILE_ONLY___  
2022-11-02 09:00:15,386 INFO     ___FILE_ONLY___ executable-sourced
2022-11-02 09:00:15,388 INFO     ___FILE_ONLY___  
2022-11-02 09:00:15,388 INFO     ___FILE_ONLY___ external
2022-11-02 09:00:15,389 INFO     ___FILE_ONLY___  
2022-11-02 09:00:15,389 INFO     ___FILE_ONLY___ account
2022-11-02 09:00:15,389 INFO     ___FILE_ONLY___  
2022-11-02 09:00:15,389 INFO     ___FILE_ONLY___ credentials.
2022-11-02 09:00:15,389 INFO     ___FILE_ONLY___ 

2022-11-02 09:00:15,389 INFO     ___FILE_ONLY___       ▪
2022-11-02 09:00:15,389 INFO     ___FILE_ONLY___  
2022-11-02 09:00:15,390 INFO     ___FILE_ONLY___ Added
2022-11-02 09:00:15,390 INFO     ___FILE_ONLY___  
2022-11-02 09:00:15,390 INFO     ___FILE_ONLY___ support
2022-11-02 09:00:15,390 INFO     ___FILE_ONLY___  
2022-11-02 09:00:15,391 INFO     ___FILE_ONLY___ for
2022-11-02 09:00:15,391 INFO     ___FILE_ONLY___  
2022-11-02 09:00:15,391 INFO     ___FILE_ONLY___ configuring
2022-11-02 09:00:15,391 INFO     ___FILE_ONLY___  
2022-11-02 09:00:15,391 INFO     ___FILE_ONLY___ the
2022-11-02 09:00:15,391 INFO     ___FILE_ONLY___  
2022-11-02 09:00:15,391 INFO     ___FILE_ONLY___ access
2022-11-02 09:00:15,391 INFO     ___FILE_ONLY___  
2022-11-02 09:00:15,392 INFO     ___FILE_ONLY___ token
2022-11-02 09:00:15,392 INFO     ___FILE_ONLY___  
2022-11-02 09:00:15,392 INFO     ___FILE_ONLY___ lifetime
2022-11-02 09:00:15,392 INFO     ___FILE_ONLY___  
2022-11-02 09:00:15,392 INFO     ___FILE_ONLY___ for
2022-11-02 09:00:15,392 INFO     ___FILE_ONLY___  
2022-11-02 09:00:15,392 INFO     ___FILE_ONLY___ service
2022-11-02 09:00:15,392 INFO     ___FILE_ONLY___ 

2022-11-02 09:00:15,393 INFO     ___FILE_ONLY___         
2022-11-02 09:00:15,393 INFO     ___FILE_ONLY___ account
2022-11-02 09:00:15,393 INFO     ___FILE_ONLY___  
2022-11-02 09:00:15,393 INFO     ___FILE_ONLY___ impersonation
2022-11-02 09:00:15,393 INFO     ___FILE_ONLY___  
2022-11-02 09:00:15,393 INFO     ___FILE_ONLY___ when
2022-11-02 09:00:15,393 INFO     ___FILE_ONLY___  
2022-11-02 09:00:15,393 INFO     ___FILE_ONLY___ using
2022-11-02 09:00:15,394 INFO     ___FILE_ONLY___  
2022-11-02 09:00:15,394 INFO     ___FILE_ONLY___ external
2022-11-02 09:00:15,394 INFO     ___FILE_ONLY___  
2022-11-02 09:00:15,394 INFO     ___FILE_ONLY___ account
2022-11-02 09:00:15,394 INFO     ___FILE_ONLY___  
2022-11-02 09:00:15,394 INFO     ___FILE_ONLY___ credentials.
2022-11-02 09:00:15,394 INFO     ___FILE_ONLY___ 

2022-11-02 09:00:15,394 INFO     ___FILE_ONLY___ 

2022-11-02 09:00:15,395 INFO     ___FILE_ONLY___    
2022-11-02 09:00:15,395 INFO     ___FILE_ONLY___  
2022-11-02 09:00:15,395 INFO     ___FILE_ONLY___ Subscribe
2022-11-02 09:00:15,395 INFO     ___FILE_ONLY___  
2022-11-02 09:00:15,395 INFO     ___FILE_ONLY___ to
2022-11-02 09:00:15,395 INFO     ___FILE_ONLY___  
2022-11-02 09:00:15,395 INFO     ___FILE_ONLY___ these
2022-11-02 09:00:15,396 INFO     ___FILE_ONLY___  
2022-11-02 09:00:15,396 INFO     ___FILE_ONLY___ release
2022-11-02 09:00:15,396 INFO     ___FILE_ONLY___  
2022-11-02 09:00:15,396 INFO     ___FILE_ONLY___ notes
2022-11-02 09:00:15,396 INFO     ___FILE_ONLY___  
2022-11-02 09:00:15,396 INFO     ___FILE_ONLY___ at
2022-11-02 09:00:15,396 INFO     ___FILE_ONLY___ 

2022-11-02 09:00:15,396 INFO     ___FILE_ONLY___     
2022-11-02 09:00:15,397 INFO     ___FILE_ONLY___ https://groups.google.com/forum/#!forum/google-cloud-sdk-announce
2022-11-02 09:00:15,397 INFO     ___FILE_ONLY___ 

2022-11-02 09:00:15,397 INFO     ___FILE_ONLY___     
2022-11-02 09:00:15,397 INFO     ___FILE_ONLY___ (https://groups.google.com/forum/#!forum/google-cloud-sdk-announce).
2022-11-02 09:00:15,397 INFO     ___FILE_ONLY___ 

2022-11-02 09:00:15,397 INFO     ___FILE_ONLY___ 

2022-11-02 09:00:15,397 INFO     ___FILE_ONLY___ [m
2022-11-02 09:00:15,397 INFO     ___FILE_ONLY___ [1m401.0.0 (2022-09-07)[m

2022-11-02 09:00:15,398 INFO     ___FILE_ONLY___ [m
2022-11-02 09:00:15,398 INFO     ___FILE_ONLY___   
2022-11-02 09:00:15,398 INFO     ___FILE_ONLY___ [1mGoogle Cloud CLI[m

2022-11-02 09:00:15,398 INFO     ___FILE_ONLY___       ▪
2022-11-02 09:00:15,399 INFO     ___FILE_ONLY___  
2022-11-02 09:00:15,399 INFO     ___FILE_ONLY___ Added
2022-11-02 09:00:15,399 INFO     ___FILE_ONLY___  
2022-11-02 09:00:15,399 INFO     ___FILE_ONLY___ warning
2022-11-02 09:00:15,399 INFO     ___FILE_ONLY___  
2022-11-02 09:00:15,399 INFO     ___FILE_ONLY___ message
2022-11-02 09:00:15,399 INFO     ___FILE_ONLY___  
2022-11-02 09:00:15,400 INFO     ___FILE_ONLY___ to
2022-11-02 09:00:15,400 INFO     ___FILE_ONLY___  
2022-11-02 09:00:15,400 INFO     ___FILE_ONLY___ indicate
2022-11-02 09:00:15,400 INFO     ___FILE_ONLY___  
2022-11-02 09:00:15,400 INFO     ___FILE_ONLY___ support
2022-11-02 09:00:15,400 INFO     ___FILE_ONLY___  
2022-11-02 09:00:15,400 INFO     ___FILE_ONLY___ for
2022-11-02 09:00:15,401 INFO     ___FILE_ONLY___  
2022-11-02 09:00:15,401 INFO     ___FILE_ONLY___ Python
2022-11-02 09:00:15,401 INFO     ___FILE_ONLY___  
2022-11-02 09:00:15,401 INFO     ___FILE_ONLY___ 2
2022-11-02 09:00:15,401 INFO     ___FILE_ONLY___  
2022-11-02 09:00:15,401 INFO     ___FILE_ONLY___ will
2022-11-02 09:00:15,402 INFO     ___FILE_ONLY___  
2022-11-02 09:00:15,402 INFO     ___FILE_ONLY___ soon
2022-11-02 09:00:15,402 INFO     ___FILE_ONLY___  
2022-11-02 09:00:15,402 INFO     ___FILE_ONLY___ be
2022-11-02 09:00:15,402 INFO     ___FILE_ONLY___ 

2022-11-02 09:00:15,402 INFO     ___FILE_ONLY___         
2022-11-02 09:00:15,402 INFO     ___FILE_ONLY___ deprecated.
2022-11-02 09:00:15,402 INFO     ___FILE_ONLY___ 

2022-11-02 09:00:15,403 INFO     ___FILE_ONLY___ 

2022-11-02 09:00:15,403 INFO     ___FILE_ONLY___ [m
2022-11-02 09:00:15,403 INFO     ___FILE_ONLY___   
2022-11-02 09:00:15,403 INFO     ___FILE_ONLY___ [1mAlloyDB[m

2022-11-02 09:00:15,403 INFO     ___FILE_ONLY___       ▪
2022-11-02 09:00:15,404 INFO     ___FILE_ONLY___  
2022-11-02 09:00:15,404 INFO     ___FILE_ONLY___ Added
2022-11-02 09:00:15,404 INFO     ___FILE_ONLY___  
2022-11-02 09:00:15,404 INFO     ___FILE_ONLY___ [1m--view[m
2022-11-02 09:00:15,404 INFO     ___FILE_ONLY___  
2022-11-02 09:00:15,404 INFO     ___FILE_ONLY___ flag
2022-11-02 09:00:15,404 INFO     ___FILE_ONLY___  
2022-11-02 09:00:15,405 INFO     ___FILE_ONLY___ to
2022-11-02 09:00:15,405 INFO     ___FILE_ONLY___  
2022-11-02 09:00:15,405 INFO     ___FILE_ONLY___ [1mgcloud
2022-11-02 09:00:15,405 INFO     ___FILE_ONLY___  
2022-11-02 09:00:15,405 INFO     ___FILE_ONLY___ alpha
2022-11-02 09:00:15,405 INFO     ___FILE_ONLY___  
2022-11-02 09:00:15,405 INFO     ___FILE_ONLY___ alloydb
2022-11-02 09:00:15,405 INFO     ___FILE_ONLY___  
2022-11-02 09:00:15,405 INFO     ___FILE_ONLY___ instances
2022-11-02 09:00:15,405 INFO     ___FILE_ONLY___  
2022-11-02 09:00:15,405 INFO     ___FILE_ONLY___ describe[m
2022-11-02 09:00:15,405 INFO     ___FILE_ONLY___  
2022-11-02 09:00:15,406 INFO     ___FILE_ONLY___ to
2022-11-02 09:00:15,406 INFO     ___FILE_ONLY___  
2022-11-02 09:00:15,406 INFO     ___FILE_ONLY___ get
2022-11-02 09:00:15,406 INFO     ___FILE_ONLY___ 

2022-11-02 09:00:15,406 INFO     ___FILE_ONLY___         
2022-11-02 09:00:15,406 INFO     ___FILE_ONLY___ the
2022-11-02 09:00:15,406 INFO     ___FILE_ONLY___  
2022-11-02 09:00:15,406 INFO     ___FILE_ONLY___ view
2022-11-02 09:00:15,406 INFO     ___FILE_ONLY___  
2022-11-02 09:00:15,406 INFO     ___FILE_ONLY___ of
2022-11-02 09:00:15,407 INFO     ___FILE_ONLY___  
2022-11-02 09:00:15,407 INFO     ___FILE_ONLY___ AlloyDB
2022-11-02 09:00:15,407 INFO     ___FILE_ONLY___  
2022-11-02 09:00:15,407 INFO     ___FILE_ONLY___ instance.
2022-11-02 09:00:15,407 INFO     ___FILE_ONLY___  
2022-11-02 09:00:15,407 INFO     ___FILE_ONLY___ [1m--view=BASIC[m
2022-11-02 09:00:15,408 INFO     ___FILE_ONLY___  
2022-11-02 09:00:15,408 INFO     ___FILE_ONLY___ will
2022-11-02 09:00:15,408 INFO     ___FILE_ONLY___  
2022-11-02 09:00:15,408 INFO     ___FILE_ONLY___ be
2022-11-02 09:00:15,408 INFO     ___FILE_ONLY___  
2022-11-02 09:00:15,408 INFO     ___FILE_ONLY___ the
2022-11-02 09:00:15,408 INFO     ___FILE_ONLY___  
2022-11-02 09:00:15,408 INFO     ___FILE_ONLY___ same
2022-11-02 09:00:15,409 INFO     ___FILE_ONLY___  
2022-11-02 09:00:15,409 INFO     ___FILE_ONLY___ response
2022-11-02 09:00:15,409 INFO     ___FILE_ONLY___  
2022-11-02 09:00:15,409 INFO     ___FILE_ONLY___ as
2022-11-02 09:00:15,409 INFO     ___FILE_ONLY___ 

2022-11-02 09:00:15,409 INFO     ___FILE_ONLY___         
2022-11-02 09:00:15,409 INFO     ___FILE_ONLY___ describe
2022-11-02 09:00:15,410 INFO     ___FILE_ONLY___  
2022-11-02 09:00:15,410 INFO     ___FILE_ONLY___ instance
2022-11-02 09:00:15,410 INFO     ___FILE_ONLY___  
2022-11-02 09:00:15,410 INFO     ___FILE_ONLY___ without
2022-11-02 09:00:15,410 INFO     ___FILE_ONLY___  
2022-11-02 09:00:15,410 INFO     ___FILE_ONLY___ this
2022-11-02 09:00:15,410 INFO     ___FILE_ONLY___  
2022-11-02 09:00:15,410 INFO     ___FILE_ONLY___ flag,
2022-11-02 09:00:15,410 INFO     ___FILE_ONLY___  
2022-11-02 09:00:15,411 INFO     ___FILE_ONLY___ and
2022-11-02 09:00:15,411 INFO     ___FILE_ONLY___  
2022-11-02 09:00:15,411 INFO     ___FILE_ONLY___ [1m--view=FULL[m
2022-11-02 09:00:15,411 INFO     ___FILE_ONLY___  
2022-11-02 09:00:15,411 INFO     ___FILE_ONLY___ for
2022-11-02 09:00:15,411 INFO     ___FILE_ONLY___  
2022-11-02 09:00:15,411 INFO     ___FILE_ONLY___ read
2022-11-02 09:00:15,412 INFO     ___FILE_ONLY___  
2022-11-02 09:00:15,412 INFO     ___FILE_ONLY___ pool
2022-11-02 09:00:15,412 INFO     ___FILE_ONLY___ 

2022-11-02 09:00:15,412 INFO     ___FILE_ONLY___         
2022-11-02 09:00:15,412 INFO     ___FILE_ONLY___ instance
2022-11-02 09:00:15,412 INFO     ___FILE_ONLY___  
2022-11-02 09:00:15,412 INFO     ___FILE_ONLY___ will
2022-11-02 09:00:15,412 INFO     ___FILE_ONLY___  
2022-11-02 09:00:15,413 INFO     ___FILE_ONLY___ list
2022-11-02 09:00:15,413 INFO     ___FILE_ONLY___  
2022-11-02 09:00:15,413 INFO     ___FILE_ONLY___ the
2022-11-02 09:00:15,413 INFO     ___FILE_ONLY___  
2022-11-02 09:00:15,413 INFO     ___FILE_ONLY___ details
2022-11-02 09:00:15,413 INFO     ___FILE_ONLY___  
2022-11-02 09:00:15,413 INFO     ___FILE_ONLY___ of
2022-11-02 09:00:15,413 INFO     ___FILE_ONLY___  
2022-11-02 09:00:15,414 INFO     ___FILE_ONLY___ each
2022-11-02 09:00:15,414 INFO     ___FILE_ONLY___  
2022-11-02 09:00:15,414 INFO     ___FILE_ONLY___ node
2022-11-02 09:00:15,414 INFO     ___FILE_ONLY___  
2022-11-02 09:00:15,414 INFO     ___FILE_ONLY___ in
2022-11-02 09:00:15,414 INFO     ___FILE_ONLY___  
2022-11-02 09:00:15,414 INFO     ___FILE_ONLY___ the
2022-11-02 09:00:15,415 INFO     ___FILE_ONLY___  
2022-11-02 09:00:15,415 INFO     ___FILE_ONLY___ pool.
2022-11-02 09:00:15,415 INFO     ___FILE_ONLY___ 

2022-11-02 09:00:15,415 INFO     ___FILE_ONLY___ 

2022-11-02 09:00:15,416 INFO     ___FILE_ONLY___ [m
2022-11-02 09:00:15,416 INFO     ___FILE_ONLY___   
2022-11-02 09:00:15,416 INFO     ___FILE_ONLY___ [1mAnthos Multi-Cloud[m

2022-11-02 09:00:15,416 INFO     ___FILE_ONLY___       ▪
2022-11-02 09:00:15,416 INFO     ___FILE_ONLY___  
2022-11-02 09:00:15,417 INFO     ___FILE_ONLY___ Added
2022-11-02 09:00:15,417 INFO     ___FILE_ONLY___  
2022-11-02 09:00:15,445 INFO     ___FILE_ONLY___ [1m--description[m
2022-11-02 09:00:15,445 INFO     ___FILE_ONLY___  
2022-11-02 09:00:15,445 INFO     ___FILE_ONLY___ flag
2022-11-02 09:00:15,452 INFO     ___FILE_ONLY___  
2022-11-02 09:00:15,452 INFO     ___FILE_ONLY___ to
2022-11-02 09:00:15,453 INFO     ___FILE_ONLY___  
2022-11-02 09:00:15,462 INFO     ___FILE_ONLY___ [1mgcloud
2022-11-02 09:00:15,462 INFO     ___FILE_ONLY___  
2022-11-02 09:00:15,462 INFO     ___FILE_ONLY___ container
2022-11-02 09:00:15,462 INFO     ___FILE_ONLY___  
2022-11-02 09:00:15,462 INFO     ___FILE_ONLY___ aws
2022-11-02 09:00:15,463 INFO     ___FILE_ONLY___  
2022-11-02 09:00:15,463 INFO     ___FILE_ONLY___ clusters
2022-11-02 09:00:15,464 INFO     ___FILE_ONLY___  
2022-11-02 09:00:15,464 INFO     ___FILE_ONLY___ update[m
2022-11-02 09:00:15,464 INFO     ___FILE_ONLY___  
2022-11-02 09:00:15,464 INFO     ___FILE_ONLY___ to
2022-11-02 09:00:15,465 INFO     ___FILE_ONLY___ 

2022-11-02 09:00:15,465 INFO     ___FILE_ONLY___         
2022-11-02 09:00:15,466 INFO     ___FILE_ONLY___ update
2022-11-02 09:00:15,467 INFO     ___FILE_ONLY___  
2022-11-02 09:00:15,467 INFO     ___FILE_ONLY___ the
2022-11-02 09:00:15,467 INFO     ___FILE_ONLY___  
2022-11-02 09:00:15,467 INFO     ___FILE_ONLY___ description
2022-11-02 09:00:15,467 INFO     ___FILE_ONLY___  
2022-11-02 09:00:15,467 INFO     ___FILE_ONLY___ of
2022-11-02 09:00:15,468 INFO     ___FILE_ONLY___  
2022-11-02 09:00:15,468 INFO     ___FILE_ONLY___ AWS
2022-11-02 09:00:15,468 INFO     ___FILE_ONLY___  
2022-11-02 09:00:15,468 INFO     ___FILE_ONLY___ clusters.
2022-11-02 09:00:15,468 INFO     ___FILE_ONLY___ 

2022-11-02 09:00:15,468 INFO     ___FILE_ONLY___       ▪
2022-11-02 09:00:15,469 INFO     ___FILE_ONLY___  
2022-11-02 09:00:15,469 INFO     ___FILE_ONLY___ Added
2022-11-02 09:00:15,469 INFO     ___FILE_ONLY___  
2022-11-02 09:00:15,469 INFO     ___FILE_ONLY___ [1m--clear-description[m
2022-11-02 09:00:15,469 INFO     ___FILE_ONLY___  
2022-11-02 09:00:15,469 INFO     ___FILE_ONLY___ flag
2022-11-02 09:00:15,469 INFO     ___FILE_ONLY___  
2022-11-02 09:00:15,470 INFO     ___FILE_ONLY___ to
2022-11-02 09:00:15,470 INFO     ___FILE_ONLY___  
2022-11-02 09:00:15,470 INFO     ___FILE_ONLY___ [1mgcloud
2022-11-02 09:00:15,470 INFO     ___FILE_ONLY___  
2022-11-02 09:00:15,470 INFO     ___FILE_ONLY___ container
2022-11-02 09:00:15,470 INFO     ___FILE_ONLY___  
2022-11-02 09:00:15,470 INFO     ___FILE_ONLY___ aws
2022-11-02 09:00:15,470 INFO     ___FILE_ONLY___  
2022-11-02 09:00:15,471 INFO     ___FILE_ONLY___ clusters
2022-11-02 09:00:15,471 INFO     ___FILE_ONLY___ 

2022-11-02 09:00:15,471 INFO     ___FILE_ONLY___         
2022-11-02 09:00:15,471 INFO     ___FILE_ONLY___ update[m
2022-11-02 09:00:15,471 INFO     ___FILE_ONLY___  
2022-11-02 09:00:15,471 INFO     ___FILE_ONLY___ to
2022-11-02 09:00:15,471 INFO     ___FILE_ONLY___  
2022-11-02 09:00:15,471 INFO     ___FILE_ONLY___ clear
2022-11-02 09:00:15,471 INFO     ___FILE_ONLY___  
2022-11-02 09:00:15,471 INFO     ___FILE_ONLY___ the
2022-11-02 09:00:15,472 INFO     ___FILE_ONLY___  
2022-11-02 09:00:15,472 INFO     ___FILE_ONLY___ description
2022-11-02 09:00:15,472 INFO     ___FILE_ONLY___  
2022-11-02 09:00:15,472 INFO     ___FILE_ONLY___ of
2022-11-02 09:00:15,472 INFO     ___FILE_ONLY___  
2022-11-02 09:00:15,472 INFO     ___FILE_ONLY___ AWS
2022-11-02 09:00:15,472 INFO     ___FILE_ONLY___  
2022-11-02 09:00:15,472 INFO     ___FILE_ONLY___ clusters.
2022-11-02 09:00:15,472 INFO     ___FILE_ONLY___ 

2022-11-02 09:00:15,473 INFO     ___FILE_ONLY___       ▪
2022-11-02 09:00:15,473 INFO     ___FILE_ONLY___  
2022-11-02 09:00:15,473 INFO     ___FILE_ONLY___ Added
2022-11-02 09:00:15,473 INFO     ___FILE_ONLY___  
2022-11-02 09:00:15,473 INFO     ___FILE_ONLY___ [1m--annotations[m
2022-11-02 09:00:15,473 INFO     ___FILE_ONLY___  
2022-11-02 09:00:15,473 INFO     ___FILE_ONLY___ flag
2022-11-02 09:00:15,474 INFO     ___FILE_ONLY___  
2022-11-02 09:00:15,474 INFO     ___FILE_ONLY___ to
2022-11-02 09:00:15,474 INFO     ___FILE_ONLY___  
2022-11-02 09:00:15,474 INFO     ___FILE_ONLY___ [1mgcloud
2022-11-02 09:00:15,474 INFO     ___FILE_ONLY___  
2022-11-02 09:00:15,474 INFO     ___FILE_ONLY___ container
2022-11-02 09:00:15,475 INFO     ___FILE_ONLY___  
2022-11-02 09:00:15,475 INFO     ___FILE_ONLY___ aws
2022-11-02 09:00:15,475 INFO     ___FILE_ONLY___  
2022-11-02 09:00:15,475 INFO     ___FILE_ONLY___ clusters
2022-11-02 09:00:15,475 INFO     ___FILE_ONLY___  
2022-11-02 09:00:15,475 INFO     ___FILE_ONLY___ update[m
2022-11-02 09:00:15,475 INFO     ___FILE_ONLY___  
2022-11-02 09:00:15,475 INFO     ___FILE_ONLY___ to
2022-11-02 09:00:15,476 INFO     ___FILE_ONLY___ 

2022-11-02 09:00:15,476 INFO     ___FILE_ONLY___         
2022-11-02 09:00:15,476 INFO     ___FILE_ONLY___ update
2022-11-02 09:00:15,476 INFO     ___FILE_ONLY___  
2022-11-02 09:00:15,476 INFO     ___FILE_ONLY___ the
2022-11-02 09:00:15,476 INFO     ___FILE_ONLY___  
2022-11-02 09:00:15,476 INFO     ___FILE_ONLY___ annotations
2022-11-02 09:00:15,477 INFO     ___FILE_ONLY___  
2022-11-02 09:00:15,477 INFO     ___FILE_ONLY___ of
2022-11-02 09:00:15,477 INFO     ___FILE_ONLY___  
2022-11-02 09:00:15,477 INFO     ___FILE_ONLY___ AWS
2022-11-02 09:00:15,477 INFO     ___FILE_ONLY___  
2022-11-02 09:00:15,477 INFO     ___FILE_ONLY___ clusters.
2022-11-02 09:00:15,477 INFO     ___FILE_ONLY___ 

2022-11-02 09:00:15,477 INFO     ___FILE_ONLY___       ▪
2022-11-02 09:00:15,478 INFO     ___FILE_ONLY___  
2022-11-02 09:00:15,478 INFO     ___FILE_ONLY___ Added
2022-11-02 09:00:15,478 INFO     ___FILE_ONLY___  
2022-11-02 09:00:15,478 INFO     ___FILE_ONLY___ [1m--clear-annotations[m
2022-11-02 09:00:15,478 INFO     ___FILE_ONLY___  
2022-11-02 09:00:15,478 INFO     ___FILE_ONLY___ flag
2022-11-02 09:00:15,479 INFO     ___FILE_ONLY___  
2022-11-02 09:00:15,479 INFO     ___FILE_ONLY___ to
2022-11-02 09:00:15,479 INFO     ___FILE_ONLY___  
2022-11-02 09:00:15,479 INFO     ___FILE_ONLY___ [1mgcloud
2022-11-02 09:00:15,479 INFO     ___FILE_ONLY___  
2022-11-02 09:00:15,479 INFO     ___FILE_ONLY___ container
2022-11-02 09:00:15,479 INFO     ___FILE_ONLY___  
2022-11-02 09:00:15,479 INFO     ___FILE_ONLY___ aws
2022-11-02 09:00:15,479 INFO     ___FILE_ONLY___  
2022-11-02 09:00:15,480 INFO     ___FILE_ONLY___ clusters
2022-11-02 09:00:15,480 INFO     ___FILE_ONLY___ 

2022-11-02 09:00:15,480 INFO     ___FILE_ONLY___         
2022-11-02 09:00:15,480 INFO     ___FILE_ONLY___ update[m
2022-11-02 09:00:15,480 INFO     ___FILE_ONLY___  
2022-11-02 09:00:15,481 INFO     ___FILE_ONLY___ to
2022-11-02 09:00:15,481 INFO     ___FILE_ONLY___  
2022-11-02 09:00:15,481 INFO     ___FILE_ONLY___ clear
2022-11-02 09:00:15,481 INFO     ___FILE_ONLY___  
2022-11-02 09:00:15,481 INFO     ___FILE_ONLY___ the
2022-11-02 09:00:15,481 INFO     ___FILE_ONLY___  
2022-11-02 09:00:15,481 INFO     ___FILE_ONLY___ annotations
2022-11-02 09:00:15,482 INFO     ___FILE_ONLY___  
2022-11-02 09:00:15,482 INFO     ___FILE_ONLY___ of
2022-11-02 09:00:15,482 INFO     ___FILE_ONLY___  
2022-11-02 09:00:15,482 INFO     ___FILE_ONLY___ AWS
2022-11-02 09:00:15,482 INFO     ___FILE_ONLY___  
2022-11-02 09:00:15,482 INFO     ___FILE_ONLY___ clusters.
2022-11-02 09:00:15,483 INFO     ___FILE_ONLY___ 

2022-11-02 09:00:15,483 INFO     ___FILE_ONLY___       ▪
2022-11-02 09:00:15,483 INFO     ___FILE_ONLY___  
2022-11-02 09:00:15,483 INFO     ___FILE_ONLY___ Added
2022-11-02 09:00:15,483 INFO     ___FILE_ONLY___  
2022-11-02 09:00:15,483 INFO     ___FILE_ONLY___ [1m--description[m
2022-11-02 09:00:15,484 INFO     ___FILE_ONLY___  
2022-11-02 09:00:15,484 INFO     ___FILE_ONLY___ flag
2022-11-02 09:00:15,484 INFO     ___FILE_ONLY___  
2022-11-02 09:00:15,484 INFO     ___FILE_ONLY___ to
2022-11-02 09:00:15,484 INFO     ___FILE_ONLY___  
2022-11-02 09:00:15,484 INFO     ___FILE_ONLY___ [1mgcloud
2022-11-02 09:00:15,485 INFO     ___FILE_ONLY___  
2022-11-02 09:00:15,485 INFO     ___FILE_ONLY___ container
2022-11-02 09:00:15,485 INFO     ___FILE_ONLY___  
2022-11-02 09:00:15,490 INFO     ___FILE_ONLY___ azure
2022-11-02 09:00:15,491 INFO     ___FILE_ONLY___  
2022-11-02 09:00:15,491 INFO     ___FILE_ONLY___ clusters
2022-11-02 09:00:15,491 INFO     ___FILE_ONLY___  
2022-11-02 09:00:15,491 INFO     ___FILE_ONLY___ create[m
2022-11-02 09:00:15,491 INFO     ___FILE_ONLY___  
2022-11-02 09:00:15,491 INFO     ___FILE_ONLY___ to
2022-11-02 09:00:15,491 INFO     ___FILE_ONLY___ 

2022-11-02 09:00:15,492 INFO     ___FILE_ONLY___         
2022-11-02 09:00:15,505 INFO     ___FILE_ONLY___ set
2022-11-02 09:00:15,506 INFO     ___FILE_ONLY___  
2022-11-02 09:00:15,506 INFO     ___FILE_ONLY___ the
2022-11-02 09:00:15,506 INFO     ___FILE_ONLY___  
2022-11-02 09:00:15,506 INFO     ___FILE_ONLY___ description
2022-11-02 09:00:15,506 INFO     ___FILE_ONLY___  
2022-11-02 09:00:15,506 INFO     ___FILE_ONLY___ field
2022-11-02 09:00:15,506 INFO     ___FILE_ONLY___  
2022-11-02 09:00:15,506 INFO     ___FILE_ONLY___ when
2022-11-02 09:00:15,507 INFO     ___FILE_ONLY___  
2022-11-02 09:00:15,507 INFO     ___FILE_ONLY___ creating
2022-11-02 09:00:15,507 INFO     ___FILE_ONLY___  
2022-11-02 09:00:15,507 INFO     ___FILE_ONLY___ Azure
2022-11-02 09:00:15,507 INFO     ___FILE_ONLY___  
2022-11-02 09:00:15,507 INFO     ___FILE_ONLY___ clusters.
2022-11-02 09:00:15,507 INFO     ___FILE_ONLY___ 

2022-11-02 09:00:15,507 INFO     ___FILE_ONLY___       ▪
2022-11-02 09:00:15,508 INFO     ___FILE_ONLY___  
2022-11-02 09:00:15,508 INFO     ___FILE_ONLY___ Added
2022-11-02 09:00:15,508 INFO     ___FILE_ONLY___  
2022-11-02 09:00:15,508 INFO     ___FILE_ONLY___ [1m--annotations[m
2022-11-02 09:00:15,508 INFO     ___FILE_ONLY___  
2022-11-02 09:00:15,508 INFO     ___FILE_ONLY___ flag
2022-11-02 09:00:15,508 INFO     ___FILE_ONLY___  
2022-11-02 09:00:15,509 INFO     ___FILE_ONLY___ to
2022-11-02 09:00:15,509 INFO     ___FILE_ONLY___  
2022-11-02 09:00:15,509 INFO     ___FILE_ONLY___ [1mgcloud
2022-11-02 09:00:15,509 INFO     ___FILE_ONLY___  
2022-11-02 09:00:15,509 INFO     ___FILE_ONLY___ container
2022-11-02 09:00:15,509 INFO     ___FILE_ONLY___  
2022-11-02 09:00:15,509 INFO     ___FILE_ONLY___ azure
2022-11-02 09:00:15,509 INFO     ___FILE_ONLY___  
2022-11-02 09:00:15,509 INFO     ___FILE_ONLY___ clusters
2022-11-02 09:00:15,510 INFO     ___FILE_ONLY___  
2022-11-02 09:00:15,511 INFO     ___FILE_ONLY___ create[m
2022-11-02 09:00:15,511 INFO     ___FILE_ONLY___  
2022-11-02 09:00:15,511 INFO     ___FILE_ONLY___ to
2022-11-02 09:00:15,511 INFO     ___FILE_ONLY___ 

2022-11-02 09:00:15,511 INFO     ___FILE_ONLY___         
2022-11-02 09:00:15,511 INFO     ___FILE_ONLY___ set
2022-11-02 09:00:15,511 INFO     ___FILE_ONLY___  
2022-11-02 09:00:15,512 INFO     ___FILE_ONLY___ the
2022-11-02 09:00:15,512 INFO     ___FILE_ONLY___  
2022-11-02 09:00:15,512 INFO     ___FILE_ONLY___ annotations
2022-11-02 09:00:15,512 INFO     ___FILE_ONLY___  
2022-11-02 09:00:15,512 INFO     ___FILE_ONLY___ field
2022-11-02 09:00:15,512 INFO     ___FILE_ONLY___  
2022-11-02 09:00:15,512 INFO     ___FILE_ONLY___ when
2022-11-02 09:00:15,512 INFO     ___FILE_ONLY___  
2022-11-02 09:00:15,513 INFO     ___FILE_ONLY___ creating
2022-11-02 09:00:15,513 INFO     ___FILE_ONLY___  
2022-11-02 09:00:15,513 INFO     ___FILE_ONLY___ Azure
2022-11-02 09:00:15,513 INFO     ___FILE_ONLY___  
2022-11-02 09:00:15,513 INFO     ___FILE_ONLY___ clusters.
2022-11-02 09:00:15,513 INFO     ___FILE_ONLY___ 

2022-11-02 09:00:15,513 INFO     ___FILE_ONLY___       ▪
2022-11-02 09:00:15,513 INFO     ___FILE_ONLY___  
2022-11-02 09:00:15,514 INFO     ___FILE_ONLY___ Added
2022-11-02 09:00:15,514 INFO     ___FILE_ONLY___  
2022-11-02 09:00:15,514 INFO     ___FILE_ONLY___ [1m--description[m
2022-11-02 09:00:15,514 INFO     ___FILE_ONLY___  
2022-11-02 09:00:15,514 INFO     ___FILE_ONLY___ flag
2022-11-02 09:00:15,514 INFO     ___FILE_ONLY___  
2022-11-02 09:00:15,514 INFO     ___FILE_ONLY___ to
2022-11-02 09:00:15,514 INFO     ___FILE_ONLY___  
2022-11-02 09:00:15,515 INFO     ___FILE_ONLY___ [1mgcloud
2022-11-02 09:00:15,515 INFO     ___FILE_ONLY___  
2022-11-02 09:00:15,515 INFO     ___FILE_ONLY___ container
2022-11-02 09:00:15,516 INFO     ___FILE_ONLY___  
2022-11-02 09:00:15,517 INFO     ___FILE_ONLY___ azure
2022-11-02 09:00:15,517 INFO     ___FILE_ONLY___  
2022-11-02 09:00:15,517 INFO     ___FILE_ONLY___ clusters
2022-11-02 09:00:15,517 INFO     ___FILE_ONLY___  
2022-11-02 09:00:15,517 INFO     ___FILE_ONLY___ update[m
2022-11-02 09:00:15,517 INFO     ___FILE_ONLY___  
2022-11-02 09:00:15,518 INFO     ___FILE_ONLY___ to
2022-11-02 09:00:15,518 INFO     ___FILE_ONLY___ 

2022-11-02 09:00:15,518 INFO     ___FILE_ONLY___         
2022-11-02 09:00:15,518 INFO     ___FILE_ONLY___ update
2022-11-02 09:00:15,518 INFO     ___FILE_ONLY___  
2022-11-02 09:00:15,519 INFO     ___FILE_ONLY___ the
2022-11-02 09:00:15,519 INFO     ___FILE_ONLY___  
2022-11-02 09:00:15,519 INFO     ___FILE_ONLY___ description
2022-11-02 09:00:15,519 INFO     ___FILE_ONLY___  
2022-11-02 09:00:15,519 INFO     ___FILE_ONLY___ of
2022-11-02 09:00:15,520 INFO     ___FILE_ONLY___  
2022-11-02 09:00:15,520 INFO     ___FILE_ONLY___ Azure
2022-11-02 09:00:15,520 INFO     ___FILE_ONLY___  
2022-11-02 09:00:15,520 INFO     ___FILE_ONLY___ clusters.
2022-11-02 09:00:15,521 INFO     ___FILE_ONLY___ 

2022-11-02 09:00:15,521 INFO     ___FILE_ONLY___       ▪
2022-11-02 09:00:15,521 INFO     ___FILE_ONLY___  
2022-11-02 09:00:15,521 INFO     ___FILE_ONLY___ Added
2022-11-02 09:00:15,522 INFO     ___FILE_ONLY___  
2022-11-02 09:00:15,522 INFO     ___FILE_ONLY___ [1m--clear-description[m
2022-11-02 09:00:15,523 INFO     ___FILE_ONLY___  
2022-11-02 09:00:15,524 INFO     ___FILE_ONLY___ flag
2022-11-02 09:00:15,524 INFO     ___FILE_ONLY___  
2022-11-02 09:00:15,526 INFO     ___FILE_ONLY___ to
2022-11-02 09:00:15,528 INFO     ___FILE_ONLY___  
2022-11-02 09:00:15,528 INFO     ___FILE_ONLY___ [1mgcloud
2022-11-02 09:00:15,529 INFO     ___FILE_ONLY___  
2022-11-02 09:00:15,529 INFO     ___FILE_ONLY___ container
2022-11-02 09:00:15,529 INFO     ___FILE_ONLY___  
2022-11-02 09:00:15,529 INFO     ___FILE_ONLY___ azure
2022-11-02 09:00:15,529 INFO     ___FILE_ONLY___  
2022-11-02 09:00:15,529 INFO     ___FILE_ONLY___ clusters
2022-11-02 09:00:15,529 INFO     ___FILE_ONLY___ 

2022-11-02 09:00:15,530 INFO     ___FILE_ONLY___         
2022-11-02 09:00:15,530 INFO     ___FILE_ONLY___ update[m
2022-11-02 09:00:15,530 INFO     ___FILE_ONLY___  
2022-11-02 09:00:15,530 INFO     ___FILE_ONLY___ to
2022-11-02 09:00:15,530 INFO     ___FILE_ONLY___  
2022-11-02 09:00:15,530 INFO     ___FILE_ONLY___ clear
2022-11-02 09:00:15,530 INFO     ___FILE_ONLY___  
2022-11-02 09:00:15,531 INFO     ___FILE_ONLY___ the
2022-11-02 09:00:15,531 INFO     ___FILE_ONLY___  
2022-11-02 09:00:15,531 INFO     ___FILE_ONLY___ description
2022-11-02 09:00:15,531 INFO     ___FILE_ONLY___  
2022-11-02 09:00:15,532 INFO     ___FILE_ONLY___ of
2022-11-02 09:00:15,532 INFO     ___FILE_ONLY___  
2022-11-02 09:00:15,532 INFO     ___FILE_ONLY___ Azure
2022-11-02 09:00:15,532 INFO     ___FILE_ONLY___  
2022-11-02 09:00:15,533 INFO     ___FILE_ONLY___ clusters.
2022-11-02 09:00:15,533 INFO     ___FILE_ONLY___ 

2022-11-02 09:00:15,533 INFO     ___FILE_ONLY___       ▪
2022-11-02 09:00:15,533 INFO     ___FILE_ONLY___  
2022-11-02 09:00:15,533 INFO     ___FILE_ONLY___ Added
2022-11-02 09:00:15,533 INFO     ___FILE_ONLY___  
2022-11-02 09:00:15,534 INFO     ___FILE_ONLY___ [1m--annotations[m
2022-11-02 09:00:15,534 INFO     ___FILE_ONLY___  
2022-11-02 09:00:15,535 INFO     ___FILE_ONLY___ flag
2022-11-02 09:00:15,535 INFO     ___FILE_ONLY___  
2022-11-02 09:00:15,535 INFO     ___FILE_ONLY___ to
2022-11-02 09:00:15,535 INFO     ___FILE_ONLY___  
2022-11-02 09:00:15,535 INFO     ___FILE_ONLY___ [1mgcloud
2022-11-02 09:00:15,535 INFO     ___FILE_ONLY___  
2022-11-02 09:00:15,536 INFO     ___FILE_ONLY___ container
2022-11-02 09:00:15,536 INFO     ___FILE_ONLY___  
2022-11-02 09:00:15,536 INFO     ___FILE_ONLY___ azure
2022-11-02 09:00:15,537 INFO     ___FILE_ONLY___  
2022-11-02 09:00:15,537 INFO     ___FILE_ONLY___ clusters
2022-11-02 09:00:15,537 INFO     ___FILE_ONLY___  
2022-11-02 09:00:15,537 INFO     ___FILE_ONLY___ update[m
2022-11-02 09:00:15,537 INFO     ___FILE_ONLY___  
2022-11-02 09:00:15,537 INFO     ___FILE_ONLY___ to
2022-11-02 09:00:15,537 INFO     ___FILE_ONLY___ 

2022-11-02 09:00:15,538 INFO     ___FILE_ONLY___         
2022-11-02 09:00:15,538 INFO     ___FILE_ONLY___ update
2022-11-02 09:00:15,538 INFO     ___FILE_ONLY___  
2022-11-02 09:00:15,538 INFO     ___FILE_ONLY___ the
2022-11-02 09:00:15,539 INFO     ___FILE_ONLY___  
2022-11-02 09:00:15,539 INFO     ___FILE_ONLY___ annotations
2022-11-02 09:00:15,539 INFO     ___FILE_ONLY___  
2022-11-02 09:00:15,539 INFO     ___FILE_ONLY___ of
2022-11-02 09:00:15,539 INFO     ___FILE_ONLY___  
2022-11-02 09:00:15,539 INFO     ___FILE_ONLY___ Azure
2022-11-02 09:00:15,540 INFO     ___FILE_ONLY___  
2022-11-02 09:00:15,540 INFO     ___FILE_ONLY___ clusters.
2022-11-02 09:00:15,540 INFO     ___FILE_ONLY___ 

2022-11-02 09:00:15,540 INFO     ___FILE_ONLY___       ▪
2022-11-02 09:00:15,541 INFO     ___FILE_ONLY___  
2022-11-02 09:00:15,541 INFO     ___FILE_ONLY___ Added
2022-11-02 09:00:15,565 INFO     ___FILE_ONLY___  
2022-11-02 09:00:15,565 INFO     ___FILE_ONLY___ [1m--clear-annotations[m
2022-11-02 09:00:15,566 INFO     ___FILE_ONLY___  
2022-11-02 09:00:15,567 INFO     ___FILE_ONLY___ flag
2022-11-02 09:00:15,567 INFO     ___FILE_ONLY___  
2022-11-02 09:00:15,567 INFO     ___FILE_ONLY___ to
2022-11-02 09:00:15,567 INFO     ___FILE_ONLY___  
2022-11-02 09:00:15,567 INFO     ___FILE_ONLY___ [1mgcloud
2022-11-02 09:00:15,567 INFO     ___FILE_ONLY___  
2022-11-02 09:00:15,567 INFO     ___FILE_ONLY___ container
2022-11-02 09:00:15,568 INFO     ___FILE_ONLY___  
2022-11-02 09:00:15,568 INFO     ___FILE_ONLY___ azure
2022-11-02 09:00:15,568 INFO     ___FILE_ONLY___  
2022-11-02 09:00:15,568 INFO     ___FILE_ONLY___ clusters
2022-11-02 09:00:15,568 INFO     ___FILE_ONLY___ 

2022-11-02 09:00:15,568 INFO     ___FILE_ONLY___         
2022-11-02 09:00:15,568 INFO     ___FILE_ONLY___ update[m
2022-11-02 09:00:15,568 INFO     ___FILE_ONLY___  
2022-11-02 09:00:15,569 INFO     ___FILE_ONLY___ to
2022-11-02 09:00:15,569 INFO     ___FILE_ONLY___  
2022-11-02 09:00:15,569 INFO     ___FILE_ONLY___ clear
2022-11-02 09:00:15,569 INFO     ___FILE_ONLY___  
2022-11-02 09:00:15,569 INFO     ___FILE_ONLY___ the
2022-11-02 09:00:15,569 INFO     ___FILE_ONLY___  
2022-11-02 09:00:15,569 INFO     ___FILE_ONLY___ annotations
2022-11-02 09:00:15,569 INFO     ___FILE_ONLY___  
2022-11-02 09:00:15,569 INFO     ___FILE_ONLY___ of
2022-11-02 09:00:15,570 INFO     ___FILE_ONLY___  
2022-11-02 09:00:15,570 INFO     ___FILE_ONLY___ Azure
2022-11-02 09:00:15,570 INFO     ___FILE_ONLY___  
2022-11-02 09:00:15,570 INFO     ___FILE_ONLY___ clusters.
2022-11-02 09:00:15,570 INFO     ___FILE_ONLY___ 

2022-11-02 09:00:15,570 INFO     ___FILE_ONLY___ 

2022-11-02 09:00:15,570 INFO     ___FILE_ONLY___ [m
2022-11-02 09:00:15,570 INFO     ___FILE_ONLY___   
2022-11-02 09:00:15,571 INFO     ___FILE_ONLY___ [1mCloud Run[m

2022-11-02 09:00:15,571 INFO     ___FILE_ONLY___       ▪
2022-11-02 09:00:15,571 INFO     ___FILE_ONLY___  
2022-11-02 09:00:15,571 INFO     ___FILE_ONLY___ Added
2022-11-02 09:00:15,571 INFO     ___FILE_ONLY___  
2022-11-02 09:00:15,571 INFO     ___FILE_ONLY___ execution
2022-11-02 09:00:15,571 INFO     ___FILE_ONLY___  
2022-11-02 09:00:15,572 INFO     ___FILE_ONLY___ log
2022-11-02 09:00:15,572 INFO     ___FILE_ONLY___  
2022-11-02 09:00:15,572 INFO     ___FILE_ONLY___ URI
2022-11-02 09:00:15,572 INFO     ___FILE_ONLY___  
2022-11-02 09:00:15,572 INFO     ___FILE_ONLY___ to
2022-11-02 09:00:15,572 INFO     ___FILE_ONLY___  
2022-11-02 09:00:15,572 INFO     ___FILE_ONLY___ [1mgcloud
2022-11-02 09:00:15,572 INFO     ___FILE_ONLY___  
2022-11-02 09:00:15,573 INFO     ___FILE_ONLY___ beta
2022-11-02 09:00:15,573 INFO     ___FILE_ONLY___  
2022-11-02 09:00:15,573 INFO     ___FILE_ONLY___ run
2022-11-02 09:00:15,573 INFO     ___FILE_ONLY___  
2022-11-02 09:00:15,573 INFO     ___FILE_ONLY___ jobs
2022-11-02 09:00:15,573 INFO     ___FILE_ONLY___  
2022-11-02 09:00:15,573 INFO     ___FILE_ONLY___ executions
2022-11-02 09:00:15,573 INFO     ___FILE_ONLY___  
2022-11-02 09:00:15,573 INFO     ___FILE_ONLY___ describe[m
2022-11-02 09:00:15,574 INFO     ___FILE_ONLY___ 

2022-11-02 09:00:15,574 INFO     ___FILE_ONLY___         
2022-11-02 09:00:15,574 INFO     ___FILE_ONLY___ output.
2022-11-02 09:00:15,574 INFO     ___FILE_ONLY___ 

2022-11-02 09:00:15,574 INFO     ___FILE_ONLY___ 

2022-11-02 09:00:15,574 INFO     ___FILE_ONLY___ [m
2022-11-02 09:00:15,574 INFO     ___FILE_ONLY___   
2022-11-02 09:00:15,575 INFO     ___FILE_ONLY___ [1mCompute Engine[m

2022-11-02 09:00:15,580 INFO     ___FILE_ONLY___       ▪
2022-11-02 09:00:15,581 INFO     ___FILE_ONLY___  
2022-11-02 09:00:15,581 INFO     ___FILE_ONLY___ Promoted
2022-11-02 09:00:15,581 INFO     ___FILE_ONLY___  
2022-11-02 09:00:15,581 INFO     ___FILE_ONLY___ [1m--snapshot-type[m
2022-11-02 09:00:15,581 INFO     ___FILE_ONLY___  
2022-11-02 09:00:15,581 INFO     ___FILE_ONLY___ flag
2022-11-02 09:00:15,582 INFO     ___FILE_ONLY___  
2022-11-02 09:00:15,583 INFO     ___FILE_ONLY___ of
2022-11-02 09:00:15,584 INFO     ___FILE_ONLY___  
2022-11-02 09:00:15,584 INFO     ___FILE_ONLY___ [1mgcloud
2022-11-02 09:00:15,584 INFO     ___FILE_ONLY___  
2022-11-02 09:00:15,584 INFO     ___FILE_ONLY___ compute
2022-11-02 09:00:15,585 INFO     ___FILE_ONLY___  
2022-11-02 09:00:15,585 INFO     ___FILE_ONLY___ snapshots
2022-11-02 09:00:15,585 INFO     ___FILE_ONLY___  
2022-11-02 09:00:15,585 INFO     ___FILE_ONLY___ create[m
2022-11-02 09:00:15,585 INFO     ___FILE_ONLY___  
2022-11-02 09:00:15,585 INFO     ___FILE_ONLY___ to
2022-11-02 09:00:15,586 INFO     ___FILE_ONLY___ 

2022-11-02 09:00:15,586 INFO     ___FILE_ONLY___         
2022-11-02 09:00:15,586 INFO     ___FILE_ONLY___ GA.
2022-11-02 09:00:15,586 INFO     ___FILE_ONLY___ 

2022-11-02 09:00:15,586 INFO     ___FILE_ONLY___       ▪
2022-11-02 09:00:15,586 INFO     ___FILE_ONLY___  
2022-11-02 09:00:15,586 INFO     ___FILE_ONLY___ Added
2022-11-02 09:00:15,587 INFO     ___FILE_ONLY___  
2022-11-02 09:00:15,587 INFO     ___FILE_ONLY___ [1m--json-custom-content-types[m
2022-11-02 09:00:15,587 INFO     ___FILE_ONLY___  
2022-11-02 09:00:15,587 INFO     ___FILE_ONLY___ for
2022-11-02 09:00:15,587 INFO     ___FILE_ONLY___  
2022-11-02 09:00:15,587 INFO     ___FILE_ONLY___ [1mgcloud
2022-11-02 09:00:15,587 INFO     ___FILE_ONLY___  
2022-11-02 09:00:15,588 INFO     ___FILE_ONLY___ compute
2022-11-02 09:00:15,588 INFO     ___FILE_ONLY___ 

2022-11-02 09:00:15,588 INFO     ___FILE_ONLY___         
2022-11-02 09:00:15,588 INFO     ___FILE_ONLY___ security-policies
2022-11-02 09:00:15,588 INFO     ___FILE_ONLY___  
2022-11-02 09:00:15,588 INFO     ___FILE_ONLY___ update[m,
2022-11-02 09:00:15,588 INFO     ___FILE_ONLY___  
2022-11-02 09:00:15,588 INFO     ___FILE_ONLY___ and
2022-11-02 09:00:15,589 INFO     ___FILE_ONLY___  
2022-11-02 09:00:15,589 INFO     ___FILE_ONLY___ promoted
2022-11-02 09:00:15,589 INFO     ___FILE_ONLY___  
2022-11-02 09:00:15,589 INFO     ___FILE_ONLY___ it
2022-11-02 09:00:15,589 INFO     ___FILE_ONLY___  
2022-11-02 09:00:15,589 INFO     ___FILE_ONLY___ to
2022-11-02 09:00:15,589 INFO     ___FILE_ONLY___  
2022-11-02 09:00:15,589 INFO     ___FILE_ONLY___ beta
2022-11-02 09:00:15,589 INFO     ___FILE_ONLY___  
2022-11-02 09:00:15,590 INFO     ___FILE_ONLY___ and
2022-11-02 09:00:15,590 INFO     ___FILE_ONLY___  
2022-11-02 09:00:15,590 INFO     ___FILE_ONLY___ GA.
2022-11-02 09:00:15,590 INFO     ___FILE_ONLY___ 

2022-11-02 09:00:15,590 INFO     ___FILE_ONLY___       ▪
2022-11-02 09:00:15,590 INFO     ___FILE_ONLY___  
2022-11-02 09:00:15,590 INFO     ___FILE_ONLY___ Promoted
2022-11-02 09:00:15,591 INFO     ___FILE_ONLY___  
2022-11-02 09:00:15,591 INFO     ___FILE_ONLY___ [1m--guest-os-features[m
2022-11-02 09:00:15,591 INFO     ___FILE_ONLY___  
2022-11-02 09:00:15,591 INFO     ___FILE_ONLY___ flag
2022-11-02 09:00:15,591 INFO     ___FILE_ONLY___  
2022-11-02 09:00:15,591 INFO     ___FILE_ONLY___ of
2022-11-02 09:00:15,591 INFO     ___FILE_ONLY___  
2022-11-02 09:00:15,591 INFO     ___FILE_ONLY___ [1mgcloud
2022-11-02 09:00:15,592 INFO     ___FILE_ONLY___  
2022-11-02 09:00:15,592 INFO     ___FILE_ONLY___ compute
2022-11-02 09:00:15,592 INFO     ___FILE_ONLY___  
2022-11-02 09:00:15,592 INFO     ___FILE_ONLY___ images
2022-11-02 09:00:15,595 INFO     ___FILE_ONLY___  
2022-11-02 09:00:15,595 INFO     ___FILE_ONLY___ import[m
2022-11-02 09:00:15,595 INFO     ___FILE_ONLY___  
2022-11-02 09:00:15,595 INFO     ___FILE_ONLY___ to
2022-11-02 09:00:15,595 INFO     ___FILE_ONLY___ 

2022-11-02 09:00:15,595 INFO     ___FILE_ONLY___         
2022-11-02 09:00:15,595 INFO     ___FILE_ONLY___ GA.
2022-11-02 09:00:15,596 INFO     ___FILE_ONLY___ 

2022-11-02 09:00:15,596 INFO     ___FILE_ONLY___       ▪
2022-11-02 09:00:15,596 INFO     ___FILE_ONLY___  
2022-11-02 09:00:15,596 INFO     ___FILE_ONLY___ Promoted
2022-11-02 09:00:15,596 INFO     ___FILE_ONLY___  
2022-11-02 09:00:15,596 INFO     ___FILE_ONLY___ [1mgcloud
2022-11-02 09:00:15,596 INFO     ___FILE_ONLY___  
2022-11-02 09:00:15,619 INFO     ___FILE_ONLY___ compute
2022-11-02 09:00:15,619 INFO     ___FILE_ONLY___  
2022-11-02 09:00:15,619 INFO     ___FILE_ONLY___ firewall-rules
2022-11-02 09:00:15,621 INFO     ___FILE_ONLY___  
2022-11-02 09:00:15,622 INFO     ___FILE_ONLY___ migrate[m
2022-11-02 09:00:15,622 INFO     ___FILE_ONLY___  
2022-11-02 09:00:15,622 INFO     ___FILE_ONLY___ to
2022-11-02 09:00:15,622 INFO     ___FILE_ONLY___  
2022-11-02 09:00:15,622 INFO     ___FILE_ONLY___ beta.
2022-11-02 09:00:15,623 INFO     ___FILE_ONLY___ 

2022-11-02 09:00:15,623 INFO     ___FILE_ONLY___       ▪
2022-11-02 09:00:15,623 INFO     ___FILE_ONLY___  
2022-11-02 09:00:15,623 INFO     ___FILE_ONLY___ Added
2022-11-02 09:00:15,623 INFO     ___FILE_ONLY___  
2022-11-02 09:00:15,624 INFO     ___FILE_ONLY___ [1m--share-setting[m
2022-11-02 09:00:15,624 INFO     ___FILE_ONLY___  
2022-11-02 09:00:15,624 INFO     ___FILE_ONLY___ and
2022-11-02 09:00:15,625 INFO     ___FILE_ONLY___  
2022-11-02 09:00:15,625 INFO     ___FILE_ONLY___ [1m--share-with[m
2022-11-02 09:00:15,626 INFO     ___FILE_ONLY___  
2022-11-02 09:00:15,626 INFO     ___FILE_ONLY___ flags
2022-11-02 09:00:15,626 INFO     ___FILE_ONLY___  
2022-11-02 09:00:15,626 INFO     ___FILE_ONLY___ to
2022-11-02 09:00:15,626 INFO     ___FILE_ONLY___  
2022-11-02 09:00:15,626 INFO     ___FILE_ONLY___ [1mgcloud
2022-11-02 09:00:15,626 INFO     ___FILE_ONLY___  
2022-11-02 09:00:15,626 INFO     ___FILE_ONLY___ compute
2022-11-02 09:00:15,627 INFO     ___FILE_ONLY___ 

2022-11-02 09:00:15,627 INFO     ___FILE_ONLY___         
2022-11-02 09:00:15,627 INFO     ___FILE_ONLY___ sole-tenancy
2022-11-02 09:00:15,627 INFO     ___FILE_ONLY___  
2022-11-02 09:00:15,627 INFO     ___FILE_ONLY___ node-groups
2022-11-02 09:00:15,628 INFO     ___FILE_ONLY___  
2022-11-02 09:00:15,628 INFO     ___FILE_ONLY___ create|update[m
2022-11-02 09:00:15,628 INFO     ___FILE_ONLY___  
2022-11-02 09:00:15,628 INFO     ___FILE_ONLY___ for
2022-11-02 09:00:15,628 INFO     ___FILE_ONLY___  
2022-11-02 09:00:15,628 INFO     ___FILE_ONLY___ GA.
2022-11-02 09:00:15,628 INFO     ___FILE_ONLY___ 

2022-11-02 09:00:15,628 INFO     ___FILE_ONLY___       ▪
2022-11-02 09:00:15,629 INFO     ___FILE_ONLY___  
2022-11-02 09:00:15,629 INFO     ___FILE_ONLY___ Added
2022-11-02 09:00:15,629 INFO     ___FILE_ONLY___  
2022-11-02 09:00:15,629 INFO     ___FILE_ONLY___ [1m--share-settings[m
2022-11-02 09:00:15,629 INFO     ___FILE_ONLY___  
2022-11-02 09:00:15,629 INFO     ___FILE_ONLY___ flag
2022-11-02 09:00:15,630 INFO     ___FILE_ONLY___  
2022-11-02 09:00:15,630 INFO     ___FILE_ONLY___ to
2022-11-02 09:00:15,630 INFO     ___FILE_ONLY___  
2022-11-02 09:00:15,630 INFO     ___FILE_ONLY___ [1mgcloud
2022-11-02 09:00:15,630 INFO     ___FILE_ONLY___  
2022-11-02 09:00:15,630 INFO     ___FILE_ONLY___ compute
2022-11-02 09:00:15,630 INFO     ___FILE_ONLY___  
2022-11-02 09:00:15,630 INFO     ___FILE_ONLY___ sole-tenancy
2022-11-02 09:00:15,630 INFO     ___FILE_ONLY___ 

2022-11-02 09:00:15,630 INFO     ___FILE_ONLY___         
2022-11-02 09:00:15,631 INFO     ___FILE_ONLY___ node-groups
2022-11-02 09:00:15,631 INFO     ___FILE_ONLY___  
2022-11-02 09:00:15,631 INFO     ___FILE_ONLY___ list[m
2022-11-02 09:00:15,631 INFO     ___FILE_ONLY___  
2022-11-02 09:00:15,631 INFO     ___FILE_ONLY___ for
2022-11-02 09:00:15,631 INFO     ___FILE_ONLY___  
2022-11-02 09:00:15,631 INFO     ___FILE_ONLY___ GA.
2022-11-02 09:00:15,631 INFO     ___FILE_ONLY___ 

2022-11-02 09:00:15,632 INFO     ___FILE_ONLY___       ▪
2022-11-02 09:00:15,632 INFO     ___FILE_ONLY___  
2022-11-02 09:00:15,632 INFO     ___FILE_ONLY___ Added
2022-11-02 09:00:15,666 INFO     ___FILE_ONLY___  
2022-11-02 09:00:15,666 INFO     ___FILE_ONLY___ [1m--node-project[m
2022-11-02 09:00:15,666 INFO     ___FILE_ONLY___  
2022-11-02 09:00:15,667 INFO     ___FILE_ONLY___ flag
2022-11-02 09:00:15,667 INFO     ___FILE_ONLY___  
2022-11-02 09:00:15,667 INFO     ___FILE_ONLY___ to
2022-11-02 09:00:15,667 INFO     ___FILE_ONLY___  
2022-11-02 09:00:15,667 INFO     ___FILE_ONLY___ [1mgcloud
2022-11-02 09:00:15,667 INFO     ___FILE_ONLY___  
2022-11-02 09:00:15,667 INFO     ___FILE_ONLY___ compute
2022-11-02 09:00:15,667 INFO     ___FILE_ONLY___  
2022-11-02 09:00:15,667 INFO     ___FILE_ONLY___ instances
2022-11-02 09:00:15,667 INFO     ___FILE_ONLY___  
2022-11-02 09:00:15,668 INFO     ___FILE_ONLY___ create[m
2022-11-02 09:00:15,668 INFO     ___FILE_ONLY___  
2022-11-02 09:00:15,668 INFO     ___FILE_ONLY___ for
2022-11-02 09:00:15,668 INFO     ___FILE_ONLY___  
2022-11-02 09:00:15,668 INFO     ___FILE_ONLY___ GA.
2022-11-02 09:00:15,668 INFO     ___FILE_ONLY___ 

2022-11-02 09:00:15,668 INFO     ___FILE_ONLY___ 

2022-11-02 09:00:15,668 INFO     ___FILE_ONLY___ [m
2022-11-02 09:00:15,669 INFO     ___FILE_ONLY___   
2022-11-02 09:00:15,669 INFO     ___FILE_ONLY___ [1mNetwork Management[m

2022-11-02 09:00:15,669 INFO     ___FILE_ONLY___       ▪
2022-11-02 09:00:15,669 INFO     ___FILE_ONLY___  
2022-11-02 09:00:15,669 INFO     ___FILE_ONLY___ Added
2022-11-02 09:00:15,670 INFO     ___FILE_ONLY___  
2022-11-02 09:00:15,670 INFO     ___FILE_ONLY___ [1mcloudFunction[m
2022-11-02 09:00:15,670 INFO     ___FILE_ONLY___  
2022-11-02 09:00:15,670 INFO     ___FILE_ONLY___ argument
2022-11-02 09:00:15,670 INFO     ___FILE_ONLY___  
2022-11-02 09:00:15,670 INFO     ___FILE_ONLY___ for
2022-11-02 09:00:15,670 INFO     ___FILE_ONLY___  
2022-11-02 09:00:15,670 INFO     ___FILE_ONLY___ source
2022-11-02 09:00:15,671 INFO     ___FILE_ONLY___  
2022-11-02 09:00:15,671 INFO     ___FILE_ONLY___ in
2022-11-02 09:00:15,671 INFO     ___FILE_ONLY___  
2022-11-02 09:00:15,671 INFO     ___FILE_ONLY___ [1mgcloud
2022-11-02 09:00:15,671 INFO     ___FILE_ONLY___  
2022-11-02 09:00:15,671 INFO     ___FILE_ONLY___ network-management
2022-11-02 09:00:15,671 INFO     ___FILE_ONLY___ 

2022-11-02 09:00:15,671 INFO     ___FILE_ONLY___         
2022-11-02 09:00:15,672 INFO     ___FILE_ONLY___ connectivity-tests[m.
2022-11-02 09:00:15,672 INFO     ___FILE_ONLY___  
2022-11-02 09:00:15,672 INFO     ___FILE_ONLY___ This
2022-11-02 09:00:15,672 INFO     ___FILE_ONLY___  
2022-11-02 09:00:15,672 INFO     ___FILE_ONLY___ allows
2022-11-02 09:00:15,672 INFO     ___FILE_ONLY___  
2022-11-02 09:00:15,672 INFO     ___FILE_ONLY___ the
2022-11-02 09:00:15,673 INFO     ___FILE_ONLY___  
2022-11-02 09:00:15,673 INFO     ___FILE_ONLY___ user
2022-11-02 09:00:15,673 INFO     ___FILE_ONLY___  
2022-11-02 09:00:15,673 INFO     ___FILE_ONLY___ to
2022-11-02 09:00:15,673 INFO     ___FILE_ONLY___  
2022-11-02 09:00:15,673 INFO     ___FILE_ONLY___ run
2022-11-02 09:00:15,673 INFO     ___FILE_ONLY___  
2022-11-02 09:00:15,673 INFO     ___FILE_ONLY___ tests
2022-11-02 09:00:15,674 INFO     ___FILE_ONLY___  
2022-11-02 09:00:15,675 INFO     ___FILE_ONLY___ using
2022-11-02 09:00:15,675 INFO     ___FILE_ONLY___  
2022-11-02 09:00:15,676 INFO     ___FILE_ONLY___ Cloud
2022-11-02 09:00:15,676 INFO     ___FILE_ONLY___ 

2022-11-02 09:00:15,676 INFO     ___FILE_ONLY___         
2022-11-02 09:00:15,676 INFO     ___FILE_ONLY___ Function
2022-11-02 09:00:15,676 INFO     ___FILE_ONLY___  
2022-11-02 09:00:15,676 INFO     ___FILE_ONLY___ endpoint
2022-11-02 09:00:15,676 INFO     ___FILE_ONLY___  
2022-11-02 09:00:15,676 INFO     ___FILE_ONLY___ types
2022-11-02 09:00:15,677 INFO     ___FILE_ONLY___  
2022-11-02 09:00:15,677 INFO     ___FILE_ONLY___ as
2022-11-02 09:00:15,677 INFO     ___FILE_ONLY___  
2022-11-02 09:00:15,677 INFO     ___FILE_ONLY___ source.
2022-11-02 09:00:15,677 INFO     ___FILE_ONLY___ 

2022-11-02 09:00:15,677 INFO     ___FILE_ONLY___ 

2022-11-02 09:00:15,678 INFO     ___FILE_ONLY___ [m
2022-11-02 09:00:15,678 INFO     ___FILE_ONLY___   
2022-11-02 09:00:15,685 INFO     ___FILE_ONLY___ [1mStackdriver Logging[m

2022-11-02 09:00:15,685 INFO     ___FILE_ONLY___       ▪
2022-11-02 09:00:15,685 INFO     ___FILE_ONLY___  
2022-11-02 09:00:15,685 INFO     ___FILE_ONLY___ Promoted
2022-11-02 09:00:15,686 INFO     ___FILE_ONLY___  
2022-11-02 09:00:15,686 INFO     ___FILE_ONLY___ the
2022-11-02 09:00:15,686 INFO     ___FILE_ONLY___  
2022-11-02 09:00:15,686 INFO     ___FILE_ONLY___ following
2022-11-02 09:00:15,686 INFO     ___FILE_ONLY___  
2022-11-02 09:00:15,686 INFO     ___FILE_ONLY___ commands
2022-11-02 09:00:15,686 INFO     ___FILE_ONLY___  
2022-11-02 09:00:15,686 INFO     ___FILE_ONLY___ to
2022-11-02 09:00:15,687 INFO     ___FILE_ONLY___  
2022-11-02 09:00:15,687 INFO     ___FILE_ONLY___ beta
2022-11-02 09:00:15,687 INFO     ___FILE_ONLY___  
2022-11-02 09:00:15,687 INFO     ___FILE_ONLY___ and
2022-11-02 09:00:15,691 INFO     ___FILE_ONLY___  
2022-11-02 09:00:15,691 INFO     ___FILE_ONLY___ GA:
2022-11-02 09:00:15,692 INFO     ___FILE_ONLY___ 

2022-11-02 09:00:15,692 INFO     ___FILE_ONLY___         ◆
2022-11-02 09:00:15,692 INFO     ___FILE_ONLY___  
2022-11-02 09:00:15,692 INFO     ___FILE_ONLY___ [1mgcloud
2022-11-02 09:00:15,692 INFO     ___FILE_ONLY___  
2022-11-02 09:00:15,692 INFO     ___FILE_ONLY___ logging
2022-11-02 09:00:15,692 INFO     ___FILE_ONLY___  
2022-11-02 09:00:15,693 INFO     ___FILE_ONLY___ copy[m
2022-11-02 09:00:15,693 INFO     ___FILE_ONLY___ 

2022-11-02 09:00:15,693 INFO     ___FILE_ONLY___         ◆
2022-11-02 09:00:15,693 INFO     ___FILE_ONLY___  
2022-11-02 09:00:15,693 INFO     ___FILE_ONLY___ [1mgcloud
2022-11-02 09:00:15,693 INFO     ___FILE_ONLY___  
2022-11-02 09:00:15,693 INFO     ___FILE_ONLY___ logging
2022-11-02 09:00:15,694 INFO     ___FILE_ONLY___  
2022-11-02 09:00:15,694 INFO     ___FILE_ONLY___ settings
2022-11-02 09:00:15,694 INFO     ___FILE_ONLY___  
2022-11-02 09:00:15,694 INFO     ___FILE_ONLY___ get[m
2022-11-02 09:00:15,694 INFO     ___FILE_ONLY___ 

2022-11-02 09:00:15,694 INFO     ___FILE_ONLY___         ◆
2022-11-02 09:00:15,694 INFO     ___FILE_ONLY___  
2022-11-02 09:00:15,695 INFO     ___FILE_ONLY___ [1mgcloud
2022-11-02 09:00:15,695 INFO     ___FILE_ONLY___  
2022-11-02 09:00:15,695 INFO     ___FILE_ONLY___ logging
2022-11-02 09:00:15,695 INFO     ___FILE_ONLY___  
2022-11-02 09:00:15,695 INFO     ___FILE_ONLY___ settings
2022-11-02 09:00:15,695 INFO     ___FILE_ONLY___  
2022-11-02 09:00:15,695 INFO     ___FILE_ONLY___ update[m
2022-11-02 09:00:15,695 INFO     ___FILE_ONLY___ 

2022-11-02 09:00:15,695 INFO     ___FILE_ONLY___         ◆
2022-11-02 09:00:15,696 INFO     ___FILE_ONLY___  
2022-11-02 09:00:15,696 INFO     ___FILE_ONLY___ [1mgcloud
2022-11-02 09:00:15,696 INFO     ___FILE_ONLY___  
2022-11-02 09:00:15,696 INFO     ___FILE_ONLY___ logging
2022-11-02 09:00:15,696 INFO     ___FILE_ONLY___  
2022-11-02 09:00:15,696 INFO     ___FILE_ONLY___ operations
2022-11-02 09:00:15,697 INFO     ___FILE_ONLY___  
2022-11-02 09:00:15,697 INFO     ___FILE_ONLY___ cancel[m
2022-11-02 09:00:15,697 INFO     ___FILE_ONLY___ 

2022-11-02 09:00:15,697 INFO     ___FILE_ONLY___         ◆
2022-11-02 09:00:15,697 INFO     ___FILE_ONLY___  
2022-11-02 09:00:15,697 INFO     ___FILE_ONLY___ [1mgcloud
2022-11-02 09:00:15,697 INFO     ___FILE_ONLY___  
2022-11-02 09:00:15,697 INFO     ___FILE_ONLY___ logging
2022-11-02 09:00:15,698 INFO     ___FILE_ONLY___  
2022-11-02 09:00:15,698 INFO     ___FILE_ONLY___ operations
2022-11-02 09:00:15,698 INFO     ___FILE_ONLY___  
2022-11-02 09:00:15,698 INFO     ___FILE_ONLY___ describe[m
2022-11-02 09:00:15,698 INFO     ___FILE_ONLY___ 

2022-11-02 09:00:15,698 INFO     ___FILE_ONLY___         ◆
2022-11-02 09:00:15,698 INFO     ___FILE_ONLY___  
2022-11-02 09:00:15,699 INFO     ___FILE_ONLY___ [1mgcloud
2022-11-02 09:00:15,699 INFO     ___FILE_ONLY___  
2022-11-02 09:00:15,699 INFO     ___FILE_ONLY___ logging
2022-11-02 09:00:15,699 INFO     ___FILE_ONLY___  
2022-11-02 09:00:15,699 INFO     ___FILE_ONLY___ operations
2022-11-02 09:00:15,700 INFO     ___FILE_ONLY___  
2022-11-02 09:00:15,700 INFO     ___FILE_ONLY___ list[m
2022-11-02 09:00:15,700 INFO     ___FILE_ONLY___ 

2022-11-02 09:00:15,700 INFO     ___FILE_ONLY___ 

2022-11-02 09:00:15,700 INFO     ___FILE_ONLY___       ▪
2022-11-02 09:00:15,700 INFO     ___FILE_ONLY___  
2022-11-02 09:00:15,701 INFO     ___FILE_ONLY___ Promoted
2022-11-02 09:00:15,701 INFO     ___FILE_ONLY___  
2022-11-02 09:00:15,701 INFO     ___FILE_ONLY___ [1m--bucket-name[m
2022-11-02 09:00:15,701 INFO     ___FILE_ONLY___  
2022-11-02 09:00:15,701 INFO     ___FILE_ONLY___ flag
2022-11-02 09:00:15,701 INFO     ___FILE_ONLY___  
2022-11-02 09:00:15,701 INFO     ___FILE_ONLY___ of
2022-11-02 09:00:15,702 INFO     ___FILE_ONLY___  
2022-11-02 09:00:15,702 INFO     ___FILE_ONLY___ [1mgcloud
2022-11-02 09:00:15,702 INFO     ___FILE_ONLY___  
2022-11-02 09:00:15,702 INFO     ___FILE_ONLY___ logging
2022-11-02 09:00:15,702 INFO     ___FILE_ONLY___  
2022-11-02 09:00:15,702 INFO     ___FILE_ONLY___ metrics[m
2022-11-02 09:00:15,702 INFO     ___FILE_ONLY___  
2022-11-02 09:00:15,703 INFO     ___FILE_ONLY___ to
2022-11-02 09:00:15,703 INFO     ___FILE_ONLY___  
2022-11-02 09:00:15,703 INFO     ___FILE_ONLY___ beta
2022-11-02 09:00:15,703 INFO     ___FILE_ONLY___  
2022-11-02 09:00:15,703 INFO     ___FILE_ONLY___ and
2022-11-02 09:00:15,703 INFO     ___FILE_ONLY___  
2022-11-02 09:00:15,703 INFO     ___FILE_ONLY___ GA.
2022-11-02 09:00:15,703 INFO     ___FILE_ONLY___ 

2022-11-02 09:00:15,703 INFO     ___FILE_ONLY___       ▪
2022-11-02 09:00:15,704 INFO     ___FILE_ONLY___  
2022-11-02 09:00:15,704 INFO     ___FILE_ONLY___ Promoted
2022-11-02 09:00:15,704 INFO     ___FILE_ONLY___  
2022-11-02 09:00:15,704 INFO     ___FILE_ONLY___ [1m--cmke-kms-key-name[m
2022-11-02 09:00:15,704 INFO     ___FILE_ONLY___  
2022-11-02 09:00:15,705 INFO     ___FILE_ONLY___ flag
2022-11-02 09:00:15,705 INFO     ___FILE_ONLY___  
2022-11-02 09:00:15,705 INFO     ___FILE_ONLY___ of
2022-11-02 09:00:15,705 INFO     ___FILE_ONLY___  
2022-11-02 09:00:15,706 INFO     ___FILE_ONLY___ [1mgcloud
2022-11-02 09:00:15,706 INFO     ___FILE_ONLY___  
2022-11-02 09:00:15,707 INFO     ___FILE_ONLY___ logging
2022-11-02 09:00:15,707 INFO     ___FILE_ONLY___  
2022-11-02 09:00:15,707 INFO     ___FILE_ONLY___ buckets[m
2022-11-02 09:00:15,707 INFO     ___FILE_ONLY___  
2022-11-02 09:00:15,707 INFO     ___FILE_ONLY___ to
2022-11-02 09:00:15,707 INFO     ___FILE_ONLY___  
2022-11-02 09:00:15,707 INFO     ___FILE_ONLY___ beta
2022-11-02 09:00:15,708 INFO     ___FILE_ONLY___ 

2022-11-02 09:00:15,708 INFO     ___FILE_ONLY___         
2022-11-02 09:00:15,708 INFO     ___FILE_ONLY___ and
2022-11-02 09:00:15,708 INFO     ___FILE_ONLY___  
2022-11-02 09:00:15,708 INFO     ___FILE_ONLY___ GA.
2022-11-02 09:00:15,708 INFO     ___FILE_ONLY___ 

2022-11-02 09:00:15,708 INFO     ___FILE_ONLY___ 

2022-11-02 09:00:15,709 INFO     ___FILE_ONLY___    
2022-11-02 09:00:15,709 INFO     ___FILE_ONLY___  
2022-11-02 09:00:15,709 INFO     ___FILE_ONLY___ Subscribe
2022-11-02 09:00:15,709 INFO     ___FILE_ONLY___  
2022-11-02 09:00:15,709 INFO     ___FILE_ONLY___ to
2022-11-02 09:00:15,709 INFO     ___FILE_ONLY___  
2022-11-02 09:00:15,709 INFO     ___FILE_ONLY___ these
2022-11-02 09:00:15,710 INFO     ___FILE_ONLY___  
2022-11-02 09:00:15,710 INFO     ___FILE_ONLY___ release
2022-11-02 09:00:15,710 INFO     ___FILE_ONLY___  
2022-11-02 09:00:15,710 INFO     ___FILE_ONLY___ notes
2022-11-02 09:00:15,710 INFO     ___FILE_ONLY___  
2022-11-02 09:00:15,710 INFO     ___FILE_ONLY___ at
2022-11-02 09:00:15,710 INFO     ___FILE_ONLY___ 

2022-11-02 09:00:15,710 INFO     ___FILE_ONLY___     
2022-11-02 09:00:15,711 INFO     ___FILE_ONLY___ https://groups.google.com/forum/#!forum/google-cloud-sdk-announce
2022-11-02 09:00:15,751 INFO     ___FILE_ONLY___ 

2022-11-02 09:00:15,752 INFO     ___FILE_ONLY___     
2022-11-02 09:00:15,752 INFO     ___FILE_ONLY___ (https://groups.google.com/forum/#!forum/google-cloud-sdk-announce).
2022-11-02 09:00:15,752 INFO     ___FILE_ONLY___ 

2022-11-02 09:00:15,755 INFO     ___FILE_ONLY___ [m
2022-11-02 09:00:15,755 INFO     ___FILE_ONLY___ 

2022-11-02 09:00:15,792 INFO     ___FILE_ONLY___ ╔════════════════════════════════════════════════════════════╗

2022-11-02 09:00:15,793 INFO     ___FILE_ONLY___ ╠═ Creating update staging area                             ═╣

2022-11-02 09:00:15,793 INFO     ___FILE_ONLY___ ╚
2022-11-02 09:00:15,794 INFO     ___FILE_ONLY___ ══════
2022-11-02 09:00:27,035 INFO     ___FILE_ONLY___ ══════
2022-11-02 09:00:27,035 INFO     ___FILE_ONLY___ ══════
2022-11-02 09:00:30,500 INFO     ___FILE_ONLY___ ═
2022-11-02 09:00:31,066 INFO     ___FILE_ONLY___ ═
2022-11-02 09:00:32,005 INFO     ___FILE_ONLY___ ═
2022-11-02 09:00:32,585 INFO     ___FILE_ONLY___ ═
2022-11-02 09:00:33,166 INFO     ___FILE_ONLY___ ═
2022-11-02 09:00:33,804 INFO     ___FILE_ONLY___ ═
2022-11-02 09:00:34,412 INFO     ___FILE_ONLY___ ═
2022-11-02 09:00:35,063 INFO     ___FILE_ONLY___ ═
2022-11-02 09:00:35,677 INFO     ___FILE_ONLY___ ═
2022-11-02 09:00:36,471 INFO     ___FILE_ONLY___ ═
2022-11-02 09:00:37,122 INFO     ___FILE_ONLY___ ═
2022-11-02 09:00:37,693 INFO     ___FILE_ONLY___ ═
2022-11-02 09:00:38,013 INFO     ___FILE_ONLY___ ═
2022-11-02 09:00:38,230 INFO     ___FILE_ONLY___ ═
2022-11-02 09:00:38,517 INFO     ___FILE_ONLY___ ═
2022-11-02 09:00:38,889 INFO     ___FILE_ONLY___ ═
2022-11-02 09:00:39,232 INFO     ___FILE_ONLY___ ═
2022-11-02 09:00:39,582 INFO     ___FILE_ONLY___ ═
2022-11-02 09:00:40,042 INFO     ___FILE_ONLY___ ═
2022-11-02 09:00:40,419 INFO     ___FILE_ONLY___ ═
2022-11-02 09:00:40,721 INFO     ___FILE_ONLY___ ═
2022-11-02 09:00:41,109 INFO     ___FILE_ONLY___ ═
2022-11-02 09:00:41,528 INFO     ___FILE_ONLY___ ═
2022-11-02 09:00:41,931 INFO     ___FILE_ONLY___ ═
2022-11-02 09:00:42,478 INFO     ___FILE_ONLY___ ═
2022-11-02 09:00:43,026 INFO     ___FILE_ONLY___ ═
2022-11-02 09:00:43,399 INFO     ___FILE_ONLY___ ═
2022-11-02 09:00:43,731 INFO     ___FILE_ONLY___ ═
2022-11-02 09:00:44,194 INFO     ___FILE_ONLY___ ═
2022-11-02 09:00:44,817 INFO     ___FILE_ONLY___ ═
2022-11-02 09:00:45,209 INFO     ___FILE_ONLY___ ═
2022-11-02 09:00:45,541 INFO     ___FILE_ONLY___ ═
2022-11-02 09:00:45,877 INFO     ___FILE_ONLY___ ═
2022-11-02 09:00:46,506 INFO     ___FILE_ONLY___ ═
2022-11-02 09:00:46,915 INFO     ___FILE_ONLY___ ═
2022-11-02 09:00:47,743 INFO     ___FILE_ONLY___ ═
2022-11-02 09:00:47,981 INFO     ___FILE_ONLY___ ═
2022-11-02 09:00:48,104 INFO     ___FILE_ONLY___ ═
2022-11-02 09:00:48,234 INFO     ___FILE_ONLY___ ═
2022-11-02 09:00:48,367 INFO     ___FILE_ONLY___ ═
2022-11-02 09:00:48,647 INFO     ___FILE_ONLY___ ═
2022-11-02 09:00:49,584 INFO     ___FILE_ONLY___ ═
2022-11-02 09:00:49,584 INFO     ___FILE_ONLY___ ╝

2022-11-02 09:00:49,618 INFO     ___FILE_ONLY___ ╔════════════════════════════════════════════════════════════╗

2022-11-02 09:00:49,619 INFO     ___FILE_ONLY___ ╠═ Uninstalling: BigQuery Command Line Tool                 ═╣

2022-11-02 09:00:49,619 INFO     ___FILE_ONLY___ ╚
2022-11-02 09:00:49,633 INFO     ___FILE_ONLY___ ═
2022-11-02 09:00:49,634 INFO     ___FILE_ONLY___ ═
2022-11-02 09:00:49,635 INFO     ___FILE_ONLY___ ═
2022-11-02 09:00:49,636 INFO     ___FILE_ONLY___ ═
2022-11-02 09:00:49,638 INFO     ___FILE_ONLY___ ═
2022-11-02 09:00:49,639 INFO     ___FILE_ONLY___ ═
2022-11-02 09:00:49,640 INFO     ___FILE_ONLY___ ═
2022-11-02 09:00:49,641 INFO     ___FILE_ONLY___ ═
2022-11-02 09:00:49,643 INFO     ___FILE_ONLY___ ═
2022-11-02 09:00:49,645 INFO     ___FILE_ONLY___ ═
2022-11-02 09:00:49,649 INFO     ___FILE_ONLY___ ═
2022-11-02 09:00:49,651 INFO     ___FILE_ONLY___ ═
2022-11-02 09:00:49,653 INFO     ___FILE_ONLY___ ═
2022-11-02 09:00:49,655 INFO     ___FILE_ONLY___ ═
2022-11-02 09:00:49,657 INFO     ___FILE_ONLY___ ═
2022-11-02 09:00:49,658 INFO     ___FILE_ONLY___ ═
2022-11-02 09:00:49,659 INFO     ___FILE_ONLY___ ═
2022-11-02 09:00:49,660 INFO     ___FILE_ONLY___ ═
2022-11-02 09:00:49,661 INFO     ___FILE_ONLY___ ═
2022-11-02 09:00:49,662 INFO     ___FILE_ONLY___ ═
2022-11-02 09:00:49,663 INFO     ___FILE_ONLY___ ═
2022-11-02 09:00:49,665 INFO     ___FILE_ONLY___ ═
2022-11-02 09:00:49,666 INFO     ___FILE_ONLY___ ═
2022-11-02 09:00:49,667 INFO     ___FILE_ONLY___ ═
2022-11-02 09:00:49,668 INFO     ___FILE_ONLY___ ═
2022-11-02 09:00:49,670 INFO     ___FILE_ONLY___ ═
2022-11-02 09:00:49,671 INFO     ___FILE_ONLY___ ═
2022-11-02 09:00:49,672 INFO     ___FILE_ONLY___ ═
2022-11-02 09:00:49,673 INFO     ___FILE_ONLY___ ═
2022-11-02 09:00:49,675 INFO     ___FILE_ONLY___ ═
2022-11-02 09:00:49,676 INFO     ___FILE_ONLY___ ═
2022-11-02 09:00:49,677 INFO     ___FILE_ONLY___ ═
2022-11-02 09:00:49,678 INFO     ___FILE_ONLY___ ═
2022-11-02 09:00:49,680 INFO     ___FILE_ONLY___ ═
2022-11-02 09:00:49,681 INFO     ___FILE_ONLY___ ═
2022-11-02 09:00:49,682 INFO     ___FILE_ONLY___ ═
2022-11-02 09:00:49,683 INFO     ___FILE_ONLY___ ═
2022-11-02 09:00:49,684 INFO     ___FILE_ONLY___ ═
2022-11-02 09:00:49,686 INFO     ___FILE_ONLY___ ═
2022-11-02 09:00:49,688 INFO     ___FILE_ONLY___ ═
2022-11-02 09:00:49,690 INFO     ___FILE_ONLY___ ═
2022-11-02 09:00:49,691 INFO     ___FILE_ONLY___ ═
2022-11-02 09:00:49,692 INFO     ___FILE_ONLY___ ═
2022-11-02 09:00:49,693 INFO     ___FILE_ONLY___ ═
2022-11-02 09:00:49,694 INFO     ___FILE_ONLY___ ═
2022-11-02 09:00:49,696 INFO     ___FILE_ONLY___ ═
2022-11-02 09:00:49,698 INFO     ___FILE_ONLY___ ═
2022-11-02 09:00:49,700 INFO     ___FILE_ONLY___ ═
2022-11-02 09:00:49,702 INFO     ___FILE_ONLY___ ═
2022-11-02 09:00:49,705 INFO     ___FILE_ONLY___ ═
2022-11-02 09:00:49,707 INFO     ___FILE_ONLY___ ═
2022-11-02 09:00:49,708 INFO     ___FILE_ONLY___ ═
2022-11-02 09:00:49,709 INFO     ___FILE_ONLY___ ═
2022-11-02 09:00:49,710 INFO     ___FILE_ONLY___ ═
2022-11-02 09:00:49,711 INFO     ___FILE_ONLY___ ═
2022-11-02 09:00:49,712 INFO     ___FILE_ONLY___ ═
2022-11-02 09:00:49,713 INFO     ___FILE_ONLY___ ═
2022-11-02 09:00:49,714 INFO     ___FILE_ONLY___ ═
2022-11-02 09:00:49,715 INFO     ___FILE_ONLY___ ═
2022-11-02 09:00:49,716 INFO     ___FILE_ONLY___ ═
2022-11-02 09:00:49,716 INFO     ___FILE_ONLY___ ╝

2022-11-02 09:00:49,731 INFO     ___FILE_ONLY___ ╔════════════════════════════════════════════════════════════╗

2022-11-02 09:00:49,731 INFO     ___FILE_ONLY___ ╠═ Uninstalling: BigQuery Command Line Tool (Platform Sp... ═╣

2022-11-02 09:00:49,732 INFO     ___FILE_ONLY___ ╚
2022-11-02 09:00:49,732 INFO     ___FILE_ONLY___ ════════════════════════════════════════════════════════════
2022-11-02 09:00:49,732 INFO     ___FILE_ONLY___ ╝

2022-11-02 09:00:49,740 INFO     ___FILE_ONLY___ ╔════════════════════════════════════════════════════════════╗

2022-11-02 09:00:49,741 INFO     ___FILE_ONLY___ ╠═ Uninstalling: Cloud Storage Command Line Tool            ═╣

2022-11-02 09:00:49,741 INFO     ___FILE_ONLY___ ╚
2022-11-02 09:00:49,756 INFO     ___FILE_ONLY___ ═
2022-11-02 09:00:49,768 INFO     ___FILE_ONLY___ ═
2022-11-02 09:00:49,781 INFO     ___FILE_ONLY___ ═
2022-11-02 09:00:49,794 INFO     ___FILE_ONLY___ ═
2022-11-02 09:00:49,812 INFO     ___FILE_ONLY___ ═
2022-11-02 09:00:49,827 INFO     ___FILE_ONLY___ ═
2022-11-02 09:00:49,843 INFO     ___FILE_ONLY___ ═
2022-11-02 09:00:49,859 INFO     ___FILE_ONLY___ ═
2022-11-02 09:00:49,872 INFO     ___FILE_ONLY___ ═
2022-11-02 09:00:49,927 INFO     ___FILE_ONLY___ ═
2022-11-02 09:00:49,942 INFO     ___FILE_ONLY___ ═
2022-11-02 09:00:49,957 INFO     ___FILE_ONLY___ ═
2022-11-02 09:00:49,970 INFO     ___FILE_ONLY___ ═
2022-11-02 09:00:49,984 INFO     ___FILE_ONLY___ ═
2022-11-02 09:00:49,999 INFO     ___FILE_ONLY___ ═
2022-11-02 09:00:50,013 INFO     ___FILE_ONLY___ ═
2022-11-02 09:00:50,022 INFO     ___FILE_ONLY___ ═
2022-11-02 09:00:50,037 INFO     ___FILE_ONLY___ ═
2022-11-02 09:00:50,048 INFO     ___FILE_ONLY___ ═
2022-11-02 09:00:50,060 INFO     ___FILE_ONLY___ ═
2022-11-02 09:00:50,072 INFO     ___FILE_ONLY___ ═
2022-11-02 09:00:50,085 INFO     ___FILE_ONLY___ ═
2022-11-02 09:00:50,097 INFO     ___FILE_ONLY___ ═
2022-11-02 09:00:50,113 INFO     ___FILE_ONLY___ ═
2022-11-02 09:00:50,126 INFO     ___FILE_ONLY___ ═
2022-11-02 09:00:50,137 INFO     ___FILE_ONLY___ ═
2022-11-02 09:00:50,153 INFO     ___FILE_ONLY___ ═
2022-11-02 09:00:50,166 INFO     ___FILE_ONLY___ ═
2022-11-02 09:00:50,180 INFO     ___FILE_ONLY___ ═
2022-11-02 09:00:50,195 INFO     ___FILE_ONLY___ ═
2022-11-02 09:00:50,210 INFO     ___FILE_ONLY___ ═
2022-11-02 09:00:50,223 INFO     ___FILE_ONLY___ ═
2022-11-02 09:00:50,250 INFO     ___FILE_ONLY___ ═
2022-11-02 09:00:50,268 INFO     ___FILE_ONLY___ ═
2022-11-02 09:00:50,294 INFO     ___FILE_ONLY___ ═
2022-11-02 09:00:50,458 INFO     ___FILE_ONLY___ ═
2022-11-02 09:00:50,478 INFO     ___FILE_ONLY___ ═
2022-11-02 09:00:50,504 INFO     ___FILE_ONLY___ ═
2022-11-02 09:00:50,531 INFO     ___FILE_ONLY___ ═
2022-11-02 09:00:50,562 INFO     ___FILE_ONLY___ ═
2022-11-02 09:00:50,593 INFO     ___FILE_ONLY___ ═
2022-11-02 09:00:50,622 INFO     ___FILE_ONLY___ ═
2022-11-02 09:00:50,648 INFO     ___FILE_ONLY___ ═
2022-11-02 09:00:50,680 INFO     ___FILE_ONLY___ ═
2022-11-02 09:00:50,701 INFO     ___FILE_ONLY___ ═
2022-11-02 09:00:50,721 INFO     ___FILE_ONLY___ ═
2022-11-02 09:00:50,771 INFO     ___FILE_ONLY___ ═
2022-11-02 09:00:50,875 INFO     ___FILE_ONLY___ ═
2022-11-02 09:00:50,905 INFO     ___FILE_ONLY___ ═
2022-11-02 09:00:50,930 INFO     ___FILE_ONLY___ ═
2022-11-02 09:00:50,955 INFO     ___FILE_ONLY___ ═
2022-11-02 09:00:50,969 INFO     ___FILE_ONLY___ ═
2022-11-02 09:00:50,984 INFO     ___FILE_ONLY___ ═
2022-11-02 09:00:51,002 INFO     ___FILE_ONLY___ ═
2022-11-02 09:00:51,018 INFO     ___FILE_ONLY___ ═
2022-11-02 09:00:51,029 INFO     ___FILE_ONLY___ ═
2022-11-02 09:00:51,049 INFO     ___FILE_ONLY___ ═
2022-11-02 09:00:51,065 INFO     ___FILE_ONLY___ ═
2022-11-02 09:00:51,078 INFO     ___FILE_ONLY___ ═
2022-11-02 09:00:51,093 INFO     ___FILE_ONLY___ ═
2022-11-02 09:00:51,093 INFO     ___FILE_ONLY___ ╝

2022-11-02 09:00:51,291 INFO     ___FILE_ONLY___ ╔════════════════════════════════════════════════════════════╗

2022-11-02 09:00:51,291 INFO     ___FILE_ONLY___ ╠═ Uninstalling: Cloud Storage Command Line Tool (Platfo... ═╣

2022-11-02 09:00:51,292 INFO     ___FILE_ONLY___ ╚
2022-11-02 09:00:51,292 INFO     ___FILE_ONLY___ ════════════════════════════════════════════════════════════
2022-11-02 09:00:51,292 INFO     ___FILE_ONLY___ ╝

2022-11-02 09:00:51,310 INFO     ___FILE_ONLY___ ╔════════════════════════════════════════════════════════════╗

2022-11-02 09:00:51,311 INFO     ___FILE_ONLY___ ╠═ Uninstalling: Google Cloud CLI Core Libraries            ═╣

2022-11-02 09:00:51,311 INFO     ___FILE_ONLY___ ╚
2022-11-02 09:00:51,343 INFO     ___FILE_ONLY___ ═
2022-11-02 09:00:51,374 INFO     ___FILE_ONLY___ ═
2022-11-02 09:00:51,411 INFO     ___FILE_ONLY___ ═
2022-11-02 09:00:51,440 INFO     ___FILE_ONLY___ ═
2022-11-02 09:00:51,470 INFO     ___FILE_ONLY___ ═
2022-11-02 09:00:51,506 INFO     ___FILE_ONLY___ ═
2022-11-02 09:00:51,540 INFO     ___FILE_ONLY___ ═
2022-11-02 09:00:51,571 INFO     ___FILE_ONLY___ ═
2022-11-02 09:00:51,602 INFO     ___FILE_ONLY___ ═
2022-11-02 09:00:51,634 INFO     ___FILE_ONLY___ ═
2022-11-02 09:00:51,664 INFO     ___FILE_ONLY___ ═
2022-11-02 09:00:51,694 INFO     ___FILE_ONLY___ ═
2022-11-02 09:00:51,725 INFO     ___FILE_ONLY___ ═
2022-11-02 09:00:51,762 INFO     ___FILE_ONLY___ ═
2022-11-02 09:00:51,813 INFO     ___FILE_ONLY___ ═
2022-11-02 09:00:51,844 INFO     ___FILE_ONLY___ ═
2022-11-02 09:00:51,872 INFO     ___FILE_ONLY___ ═
2022-11-02 09:00:51,906 INFO     ___FILE_ONLY___ ═
2022-11-02 09:00:51,938 INFO     ___FILE_ONLY___ ═
2022-11-02 09:00:51,977 INFO     ___FILE_ONLY___ ═
2022-11-02 09:00:52,018 INFO     ___FILE_ONLY___ ═
2022-11-02 09:00:52,048 INFO     ___FILE_ONLY___ ═
2022-11-02 09:00:52,078 INFO     ___FILE_ONLY___ ═
2022-11-02 09:00:52,111 INFO     ___FILE_ONLY___ ═
2022-11-02 09:00:52,136 INFO     ___FILE_ONLY___ ═
2022-11-02 09:00:52,168 INFO     ___FILE_ONLY___ ═
2022-11-02 09:00:52,195 INFO     ___FILE_ONLY___ ═
2022-11-02 09:00:52,225 INFO     ___FILE_ONLY___ ═
2022-11-02 09:00:52,262 INFO     ___FILE_ONLY___ ═
2022-11-02 09:00:52,388 INFO     ___FILE_ONLY___ ═
2022-11-02 09:00:52,422 INFO     ___FILE_ONLY___ ═
2022-11-02 09:00:52,452 INFO     ___FILE_ONLY___ ═
2022-11-02 09:00:52,476 INFO     ___FILE_ONLY___ ═
2022-11-02 09:00:52,530 INFO     ___FILE_ONLY___ ═
2022-11-02 09:00:52,561 INFO     ___FILE_ONLY___ ═
2022-11-02 09:00:52,586 INFO     ___FILE_ONLY___ ═
2022-11-02 09:00:52,615 INFO     ___FILE_ONLY___ ═
2022-11-02 09:00:52,641 INFO     ___FILE_ONLY___ ═
2022-11-02 09:00:52,672 INFO     ___FILE_ONLY___ ═
2022-11-02 09:00:52,712 INFO     ___FILE_ONLY___ ═
2022-11-02 09:00:52,743 INFO     ___FILE_ONLY___ ═
2022-11-02 09:00:52,774 INFO     ___FILE_ONLY___ ═
2022-11-02 09:00:52,810 INFO     ___FILE_ONLY___ ═
2022-11-02 09:00:52,859 INFO     ___FILE_ONLY___ ═
2022-11-02 09:00:52,881 INFO     ___FILE_ONLY___ ═
2022-11-02 09:00:52,910 INFO     ___FILE_ONLY___ ═
2022-11-02 09:00:52,933 INFO     ___FILE_ONLY___ ═
2022-11-02 09:00:52,960 INFO     ___FILE_ONLY___ ═
2022-11-02 09:00:52,983 INFO     ___FILE_ONLY___ ═
2022-11-02 09:00:53,014 INFO     ___FILE_ONLY___ ═
2022-11-02 09:00:53,038 INFO     ___FILE_ONLY___ ═
2022-11-02 09:00:53,065 INFO     ___FILE_ONLY___ ═
2022-11-02 09:00:53,090 INFO     ___FILE_ONLY___ ═
2022-11-02 09:00:53,117 INFO     ___FILE_ONLY___ ═
2022-11-02 09:00:53,143 INFO     ___FILE_ONLY___ ═
2022-11-02 09:00:53,170 INFO     ___FILE_ONLY___ ═
2022-11-02 09:00:53,202 INFO     ___FILE_ONLY___ ═
2022-11-02 09:00:53,228 INFO     ___FILE_ONLY___ ═
2022-11-02 09:00:53,258 INFO     ___FILE_ONLY___ ═
2022-11-02 09:00:53,280 INFO     ___FILE_ONLY___ ═
2022-11-02 09:00:53,280 INFO     ___FILE_ONLY___ ╝

2022-11-02 09:00:53,623 INFO     ___FILE_ONLY___ ╔════════════════════════════════════════════════════════════╗

2022-11-02 09:00:53,623 INFO     ___FILE_ONLY___ ╠═ Uninstalling: Google Cloud CLI Core Libraries (Platfo... ═╣

2022-11-02 09:00:53,624 INFO     ___FILE_ONLY___ ╚
2022-11-02 09:00:53,624 INFO     ___FILE_ONLY___ ══════════════════════════════
2022-11-02 09:00:53,624 INFO     ___FILE_ONLY___ ══════════════════════════════
2022-11-02 09:00:53,625 INFO     ___FILE_ONLY___ ╝

2022-11-02 09:00:53,635 INFO     ___FILE_ONLY___ ╔════════════════════════════════════════════════════════════╗

2022-11-02 09:00:53,635 INFO     ___FILE_ONLY___ ╠═ Uninstalling: Minikube                                   ═╣

2022-11-02 09:00:53,635 INFO     ___FILE_ONLY___ ╚
2022-11-02 09:00:53,638 INFO     ___FILE_ONLY___ ════════════════════════════════════════════════════════════
2022-11-02 09:00:53,639 INFO     ___FILE_ONLY___ ╝

2022-11-02 09:00:53,652 INFO     ___FILE_ONLY___ ╔════════════════════════════════════════════════════════════╗

2022-11-02 09:00:53,653 INFO     ___FILE_ONLY___ ╠═ Uninstalling: Skaffold                                   ═╣

2022-11-02 09:00:53,653 INFO     ___FILE_ONLY___ ╚
2022-11-02 09:00:53,657 INFO     ___FILE_ONLY___ ════════════════════════════════════════════════════════════
2022-11-02 09:00:53,658 INFO     ___FILE_ONLY___ ╝

2022-11-02 09:00:53,667 INFO     ___FILE_ONLY___ ╔════════════════════════════════════════════════════════════╗

2022-11-02 09:00:53,667 INFO     ___FILE_ONLY___ ╠═ Uninstalling: anthoscli                                  ═╣

2022-11-02 09:00:53,667 INFO     ___FILE_ONLY___ ╚
2022-11-02 09:00:53,671 INFO     ___FILE_ONLY___ ════════════════════
2022-11-02 09:00:53,671 INFO     ___FILE_ONLY___ ════════════════════
2022-11-02 09:00:53,671 INFO     ___FILE_ONLY___ ════════════════════
2022-11-02 09:00:53,672 INFO     ___FILE_ONLY___ ╝

2022-11-02 09:00:53,681 INFO     ___FILE_ONLY___ ╔════════════════════════════════════════════════════════════╗

2022-11-02 09:00:53,682 INFO     ___FILE_ONLY___ ╠═ Uninstalling: gcloud Beta Commands                       ═╣

2022-11-02 09:00:53,682 INFO     ___FILE_ONLY___ ╚
2022-11-02 09:00:53,682 INFO     ___FILE_ONLY___ ════════════════════════════════════════════════════════════
2022-11-02 09:00:53,682 INFO     ___FILE_ONLY___ ╝

2022-11-02 09:00:53,692 INFO     ___FILE_ONLY___ ╔════════════════════════════════════════════════════════════╗

2022-11-02 09:00:53,692 INFO     ___FILE_ONLY___ ╠═ Uninstalling: gcloud cli dependencies                    ═╣

2022-11-02 09:00:53,692 INFO     ___FILE_ONLY___ ╚
2022-11-02 09:00:53,708 INFO     ___FILE_ONLY___ ═
2022-11-02 09:00:53,739 INFO     ___FILE_ONLY___ ═
2022-11-02 09:00:53,751 INFO     ___FILE_ONLY___ ═
2022-11-02 09:00:53,762 INFO     ___FILE_ONLY___ ═
2022-11-02 09:00:53,771 INFO     ___FILE_ONLY___ ═
2022-11-02 09:00:53,783 INFO     ___FILE_ONLY___ ═
2022-11-02 09:00:53,792 INFO     ___FILE_ONLY___ ═
2022-11-02 09:00:53,807 INFO     ___FILE_ONLY___ ═
2022-11-02 09:00:53,816 INFO     ___FILE_ONLY___ ═
2022-11-02 09:00:53,825 INFO     ___FILE_ONLY___ ═
2022-11-02 09:00:53,835 INFO     ___FILE_ONLY___ ═
2022-11-02 09:00:53,846 INFO     ___FILE_ONLY___ ═
2022-11-02 09:00:53,860 INFO     ___FILE_ONLY___ ═
2022-11-02 09:00:53,870 INFO     ___FILE_ONLY___ ═
2022-11-02 09:00:53,881 INFO     ___FILE_ONLY___ ═
2022-11-02 09:00:53,892 INFO     ___FILE_ONLY___ ═
2022-11-02 09:00:53,907 INFO     ___FILE_ONLY___ ═
2022-11-02 09:00:53,917 INFO     ___FILE_ONLY___ ═
2022-11-02 09:00:53,927 INFO     ___FILE_ONLY___ ═
2022-11-02 09:00:53,939 INFO     ___FILE_ONLY___ ═
2022-11-02 09:00:53,953 INFO     ___FILE_ONLY___ ═
2022-11-02 09:00:53,964 INFO     ___FILE_ONLY___ ═
2022-11-02 09:00:53,978 INFO     ___FILE_ONLY___ ═
2022-11-02 09:00:53,992 INFO     ___FILE_ONLY___ ═
2022-11-02 09:00:54,009 INFO     ___FILE_ONLY___ ═
2022-11-02 09:00:54,019 INFO     ___FILE_ONLY___ ═
2022-11-02 09:00:54,038 INFO     ___FILE_ONLY___ ═
2022-11-02 09:00:54,055 INFO     ___FILE_ONLY___ ═
2022-11-02 09:00:54,075 INFO     ___FILE_ONLY___ ═
2022-11-02 09:00:54,094 INFO     ___FILE_ONLY___ ═
2022-11-02 09:00:54,112 INFO     ___FILE_ONLY___ ═
2022-11-02 09:00:54,123 INFO     ___FILE_ONLY___ ═
2022-11-02 09:00:54,142 INFO     ___FILE_ONLY___ ═
2022-11-02 09:00:54,162 INFO     ___FILE_ONLY___ ═
2022-11-02 09:00:54,174 INFO     ___FILE_ONLY___ ═
2022-11-02 09:00:54,192 INFO     ___FILE_ONLY___ ═
2022-11-02 09:00:54,210 INFO     ___FILE_ONLY___ ═
2022-11-02 09:00:54,221 INFO     ___FILE_ONLY___ ═
2022-11-02 09:00:54,239 INFO     ___FILE_ONLY___ ═
2022-11-02 09:00:54,253 INFO     ___FILE_ONLY___ ═
2022-11-02 09:00:54,268 INFO     ___FILE_ONLY___ ═
2022-11-02 09:00:54,278 INFO     ___FILE_ONLY___ ═
2022-11-02 09:00:54,298 INFO     ___FILE_ONLY___ ═
2022-11-02 09:00:54,318 INFO     ___FILE_ONLY___ ═
2022-11-02 09:00:54,338 INFO     ___FILE_ONLY___ ═
2022-11-02 09:00:54,356 INFO     ___FILE_ONLY___ ═
2022-11-02 09:00:54,376 INFO     ___FILE_ONLY___ ═
2022-11-02 09:00:54,387 INFO     ___FILE_ONLY___ ═
2022-11-02 09:00:54,453 INFO     ___FILE_ONLY___ ═
2022-11-02 09:00:54,464 INFO     ___FILE_ONLY___ ═
2022-11-02 09:00:54,476 INFO     ___FILE_ONLY___ ═
2022-11-02 09:00:54,492 INFO     ___FILE_ONLY___ ═
2022-11-02 09:00:54,508 INFO     ___FILE_ONLY___ ═
2022-11-02 09:00:54,518 INFO     ___FILE_ONLY___ ═
2022-11-02 09:00:54,528 INFO     ___FILE_ONLY___ ═
2022-11-02 09:00:54,550 INFO     ___FILE_ONLY___ ═
2022-11-02 09:00:54,564 INFO     ___FILE_ONLY___ ═
2022-11-02 09:00:54,576 INFO     ___FILE_ONLY___ ═
2022-11-02 09:00:54,593 INFO     ___FILE_ONLY___ ═
2022-11-02 09:00:54,607 INFO     ___FILE_ONLY___ ═
2022-11-02 09:00:54,608 INFO     ___FILE_ONLY___ ╝

2022-11-02 09:00:54,760 INFO     ___FILE_ONLY___ ╔════════════════════════════════════════════════════════════╗

2022-11-02 09:00:54,760 INFO     ___FILE_ONLY___ ╠═ Uninstalling: gke-gcloud-auth-plugin                     ═╣

2022-11-02 09:00:54,760 INFO     ___FILE_ONLY___ ╚
2022-11-02 09:00:54,761 INFO     ___FILE_ONLY___ ════════════════════════════════════════════════════════════
2022-11-02 09:00:54,762 INFO     ___FILE_ONLY___ ╝

2022-11-02 09:00:54,772 INFO     ___FILE_ONLY___ ╔════════════════════════════════════════════════════════════╗

2022-11-02 09:00:54,772 INFO     ___FILE_ONLY___ ╠═ Uninstalling: kubectl                                    ═╣

2022-11-02 09:00:54,772 INFO     ___FILE_ONLY___ ╚
2022-11-02 09:00:54,775 INFO     ___FILE_ONLY___ ════════
2022-11-02 09:00:54,777 INFO     ___FILE_ONLY___ ═════════
2022-11-02 09:00:54,779 INFO     ___FILE_ONLY___ ════════
2022-11-02 09:00:54,783 INFO     ___FILE_ONLY___ ═════════
2022-11-02 09:00:54,786 INFO     ___FILE_ONLY___ ════════
2022-11-02 09:00:54,791 INFO     ___FILE_ONLY___ ═════════
2022-11-02 09:00:54,795 INFO     ___FILE_ONLY___ ═════════
2022-11-02 09:00:54,795 INFO     ___FILE_ONLY___ ╝

2022-11-02 09:00:54,811 INFO     ___FILE_ONLY___ ╔════════════════════════════════════════════════════════════╗

2022-11-02 09:00:54,811 INFO     ___FILE_ONLY___ ╠═ Uninstalling: kubectl                                    ═╣

2022-11-02 09:00:54,811 INFO     ___FILE_ONLY___ ╚
2022-11-02 09:00:54,812 INFO     ___FILE_ONLY___ ════════════════════════════════════════════════════════════
2022-11-02 09:00:54,812 INFO     ___FILE_ONLY___ ╝

2022-11-02 09:00:54,823 INFO     ___FILE_ONLY___ ╔════════════════════════════════════════════════════════════╗

2022-11-02 09:00:54,823 INFO     ___FILE_ONLY___ ╠═ Installing: BigQuery Command Line Tool                   ═╣

2022-11-02 09:00:54,823 INFO     ___FILE_ONLY___ ╚
2022-11-02 09:00:54,842 DEBUG    urllib3.connectionpool Starting new HTTPS connection (1): dl.google.com:443
2022-11-02 09:00:54,925 DEBUG    urllib3.connectionpool https://dl.google.com:443 "GET /dl/cloudsdk/channels/rapid/components/google-cloud-sdk-bq-20221028134157.tar.gz HTTP/1.1" 200 1689637
2022-11-02 09:00:55,124 INFO     ___FILE_ONLY___ ═
2022-11-02 09:00:55,125 INFO     ___FILE_ONLY___ ═
2022-11-02 09:00:55,125 INFO     ___FILE_ONLY___ ═
2022-11-02 09:00:55,125 INFO     ___FILE_ONLY___ ═
2022-11-02 09:00:55,126 INFO     ___FILE_ONLY___ ═
2022-11-02 09:00:55,126 INFO     ___FILE_ONLY___ ═
2022-11-02 09:00:55,126 INFO     ___FILE_ONLY___ ═
2022-11-02 09:00:55,127 INFO     ___FILE_ONLY___ ═
2022-11-02 09:00:55,127 INFO     ___FILE_ONLY___ ═
2022-11-02 09:00:55,127 INFO     ___FILE_ONLY___ ═
2022-11-02 09:00:55,128 INFO     ___FILE_ONLY___ ═
2022-11-02 09:00:55,128 INFO     ___FILE_ONLY___ ═
2022-11-02 09:00:55,128 INFO     ___FILE_ONLY___ ═
2022-11-02 09:00:55,129 INFO     ___FILE_ONLY___ ═
2022-11-02 09:00:55,129 INFO     ___FILE_ONLY___ ═
2022-11-02 09:00:55,130 INFO     ___FILE_ONLY___ ═
2022-11-02 09:00:55,130 INFO     ___FILE_ONLY___ ═
2022-11-02 09:00:55,130 INFO     ___FILE_ONLY___ ═
2022-11-02 09:00:55,131 INFO     ___FILE_ONLY___ ═
2022-11-02 09:00:55,131 INFO     ___FILE_ONLY___ ═
2022-11-02 09:00:55,131 INFO     ___FILE_ONLY___ ═
2022-11-02 09:00:55,131 INFO     ___FILE_ONLY___ ═
2022-11-02 09:00:55,132 INFO     ___FILE_ONLY___ ═
2022-11-02 09:00:55,132 INFO     ___FILE_ONLY___ ═
2022-11-02 09:00:55,132 INFO     ___FILE_ONLY___ ═
2022-11-02 09:00:55,133 INFO     ___FILE_ONLY___ ═
2022-11-02 09:00:55,133 INFO     ___FILE_ONLY___ ═
2022-11-02 09:00:55,133 INFO     ___FILE_ONLY___ ═
2022-11-02 09:00:55,133 INFO     ___FILE_ONLY___ ═
2022-11-02 09:00:55,134 INFO     ___FILE_ONLY___ ═
2022-11-02 09:00:55,280 INFO     ___FILE_ONLY___ ═
2022-11-02 09:00:55,287 INFO     ___FILE_ONLY___ ═
2022-11-02 09:00:55,293 INFO     ___FILE_ONLY___ ═
2022-11-02 09:00:55,303 INFO     ___FILE_ONLY___ ═
2022-11-02 09:00:55,309 INFO     ___FILE_ONLY___ ═
2022-11-02 09:00:55,315 INFO     ___FILE_ONLY___ ═
2022-11-02 09:00:55,320 INFO     ___FILE_ONLY___ ═
2022-11-02 09:00:55,325 INFO     ___FILE_ONLY___ ═
2022-11-02 09:00:55,330 INFO     ___FILE_ONLY___ ═
2022-11-02 09:00:55,336 INFO     ___FILE_ONLY___ ═
2022-11-02 09:00:55,341 INFO     ___FILE_ONLY___ ═
2022-11-02 09:00:55,349 INFO     ___FILE_ONLY___ ═
2022-11-02 09:00:55,355 INFO     ___FILE_ONLY___ ═
2022-11-02 09:00:55,362 INFO     ___FILE_ONLY___ ═
2022-11-02 09:00:55,369 INFO     ___FILE_ONLY___ ═
2022-11-02 09:00:55,374 INFO     ___FILE_ONLY___ ═
2022-11-02 09:00:55,379 INFO     ___FILE_ONLY___ ═
2022-11-02 09:00:55,384 INFO     ___FILE_ONLY___ ═
2022-11-02 09:00:55,390 INFO     ___FILE_ONLY___ ═
2022-11-02 09:00:55,396 INFO     ___FILE_ONLY___ ═
2022-11-02 09:00:55,403 INFO     ___FILE_ONLY___ ═
2022-11-02 09:00:55,408 INFO     ___FILE_ONLY___ ═
2022-11-02 09:00:55,413 INFO     ___FILE_ONLY___ ═
2022-11-02 09:00:55,421 INFO     ___FILE_ONLY___ ═
2022-11-02 09:00:55,435 INFO     ___FILE_ONLY___ ═
2022-11-02 09:00:55,443 INFO     ___FILE_ONLY___ ═
2022-11-02 09:00:55,480 INFO     ___FILE_ONLY___ ═
2022-11-02 09:00:55,495 INFO     ___FILE_ONLY___ ═
2022-11-02 09:00:55,502 INFO     ___FILE_ONLY___ ═
2022-11-02 09:00:55,508 INFO     ___FILE_ONLY___ ═
2022-11-02 09:00:55,508 INFO     ___FILE_ONLY___ ╝

2022-11-02 09:00:55,529 INFO     ___FILE_ONLY___ ╔════════════════════════════════════════════════════════════╗

2022-11-02 09:00:55,530 INFO     ___FILE_ONLY___ ╠═ Installing: BigQuery Command Line Tool (Platform Spec... ═╣

2022-11-02 09:00:55,531 INFO     ___FILE_ONLY___ ╚
2022-11-02 09:00:55,535 DEBUG    urllib3.connectionpool Starting new HTTPS connection (1): dl.google.com:443
2022-11-02 09:00:55,640 DEBUG    urllib3.connectionpool https://dl.google.com:443 "GET /dl/cloudsdk/channels/rapid/components/google-cloud-sdk-bq-nix-20220920185015.tar.gz HTTP/1.1" 200 1837
2022-11-02 09:00:55,641 INFO     ___FILE_ONLY___ ══════════════════════════════
2022-11-02 09:00:55,643 INFO     ___FILE_ONLY___ ══════════════════════════════
2022-11-02 09:00:55,643 INFO     ___FILE_ONLY___ ╝

2022-11-02 09:00:55,666 INFO     ___FILE_ONLY___ ╔════════════════════════════════════════════════════════════╗

2022-11-02 09:00:55,666 INFO     ___FILE_ONLY___ ╠═ Installing: Cloud Storage Command Line Tool              ═╣

2022-11-02 09:00:55,666 INFO     ___FILE_ONLY___ ╚
2022-11-02 09:00:55,670 DEBUG    urllib3.connectionpool Starting new HTTPS connection (1): dl.google.com:443
2022-11-02 09:00:55,775 DEBUG    urllib3.connectionpool https://dl.google.com:443 "GET /dl/cloudsdk/channels/rapid/components/google-cloud-sdk-gsutil-20221028134157.tar.gz HTTP/1.1" 200 16295859
2022-11-02 09:00:57,448 INFO     ___FILE_ONLY___ ═
2022-11-02 09:00:57,450 INFO     ___FILE_ONLY___ ═
2022-11-02 09:00:57,452 INFO     ___FILE_ONLY___ ═
2022-11-02 09:00:57,453 INFO     ___FILE_ONLY___ ═
2022-11-02 09:00:57,455 INFO     ___FILE_ONLY___ ═
2022-11-02 09:00:57,457 INFO     ___FILE_ONLY___ ═
2022-11-02 09:00:57,458 INFO     ___FILE_ONLY___ ═
2022-11-02 09:00:57,460 INFO     ___FILE_ONLY___ ═
2022-11-02 09:00:57,461 INFO     ___FILE_ONLY___ ═
2022-11-02 09:00:57,462 INFO     ___FILE_ONLY___ ═
2022-11-02 09:00:57,464 INFO     ___FILE_ONLY___ ═
2022-11-02 09:00:57,465 INFO     ___FILE_ONLY___ ═
2022-11-02 09:00:57,467 INFO     ___FILE_ONLY___ ═
2022-11-02 09:00:57,468 INFO     ___FILE_ONLY___ ═
2022-11-02 09:00:57,469 INFO     ___FILE_ONLY___ ═
2022-11-02 09:00:57,470 INFO     ___FILE_ONLY___ ═
2022-11-02 09:00:57,472 INFO     ___FILE_ONLY___ ═
2022-11-02 09:00:57,473 INFO     ___FILE_ONLY___ ═
2022-11-02 09:00:57,475 INFO     ___FILE_ONLY___ ═
2022-11-02 09:00:57,476 INFO     ___FILE_ONLY___ ═
2022-11-02 09:00:57,478 INFO     ___FILE_ONLY___ ═
2022-11-02 09:00:57,480 INFO     ___FILE_ONLY___ ═
2022-11-02 09:00:57,482 INFO     ___FILE_ONLY___ ═
2022-11-02 09:00:57,484 INFO     ___FILE_ONLY___ ═
2022-11-02 09:00:57,485 INFO     ___FILE_ONLY___ ═
2022-11-02 09:00:57,486 INFO     ___FILE_ONLY___ ═
2022-11-02 09:00:57,488 INFO     ___FILE_ONLY___ ═
2022-11-02 09:00:57,489 INFO     ___FILE_ONLY___ ═
2022-11-02 09:00:57,491 INFO     ___FILE_ONLY___ ═
2022-11-02 09:00:57,492 INFO     ___FILE_ONLY___ ═
2022-11-02 09:00:59,125 INFO     ___FILE_ONLY___ ═
2022-11-02 09:00:59,336 INFO     ___FILE_ONLY___ ═
2022-11-02 09:00:59,459 INFO     ___FILE_ONLY___ ═
2022-11-02 09:00:59,584 INFO     ___FILE_ONLY___ ═
2022-11-02 09:00:59,718 INFO     ___FILE_ONLY___ ═
2022-11-02 09:00:59,787 INFO     ___FILE_ONLY___ ═
2022-11-02 09:00:59,872 INFO     ___FILE_ONLY___ ═
2022-11-02 09:00:59,941 INFO     ___FILE_ONLY___ ═
2022-11-02 09:01:00,016 INFO     ___FILE_ONLY___ ═
2022-11-02 09:01:00,121 INFO     ___FILE_ONLY___ ═
2022-11-02 09:01:00,255 INFO     ___FILE_ONLY___ ═
2022-11-02 09:01:00,373 INFO     ___FILE_ONLY___ ═
2022-11-02 09:01:00,447 INFO     ___FILE_ONLY___ ═
2022-11-02 09:01:00,520 INFO     ___FILE_ONLY___ ═
2022-11-02 09:01:00,581 INFO     ___FILE_ONLY___ ═
2022-11-02 09:01:00,636 INFO     ___FILE_ONLY___ ═
2022-11-02 09:01:00,699 INFO     ___FILE_ONLY___ ═
2022-11-02 09:01:00,764 INFO     ___FILE_ONLY___ ═
2022-11-02 09:01:00,831 INFO     ___FILE_ONLY___ ═
2022-11-02 09:01:00,889 INFO     ___FILE_ONLY___ ═
2022-11-02 09:01:00,951 INFO     ___FILE_ONLY___ ═
2022-11-02 09:01:01,008 INFO     ___FILE_ONLY___ ═
2022-11-02 09:01:01,072 INFO     ___FILE_ONLY___ ═
2022-11-02 09:01:01,129 INFO     ___FILE_ONLY___ ═
2022-11-02 09:01:01,189 INFO     ___FILE_ONLY___ ═
2022-11-02 09:01:01,249 INFO     ___FILE_ONLY___ ═
2022-11-02 09:01:01,302 INFO     ___FILE_ONLY___ ═
2022-11-02 09:01:01,369 INFO     ___FILE_ONLY___ ═
2022-11-02 09:01:01,415 INFO     ___FILE_ONLY___ ═
2022-11-02 09:01:01,480 INFO     ___FILE_ONLY___ ═
2022-11-02 09:01:01,480 INFO     ___FILE_ONLY___ ╝

2022-11-02 09:01:01,569 INFO     ___FILE_ONLY___ ╔════════════════════════════════════════════════════════════╗

2022-11-02 09:01:01,570 INFO     ___FILE_ONLY___ ╠═ Installing: Cloud Storage Command Line Tool (Platform... ═╣

2022-11-02 09:01:01,570 INFO     ___FILE_ONLY___ ╚
2022-11-02 09:01:01,574 DEBUG    urllib3.connectionpool Starting new HTTPS connection (1): dl.google.com:443
2022-11-02 09:01:01,680 DEBUG    urllib3.connectionpool https://dl.google.com:443 "GET /dl/cloudsdk/channels/rapid/components/google-cloud-sdk-gsutil-nix-20220920185015.tar.gz HTTP/1.1" 200 1851
2022-11-02 09:01:01,681 INFO     ___FILE_ONLY___ ══════════════════════════════
2022-11-02 09:01:01,683 INFO     ___FILE_ONLY___ ══════════════════════════════
2022-11-02 09:01:01,683 INFO     ___FILE_ONLY___ ╝

2022-11-02 09:01:01,701 INFO     ___FILE_ONLY___ ╔════════════════════════════════════════════════════════════╗

2022-11-02 09:01:01,702 INFO     ___FILE_ONLY___ ╠═ Installing: Google Cloud CLI Core Libraries              ═╣

2022-11-02 09:01:01,702 INFO     ___FILE_ONLY___ ╚
2022-11-02 09:01:01,706 DEBUG    urllib3.connectionpool Starting new HTTPS connection (1): dl.google.com:443
2022-11-02 09:01:01,809 DEBUG    urllib3.connectionpool https://dl.google.com:443 "GET /dl/cloudsdk/channels/rapid/components/google-cloud-sdk-core-20221028134157.tar.gz HTTP/1.1" 200 26335424
2022-11-02 09:01:04,214 INFO     ___FILE_ONLY___ ═
2022-11-02 09:01:04,216 INFO     ___FILE_ONLY___ ═
2022-11-02 09:01:04,217 INFO     ___FILE_ONLY___ ═
2022-11-02 09:01:04,218 INFO     ___FILE_ONLY___ ═
2022-11-02 09:01:04,219 INFO     ___FILE_ONLY___ ═
2022-11-02 09:01:04,220 INFO     ___FILE_ONLY___ ═
2022-11-02 09:01:04,221 INFO     ___FILE_ONLY___ ═
2022-11-02 09:01:04,222 INFO     ___FILE_ONLY___ ═
2022-11-02 09:01:04,223 INFO     ___FILE_ONLY___ ═
2022-11-02 09:01:04,225 INFO     ___FILE_ONLY___ ═
2022-11-02 09:01:04,226 INFO     ___FILE_ONLY___ ═
2022-11-02 09:01:04,227 INFO     ___FILE_ONLY___ ═
2022-11-02 09:01:04,229 INFO     ___FILE_ONLY___ ═
2022-11-02 09:01:04,230 INFO     ___FILE_ONLY___ ═
2022-11-02 09:01:04,231 INFO     ___FILE_ONLY___ ═
2022-11-02 09:01:04,233 INFO     ___FILE_ONLY___ ═
2022-11-02 09:01:04,234 INFO     ___FILE_ONLY___ ═
2022-11-02 09:01:04,235 INFO     ___FILE_ONLY___ ═
2022-11-02 09:01:04,237 INFO     ___FILE_ONLY___ ═
2022-11-02 09:01:04,238 INFO     ___FILE_ONLY___ ═
2022-11-02 09:01:04,239 INFO     ___FILE_ONLY___ ═
2022-11-02 09:01:04,240 INFO     ___FILE_ONLY___ ═
2022-11-02 09:01:04,241 INFO     ___FILE_ONLY___ ═
2022-11-02 09:01:04,242 INFO     ___FILE_ONLY___ ═
2022-11-02 09:01:04,243 INFO     ___FILE_ONLY___ ═
2022-11-02 09:01:04,245 INFO     ___FILE_ONLY___ ═
2022-11-02 09:01:04,247 INFO     ___FILE_ONLY___ ═
2022-11-02 09:01:04,249 INFO     ___FILE_ONLY___ ═
2022-11-02 09:01:04,251 INFO     ___FILE_ONLY___ ═
2022-11-02 09:01:04,253 INFO     ___FILE_ONLY___ ═
2022-11-02 09:01:06,287 INFO     ___FILE_ONLY___ ═
2022-11-02 09:01:06,373 INFO     ___FILE_ONLY___ ═
2022-11-02 09:01:06,458 INFO     ___FILE_ONLY___ ═
2022-11-02 09:01:06,563 INFO     ___FILE_ONLY___ ═
2022-11-02 09:01:06,650 INFO     ___FILE_ONLY___ ═
2022-11-02 09:01:06,734 INFO     ___FILE_ONLY___ ═
2022-11-02 09:01:06,856 INFO     ___FILE_ONLY___ ═
2022-11-02 09:01:06,981 INFO     ___FILE_ONLY___ ═
2022-11-02 09:01:07,150 INFO     ___FILE_ONLY___ ═
2022-11-02 09:01:07,404 INFO     ___FILE_ONLY___ ═
2022-11-02 09:01:07,586 INFO     ___FILE_ONLY___ ═
2022-11-02 09:01:07,754 INFO     ___FILE_ONLY___ ═
2022-11-02 09:01:07,875 INFO     ___FILE_ONLY___ ═
2022-11-02 09:01:07,958 INFO     ___FILE_ONLY___ ═
2022-11-02 09:01:08,038 INFO     ___FILE_ONLY___ ═
2022-11-02 09:01:08,127 INFO     ___FILE_ONLY___ ═
2022-11-02 09:01:08,213 INFO     ___FILE_ONLY___ ═
2022-11-02 09:01:08,299 INFO     ___FILE_ONLY___ ═
2022-11-02 09:01:08,378 INFO     ___FILE_ONLY___ ═
2022-11-02 09:01:08,458 INFO     ___FILE_ONLY___ ═
2022-11-02 09:01:08,555 INFO     ___FILE_ONLY___ ═
2022-11-02 09:01:08,635 INFO     ___FILE_ONLY___ ═
2022-11-02 09:01:08,714 INFO     ___FILE_ONLY___ ═
2022-11-02 09:01:08,795 INFO     ___FILE_ONLY___ ═
2022-11-02 09:01:08,890 INFO     ___FILE_ONLY___ ═
2022-11-02 09:01:08,973 INFO     ___FILE_ONLY___ ═
2022-11-02 09:01:09,064 INFO     ___FILE_ONLY___ ═
2022-11-02 09:01:09,163 INFO     ___FILE_ONLY___ ═
2022-11-02 09:01:09,254 INFO     ___FILE_ONLY___ ═
2022-11-02 09:01:09,354 INFO     ___FILE_ONLY___ ═
2022-11-02 09:01:09,354 INFO     ___FILE_ONLY___ ╝

2022-11-02 09:01:09,469 INFO     ___FILE_ONLY___ ╔════════════════════════════════════════════════════════════╗

2022-11-02 09:01:09,470 INFO     ___FILE_ONLY___ ╠═ Installing: Google Cloud CLI Core Libraries (Platform... ═╣

2022-11-02 09:01:09,470 INFO     ___FILE_ONLY___ ╚
2022-11-02 09:01:09,474 DEBUG    urllib3.connectionpool Starting new HTTPS connection (1): dl.google.com:443
2022-11-02 09:01:09,572 DEBUG    urllib3.connectionpool https://dl.google.com:443 "GET /dl/cloudsdk/channels/rapid/components/google-cloud-sdk-core-nix-20220920185015.tar.gz HTTP/1.1" 200 2221
2022-11-02 09:01:09,573 INFO     ___FILE_ONLY___ ══════════════════════════════
2022-11-02 09:01:09,575 INFO     ___FILE_ONLY___ ═══════════════
2022-11-02 09:01:09,575 INFO     ___FILE_ONLY___ ═══════════════
2022-11-02 09:01:09,575 INFO     ___FILE_ONLY___ ╝

2022-11-02 09:01:09,592 INFO     ___FILE_ONLY___ ╔════════════════════════════════════════════════════════════╗

2022-11-02 09:01:09,593 INFO     ___FILE_ONLY___ ╠═ Installing: Minikube                                     ═╣

2022-11-02 09:01:09,593 INFO     ___FILE_ONLY___ ╚
2022-11-02 09:01:09,599 DEBUG    urllib3.connectionpool Starting new HTTPS connection (1): dl.google.com:443
2022-11-02 09:01:09,733 DEBUG    urllib3.connectionpool https://dl.google.com:443 "GET /dl/cloudsdk/channels/rapid/components/google-cloud-sdk-minikube-darwin-x86_64-20220923141408.tar.gz HTTP/1.1" 200 32365761
2022-11-02 09:01:12,624 INFO     ___FILE_ONLY___ ═
2022-11-02 09:01:12,626 INFO     ___FILE_ONLY___ ═
2022-11-02 09:01:12,627 INFO     ___FILE_ONLY___ ═
2022-11-02 09:01:12,629 INFO     ___FILE_ONLY___ ═
2022-11-02 09:01:12,630 INFO     ___FILE_ONLY___ ═
2022-11-02 09:01:12,632 INFO     ___FILE_ONLY___ ═
2022-11-02 09:01:12,633 INFO     ___FILE_ONLY___ ═
2022-11-02 09:01:12,635 INFO     ___FILE_ONLY___ ═
2022-11-02 09:01:12,636 INFO     ___FILE_ONLY___ ═
2022-11-02 09:01:12,638 INFO     ___FILE_ONLY___ ═
2022-11-02 09:01:12,639 INFO     ___FILE_ONLY___ ═
2022-11-02 09:01:12,640 INFO     ___FILE_ONLY___ ═
2022-11-02 09:01:12,642 INFO     ___FILE_ONLY___ ═
2022-11-02 09:01:12,643 INFO     ___FILE_ONLY___ ═
2022-11-02 09:01:12,645 INFO     ___FILE_ONLY___ ═
2022-11-02 09:01:12,648 INFO     ___FILE_ONLY___ ═
2022-11-02 09:01:12,650 INFO     ___FILE_ONLY___ ═
2022-11-02 09:01:12,652 INFO     ___FILE_ONLY___ ═
2022-11-02 09:01:12,654 INFO     ___FILE_ONLY___ ═
2022-11-02 09:01:12,656 INFO     ___FILE_ONLY___ ═
2022-11-02 09:01:12,658 INFO     ___FILE_ONLY___ ═
2022-11-02 09:01:12,659 INFO     ___FILE_ONLY___ ═
2022-11-02 09:01:12,660 INFO     ___FILE_ONLY___ ═
2022-11-02 09:01:12,662 INFO     ___FILE_ONLY___ ═
2022-11-02 09:01:12,663 INFO     ___FILE_ONLY___ ═
2022-11-02 09:01:12,664 INFO     ___FILE_ONLY___ ═
2022-11-02 09:01:12,666 INFO     ___FILE_ONLY___ ═
2022-11-02 09:01:12,667 INFO     ___FILE_ONLY___ ═
2022-11-02 09:01:12,668 INFO     ___FILE_ONLY___ ═
2022-11-02 09:01:12,670 INFO     ___FILE_ONLY___ ═
2022-11-02 09:01:13,376 INFO     ___FILE_ONLY___ ══════════════════════════════
2022-11-02 09:01:13,376 INFO     ___FILE_ONLY___ ╝

2022-11-02 09:01:13,420 INFO     ___FILE_ONLY___ ╔════════════════════════════════════════════════════════════╗

2022-11-02 09:01:13,421 INFO     ___FILE_ONLY___ ╠═ Installing: Skaffold                                     ═╣

2022-11-02 09:01:13,421 INFO     ___FILE_ONLY___ ╚
2022-11-02 09:01:13,425 DEBUG    urllib3.connectionpool Starting new HTTPS connection (1): dl.google.com:443
2022-11-02 09:01:13,547 DEBUG    urllib3.connectionpool https://dl.google.com:443 "GET /dl/cloudsdk/channels/rapid/components/google-cloud-sdk-skaffold-darwin-x86_64-20221017194419.tar.gz HTTP/1.1" 200 22301645
2022-11-02 09:01:17,043 INFO     ___FILE_ONLY___ ═
2022-11-02 09:01:17,044 INFO     ___FILE_ONLY___ ═
2022-11-02 09:01:17,045 INFO     ___FILE_ONLY___ ═
2022-11-02 09:01:17,046 INFO     ___FILE_ONLY___ ═
2022-11-02 09:01:17,047 INFO     ___FILE_ONLY___ ═
2022-11-02 09:01:17,048 INFO     ___FILE_ONLY___ ═
2022-11-02 09:01:17,049 INFO     ___FILE_ONLY___ ═
2022-11-02 09:01:17,050 INFO     ___FILE_ONLY___ ═
2022-11-02 09:01:17,051 INFO     ___FILE_ONLY___ ═
2022-11-02 09:01:17,052 INFO     ___FILE_ONLY___ ═
2022-11-02 09:01:17,053 INFO     ___FILE_ONLY___ ═
2022-11-02 09:01:17,054 INFO     ___FILE_ONLY___ ═
2022-11-02 09:01:17,055 INFO     ___FILE_ONLY___ ═
2022-11-02 09:01:17,056 INFO     ___FILE_ONLY___ ═
2022-11-02 09:01:17,057 INFO     ___FILE_ONLY___ ═
2022-11-02 09:01:17,058 INFO     ___FILE_ONLY___ ═
2022-11-02 09:01:17,058 INFO     ___FILE_ONLY___ ═
2022-11-02 09:01:17,059 INFO     ___FILE_ONLY___ ═
2022-11-02 09:01:17,060 INFO     ___FILE_ONLY___ ═
2022-11-02 09:01:17,061 INFO     ___FILE_ONLY___ ═
2022-11-02 09:01:17,062 INFO     ___FILE_ONLY___ ═
2022-11-02 09:01:17,063 INFO     ___FILE_ONLY___ ═
2022-11-02 09:01:17,064 INFO     ___FILE_ONLY___ ═
2022-11-02 09:01:17,065 INFO     ___FILE_ONLY___ ═
2022-11-02 09:01:17,066 INFO     ___FILE_ONLY___ ═
2022-11-02 09:01:17,066 INFO     ___FILE_ONLY___ ═
2022-11-02 09:01:17,067 INFO     ___FILE_ONLY___ ═
2022-11-02 09:01:17,068 INFO     ___FILE_ONLY___ ═
2022-11-02 09:01:17,069 INFO     ___FILE_ONLY___ ═
2022-11-02 09:01:17,070 INFO     ___FILE_ONLY___ ═
2022-11-02 09:01:17,719 INFO     ___FILE_ONLY___ ══════════════════════════════
2022-11-02 09:01:17,719 INFO     ___FILE_ONLY___ ╝

2022-11-02 09:01:17,736 INFO     ___FILE_ONLY___ ╔════════════════════════════════════════════════════════════╗

2022-11-02 09:01:17,737 INFO     ___FILE_ONLY___ ╠═ Installing: anthoscli                                    ═╣

2022-11-02 09:01:17,737 INFO     ___FILE_ONLY___ ╚
2022-11-02 09:01:17,742 DEBUG    urllib3.connectionpool Starting new HTTPS connection (1): dl.google.com:443
2022-11-02 09:01:17,850 DEBUG    urllib3.connectionpool https://dl.google.com:443 "GET /dl/cloudsdk/channels/rapid/components/google-cloud-sdk-anthoscli-darwin-x86_64-20221017194419.tar.gz HTTP/1.1" 200 41268064
2022-11-02 09:01:21,616 INFO     ___FILE_ONLY___ ═
2022-11-02 09:01:21,617 INFO     ___FILE_ONLY___ ═
2022-11-02 09:01:21,619 INFO     ___FILE_ONLY___ ═
2022-11-02 09:01:21,621 INFO     ___FILE_ONLY___ ═
2022-11-02 09:01:21,622 INFO     ___FILE_ONLY___ ═
2022-11-02 09:01:21,624 INFO     ___FILE_ONLY___ ═
2022-11-02 09:01:21,626 INFO     ___FILE_ONLY___ ═
2022-11-02 09:01:21,627 INFO     ___FILE_ONLY___ ═
2022-11-02 09:01:21,629 INFO     ___FILE_ONLY___ ═
2022-11-02 09:01:21,631 INFO     ___FILE_ONLY___ ═
2022-11-02 09:01:21,632 INFO     ___FILE_ONLY___ ═
2022-11-02 09:01:21,634 INFO     ___FILE_ONLY___ ═
2022-11-02 09:01:21,636 INFO     ___FILE_ONLY___ ═
2022-11-02 09:01:21,637 INFO     ___FILE_ONLY___ ═
2022-11-02 09:01:21,639 INFO     ___FILE_ONLY___ ═
2022-11-02 09:01:21,640 INFO     ___FILE_ONLY___ ═
2022-11-02 09:01:21,642 INFO     ___FILE_ONLY___ ═
2022-11-02 09:01:21,644 INFO     ___FILE_ONLY___ ═
2022-11-02 09:01:21,646 INFO     ___FILE_ONLY___ ═
2022-11-02 09:01:21,649 INFO     ___FILE_ONLY___ ═
2022-11-02 09:01:21,651 INFO     ___FILE_ONLY___ ═
2022-11-02 09:01:21,654 INFO     ___FILE_ONLY___ ═
2022-11-02 09:01:21,657 INFO     ___FILE_ONLY___ ═
2022-11-02 09:01:21,658 INFO     ___FILE_ONLY___ ═
2022-11-02 09:01:21,660 INFO     ___FILE_ONLY___ ═
2022-11-02 09:01:21,662 INFO     ___FILE_ONLY___ ═
2022-11-02 09:01:21,664 INFO     ___FILE_ONLY___ ═
2022-11-02 09:01:21,665 INFO     ___FILE_ONLY___ ═
2022-11-02 09:01:21,667 INFO     ___FILE_ONLY___ ═
2022-11-02 09:01:21,668 INFO     ___FILE_ONLY___ ═
2022-11-02 09:01:22,556 INFO     ___FILE_ONLY___ ══════════
2022-11-02 09:01:22,558 INFO     ___FILE_ONLY___ ═════════
2022-11-02 09:01:22,573 INFO     ___FILE_ONLY___ ═══════════
2022-11-02 09:01:22,573 INFO     ___FILE_ONLY___ ╝

2022-11-02 09:01:22,591 INFO     ___FILE_ONLY___ ╔════════════════════════════════════════════════════════════╗

2022-11-02 09:01:22,592 INFO     ___FILE_ONLY___ ╠═ Installing: gcloud Beta Commands                         ═╣

2022-11-02 09:01:22,592 INFO     ___FILE_ONLY___ ╚
2022-11-02 09:01:22,596 DEBUG    urllib3.connectionpool Starting new HTTPS connection (1): dl.google.com:443
2022-11-02 09:01:22,692 DEBUG    urllib3.connectionpool https://dl.google.com:443 "GET /dl/cloudsdk/channels/rapid/components/google-cloud-sdk-beta-20221028134157.tar.gz HTTP/1.1" 200 797
2022-11-02 09:01:22,694 INFO     ___FILE_ONLY___ ══════════════════════════════
2022-11-02 09:01:22,695 INFO     ___FILE_ONLY___ ══════════════════════════════
2022-11-02 09:01:22,695 INFO     ___FILE_ONLY___ ╝

2022-11-02 09:01:22,717 INFO     ___FILE_ONLY___ ╔════════════════════════════════════════════════════════════╗

2022-11-02 09:01:22,718 INFO     ___FILE_ONLY___ ╠═ Installing: gcloud cli dependencies                      ═╣

2022-11-02 09:01:22,718 INFO     ___FILE_ONLY___ ╚
2022-11-02 09:01:22,723 DEBUG    urllib3.connectionpool Starting new HTTPS connection (1): dl.google.com:443
2022-11-02 09:01:22,828 DEBUG    urllib3.connectionpool https://dl.google.com:443 "GET /dl/cloudsdk/channels/rapid/components/google-cloud-sdk-gcloud-deps-20221028134157.tar.gz HTTP/1.1" 200 11806585
2022-11-02 09:01:23,925 INFO     ___FILE_ONLY___ ═
2022-11-02 09:01:23,926 INFO     ___FILE_ONLY___ ═
2022-11-02 09:01:23,926 INFO     ___FILE_ONLY___ ═
2022-11-02 09:01:23,927 INFO     ___FILE_ONLY___ ═
2022-11-02 09:01:23,928 INFO     ___FILE_ONLY___ ═
2022-11-02 09:01:23,928 INFO     ___FILE_ONLY___ ═
2022-11-02 09:01:23,929 INFO     ___FILE_ONLY___ ═
2022-11-02 09:01:23,929 INFO     ___FILE_ONLY___ ═
2022-11-02 09:01:23,930 INFO     ___FILE_ONLY___ ═
2022-11-02 09:01:23,930 INFO     ___FILE_ONLY___ ═
2022-11-02 09:01:23,931 INFO     ___FILE_ONLY___ ═
2022-11-02 09:01:23,931 INFO     ___FILE_ONLY___ ═
2022-11-02 09:01:23,932 INFO     ___FILE_ONLY___ ═
2022-11-02 09:01:23,933 INFO     ___FILE_ONLY___ ═
2022-11-02 09:01:23,933 INFO     ___FILE_ONLY___ ═
2022-11-02 09:01:23,934 INFO     ___FILE_ONLY___ ═
2022-11-02 09:01:23,934 INFO     ___FILE_ONLY___ ═
2022-11-02 09:01:23,935 INFO     ___FILE_ONLY___ ═
2022-11-02 09:01:23,935 INFO     ___FILE_ONLY___ ═
2022-11-02 09:01:23,936 INFO     ___FILE_ONLY___ ═
2022-11-02 09:01:23,936 INFO     ___FILE_ONLY___ ═
2022-11-02 09:01:23,937 INFO     ___FILE_ONLY___ ═
2022-11-02 09:01:23,938 INFO     ___FILE_ONLY___ ═
2022-11-02 09:01:23,938 INFO     ___FILE_ONLY___ ═
2022-11-02 09:01:23,939 INFO     ___FILE_ONLY___ ═
2022-11-02 09:01:23,939 INFO     ___FILE_ONLY___ ═
2022-11-02 09:01:23,940 INFO     ___FILE_ONLY___ ═
2022-11-02 09:01:23,941 INFO     ___FILE_ONLY___ ═
2022-11-02 09:01:23,941 INFO     ___FILE_ONLY___ ═
2022-11-02 09:01:23,942 INFO     ___FILE_ONLY___ ═
2022-11-02 09:01:24,644 INFO     ___FILE_ONLY___ ═
2022-11-02 09:01:24,711 INFO     ___FILE_ONLY___ ═
2022-11-02 09:01:24,791 INFO     ___FILE_ONLY___ ═
2022-11-02 09:01:24,859 INFO     ___FILE_ONLY___ ═
2022-11-02 09:01:24,923 INFO     ___FILE_ONLY___ ═
2022-11-02 09:01:24,988 INFO     ___FILE_ONLY___ ═
2022-11-02 09:01:25,026 INFO     ___FILE_ONLY___ ═
2022-11-02 09:01:25,059 INFO     ___FILE_ONLY___ ═
2022-11-02 09:01:25,093 INFO     ___FILE_ONLY___ ═
2022-11-02 09:01:25,129 INFO     ___FILE_ONLY___ ═
2022-11-02 09:01:25,177 INFO     ___FILE_ONLY___ ═
2022-11-02 09:01:25,209 INFO     ___FILE_ONLY___ ═
2022-11-02 09:01:25,240 INFO     ___FILE_ONLY___ ═
2022-11-02 09:01:25,275 INFO     ___FILE_ONLY___ ═
2022-11-02 09:01:25,306 INFO     ___FILE_ONLY___ ═
2022-11-02 09:01:25,347 INFO     ___FILE_ONLY___ ═
2022-11-02 09:01:25,381 INFO     ___FILE_ONLY___ ═
2022-11-02 09:01:25,419 INFO     ___FILE_ONLY___ ═
2022-11-02 09:01:25,463 INFO     ___FILE_ONLY___ ═
2022-11-02 09:01:25,501 INFO     ___FILE_ONLY___ ═
2022-11-02 09:01:25,536 INFO     ___FILE_ONLY___ ═
2022-11-02 09:01:25,569 INFO     ___FILE_ONLY___ ═
2022-11-02 09:01:25,599 INFO     ___FILE_ONLY___ ═
2022-11-02 09:01:25,626 INFO     ___FILE_ONLY___ ═
2022-11-02 09:01:25,655 INFO     ___FILE_ONLY___ ═
2022-11-02 09:01:25,683 INFO     ___FILE_ONLY___ ═
2022-11-02 09:01:25,718 INFO     ___FILE_ONLY___ ═
2022-11-02 09:01:25,756 INFO     ___FILE_ONLY___ ═
2022-11-02 09:01:25,793 INFO     ___FILE_ONLY___ ═
2022-11-02 09:01:25,829 INFO     ___FILE_ONLY___ ═
2022-11-02 09:01:25,829 INFO     ___FILE_ONLY___ ╝

2022-11-02 09:01:25,879 INFO     ___FILE_ONLY___ ╔════════════════════════════════════════════════════════════╗

2022-11-02 09:01:25,880 INFO     ___FILE_ONLY___ ╠═ Installing: gke-gcloud-auth-plugin                       ═╣

2022-11-02 09:01:25,880 INFO     ___FILE_ONLY___ ╚
2022-11-02 09:01:25,885 DEBUG    urllib3.connectionpool Starting new HTTPS connection (1): dl.google.com:443
2022-11-02 09:01:26,032 DEBUG    urllib3.connectionpool https://dl.google.com:443 "GET /dl/cloudsdk/channels/rapid/components/google-cloud-sdk-gke-gcloud-auth-plugin-darwin-x86_64-20221014224505.tar.gz HTTP/1.1" 200 7825303
2022-11-02 09:01:26,780 INFO     ___FILE_ONLY___ ═
2022-11-02 09:01:26,781 INFO     ___FILE_ONLY___ ═
2022-11-02 09:01:26,781 INFO     ___FILE_ONLY___ ═
2022-11-02 09:01:26,781 INFO     ___FILE_ONLY___ ═
2022-11-02 09:01:26,782 INFO     ___FILE_ONLY___ ═
2022-11-02 09:01:26,782 INFO     ___FILE_ONLY___ ═
2022-11-02 09:01:26,783 INFO     ___FILE_ONLY___ ═
2022-11-02 09:01:26,783 INFO     ___FILE_ONLY___ ═
2022-11-02 09:01:26,783 INFO     ___FILE_ONLY___ ═
2022-11-02 09:01:26,784 INFO     ___FILE_ONLY___ ═
2022-11-02 09:01:26,784 INFO     ___FILE_ONLY___ ═
2022-11-02 09:01:26,784 INFO     ___FILE_ONLY___ ═
2022-11-02 09:01:26,785 INFO     ___FILE_ONLY___ ═
2022-11-02 09:01:26,785 INFO     ___FILE_ONLY___ ═
2022-11-02 09:01:26,786 INFO     ___FILE_ONLY___ ═
2022-11-02 09:01:26,786 INFO     ___FILE_ONLY___ ═
2022-11-02 09:01:26,786 INFO     ___FILE_ONLY___ ═
2022-11-02 09:01:26,787 INFO     ___FILE_ONLY___ ═
2022-11-02 09:01:26,787 INFO     ___FILE_ONLY___ ═
2022-11-02 09:01:26,787 INFO     ___FILE_ONLY___ ═
2022-11-02 09:01:26,788 INFO     ___FILE_ONLY___ ═
2022-11-02 09:01:26,788 INFO     ___FILE_ONLY___ ═
2022-11-02 09:01:26,789 INFO     ___FILE_ONLY___ ═
2022-11-02 09:01:26,789 INFO     ___FILE_ONLY___ ═
2022-11-02 09:01:26,789 INFO     ___FILE_ONLY___ ═
2022-11-02 09:01:26,790 INFO     ___FILE_ONLY___ ═
2022-11-02 09:01:26,790 INFO     ___FILE_ONLY___ ═
2022-11-02 09:01:26,790 INFO     ___FILE_ONLY___ ═
2022-11-02 09:01:26,791 INFO     ___FILE_ONLY___ ═
2022-11-02 09:01:26,791 INFO     ___FILE_ONLY___ ═
2022-11-02 09:01:26,944 INFO     ___FILE_ONLY___ ══════════════════════════════
2022-11-02 09:01:26,944 INFO     ___FILE_ONLY___ ╝

2022-11-02 09:01:26,962 INFO     ___FILE_ONLY___ ╔════════════════════════════════════════════════════════════╗

2022-11-02 09:01:26,963 INFO     ___FILE_ONLY___ ╠═ Installing: kubectl                                      ═╣

2022-11-02 09:01:26,963 INFO     ___FILE_ONLY___ ╚
2022-11-02 09:01:26,968 DEBUG    urllib3.connectionpool Starting new HTTPS connection (1): dl.google.com:443
2022-11-02 09:01:27,086 DEBUG    urllib3.connectionpool https://dl.google.com:443 "GET /dl/cloudsdk/channels/rapid/components/google-cloud-sdk-kubectl-darwin-x86_64-20220923141408.tar.gz HTTP/1.1" 200 97570066
2022-11-02 09:01:36,035 INFO     ___FILE_ONLY___ ═
2022-11-02 09:01:36,039 INFO     ___FILE_ONLY___ ═
2022-11-02 09:01:36,043 INFO     ___FILE_ONLY___ ═
2022-11-02 09:01:36,049 INFO     ___FILE_ONLY___ ═
2022-11-02 09:01:36,056 INFO     ___FILE_ONLY___ ═
2022-11-02 09:01:36,060 INFO     ___FILE_ONLY___ ═
2022-11-02 09:01:36,064 INFO     ___FILE_ONLY___ ═
2022-11-02 09:01:36,067 INFO     ___FILE_ONLY___ ═
2022-11-02 09:01:36,071 INFO     ___FILE_ONLY___ ═
2022-11-02 09:01:36,075 INFO     ___FILE_ONLY___ ═
2022-11-02 09:01:36,079 INFO     ___FILE_ONLY___ ═
2022-11-02 09:01:36,083 INFO     ___FILE_ONLY___ ═
2022-11-02 09:01:36,087 INFO     ___FILE_ONLY___ ═
2022-11-02 09:01:36,090 INFO     ___FILE_ONLY___ ═
2022-11-02 09:01:36,094 INFO     ___FILE_ONLY___ ═
2022-11-02 09:01:36,100 INFO     ___FILE_ONLY___ ═
2022-11-02 09:01:36,106 INFO     ___FILE_ONLY___ ═
2022-11-02 09:01:36,110 INFO     ___FILE_ONLY___ ═
2022-11-02 09:01:36,114 INFO     ___FILE_ONLY___ ═
2022-11-02 09:01:36,118 INFO     ___FILE_ONLY___ ═
2022-11-02 09:01:36,122 INFO     ___FILE_ONLY___ ═
2022-11-02 09:01:36,126 INFO     ___FILE_ONLY___ ═
2022-11-02 09:01:36,130 INFO     ___FILE_ONLY___ ═
2022-11-02 09:01:36,134 INFO     ___FILE_ONLY___ ═
2022-11-02 09:01:36,138 INFO     ___FILE_ONLY___ ═
2022-11-02 09:01:36,142 INFO     ___FILE_ONLY___ ═
2022-11-02 09:01:36,147 INFO     ___FILE_ONLY___ ═
2022-11-02 09:01:36,153 INFO     ___FILE_ONLY___ ═
2022-11-02 09:01:36,158 INFO     ___FILE_ONLY___ ═
2022-11-02 09:01:36,162 INFO     ___FILE_ONLY___ ═
2022-11-02 09:01:37,761 INFO     ___FILE_ONLY___ ════
2022-11-02 09:01:37,996 INFO     ___FILE_ONLY___ ════
2022-11-02 09:01:38,269 INFO     ___FILE_ONLY___ ════
2022-11-02 09:01:38,549 INFO     ___FILE_ONLY___ ═════
2022-11-02 09:01:38,817 INFO     ___FILE_ONLY___ ════
2022-11-02 09:01:39,086 INFO     ___FILE_ONLY___ ════
2022-11-02 09:01:39,343 INFO     ___FILE_ONLY___ ═════
2022-11-02 09:01:39,343 INFO     ___FILE_ONLY___ ╝

2022-11-02 09:01:39,370 INFO     ___FILE_ONLY___ ╔════════════════════════════════════════════════════════════╗

2022-11-02 09:01:39,371 INFO     ___FILE_ONLY___ ╠═ Installing: kubectl                                      ═╣

2022-11-02 09:01:39,371 INFO     ___FILE_ONLY___ ╚
2022-11-02 09:01:39,376 DEBUG    urllib3.connectionpool Starting new HTTPS connection (1): dl.google.com:443
2022-11-02 09:01:39,490 DEBUG    urllib3.connectionpool https://dl.google.com:443 "GET /dl/cloudsdk/channels/rapid/components/google-cloud-sdk-kubectl-20221017194419.tar.gz HTTP/1.1" 200 48204
2022-11-02 09:01:39,512 INFO     ___FILE_ONLY___ ══════════
2022-11-02 09:01:39,512 INFO     ___FILE_ONLY___ ══════════
2022-11-02 09:01:39,512 INFO     ___FILE_ONLY___ ══════════
2022-11-02 09:01:39,516 INFO     ___FILE_ONLY___ ══════════════════════════════
2022-11-02 09:01:39,516 INFO     ___FILE_ONLY___ ╝

2022-11-02 09:01:39,530 INFO     ___FILE_ONLY___ ╔════════════════════════════════════════════════════════════╗

2022-11-02 09:01:39,532 INFO     ___FILE_ONLY___ ╠═ Creating backup and activating new installation          ═╣

2022-11-02 09:01:39,532 INFO     ___FILE_ONLY___ ╚
2022-11-02 09:01:39,533 DEBUG    root            Attempting to move directory [/Users/rodrigo.nascimento/Library/Application Support/cloud-code/installer/google-cloud-sdk] to [/Users/rodrigo.nascimento/Library/Application Support/cloud-code/installer/google-cloud-sdk.staging/.install/.backup]
2022-11-02 09:01:39,534 INFO     ___FILE_ONLY___ ══════════════════════════════
2022-11-02 09:01:39,534 DEBUG    root            Attempting to move directory [/Users/rodrigo.nascimento/Library/Application Support/cloud-code/installer/google-cloud-sdk.staging] to [/Users/rodrigo.nascimento/Library/Application Support/cloud-code/installer/google-cloud-sdk]
2022-11-02 09:01:39,534 INFO     ___FILE_ONLY___ ══════════════════════════════
2022-11-02 09:01:39,534 INFO     ___FILE_ONLY___ ╝

2022-11-02 09:01:39,539 DEBUG    root            Updating notification cache...
2022-11-02 09:01:39,541 INFO     ___FILE_ONLY___ 

2022-11-02 09:01:39,551 INFO     ___FILE_ONLY___ Performing post processing steps...
2022-11-02 09:01:39,553 DEBUG    root            Executing command: ['/Library/Developer/CommandLineTools/usr/bin/python3', '-S', '/Users/rodrigo.nascimento/Library/Application Support/cloud-code/installer/google-cloud-sdk/lib/gcloud.py', 'components', 'post-process']
2022-11-02 09:02:03,781 DEBUG    ___FILE_ONLY___ 
2022-11-02 09:02:03,782 DEBUG    ___FILE_ONLY___ 
2022-11-02 09:02:04,024 INFO     ___FILE_ONLY___ 
Update done!


2022-11-02 09:02:04,025 INFO     ___FILE_ONLY___ To revert your CLI to the previously installed version, you may run:
  $ gcloud components update --version 400.0.0


2022-11-02 09:02:04,034 WARNING  root              There are other instances of Google Cloud tools on your system PATH.
  Please remove the following to avoid confusion or accidental invocation:

  /usr/local/bin/kubectl

  
2022-11-02 09:02:04,042 INFO     root            Display format: "none"
